[{"arrivalTime":0,"deadline":918,"priority":"high","slices":[["CPU",210]]},{"arrivalTime":21774,"deadline":29161,"priority":"high","slices":[["CPU",1686]]},{"arrivalTime":43520,"deadline":199641,"priority":"low","slices":[["CPU",330],["IO",37],["CPU",1],["IO",1068],["CPU",1],["IO",1630],["CPU",1],["IO",31],["CPU",1],["IO",34],["CPU",1],["IO",33],["CPU",330],["IO",38],["CPU",330],["IO",29],["CPU",1],["IO",1056],["CPU",330],["IO",26],["CPU",1],["IO",37],["CPU",1],["IO",36],["CPU",330],["IO",28],["CPU",330],["IO",31],["CPU",330],["IO",24],["CPU",330],["IO",1083],["CPU",330],["IO",36],["CPU",1],["IO",39],["CPU",330],["IO",40],["CPU",1],["IO",1170],["CPU",330],["IO",1377],["CPU",1],["IO",1511],["CPU",330],["IO",1519],["CPU",1],["IO",30],["CPU",330],["IO",31],["CPU",1],["IO",25],["CPU",330],["IO",25],["CPU",1],["IO",34],["CPU",1],["IO",27],["CPU",1],["IO",34],["CPU",330],["IO",1270],["CPU",1],["IO",28],["CPU",1],["IO",1413],["CPU",330],["IO",30],["CPU",1],["IO",1300],["CPU",1],["IO",31],["CPU",330],["IO",26],["CPU",1],["IO",25],["CPU",330],["IO",25],["CPU",1],["IO",37],["CPU",330],["IO",1283],["CPU",330],["IO",40],["CPU",1],["IO",26],["CPU",1],["IO",1420],["CPU",1],["IO",1340],["CPU",330],["IO",33],["CPU",330],["IO",27],["CPU",1],["IO",30],["CPU",330],["IO",1284],["CPU",1],["IO",1125],["CPU",1],["IO",28],["CPU",1],["IO",30],["CPU",1],["IO",29],["CPU",330],["IO",38],["CPU",1],["IO",1438],["CPU",330],["IO",784],["CPU",1]]},{"arrivalTime":65231,"deadline":70320,"priority":"low","slices":[["CPU",1446]]},{"arrivalTime":86841,"deadline":516740,"priority":"high","slices":[["CPU",1],["IO",4135],["CPU",1],["IO",4150],["CPU",2226],["IO",4614],["CPU",1],["IO",71],["CPU",1],["IO",85],["CPU",2226],["IO",3501],["CPU",1],["IO",3374],["CPU",2226],["IO",96],["CPU",1],["IO",4541],["CPU",1],["IO",4330],["CPU",1],["IO",4198],["CPU",2226],["IO",3534],["CPU",2226],["IO",89],["CPU",1],["IO",89],["CPU",1],["IO",97],["CPU",2226],["IO",4600],["CPU",1],["IO",3054],["CPU",1],["IO",4357],["CPU",2226],["IO",3806],["CPU",2226],["IO",108],["CPU",1],["IO",73],["CPU",2226],["IO",97],["CPU",2226],["IO",95],["CPU",1],["IO",2961],["CPU",2226],["IO",83],["CPU",1],["IO",114],["CPU",1],["IO",89],["CPU",2226],["IO",4146],["CPU",2226],["IO",2027],["CPU",1]]},{"arrivalTime":108529,"deadline":119594,"priority":"high","slices":[["CPU",1],["IO",20],["CPU",70],["IO",100],["CPU",1],["IO",21],["CPU",1],["IO",95],["CPU",70],["IO",23],["CPU",70],["IO",95],["CPU",70],["IO",17],["CPU",1],["IO",117],["CPU",70],["IO",21],["CPU",1],["IO",22],["CPU",1],["IO",17],["CPU",1],["IO",17],["CPU",70],["IO",96],["CPU",70],["IO",16],["CPU",1],["IO",21],["CPU",70],["IO",115],["CPU",70],["IO",101],["CPU",1],["IO",14],["CPU",1],["IO",17],["CPU",70],["IO",83],["CPU",1],["IO",14],["CPU",70],["IO",17],["CPU",70],["IO",17],["CPU",70],["IO",17],["CPU",70]]},{"arrivalTime":130235,"deadline":161192,"priority":"high","slices":[["CPU",2962],["IO",185],["CPU",2962],["IO",246],["CPU",2962]]},{"arrivalTime":151999,"deadline":633941,"priority":"high","slices":[["CPU",96878],["IO",1043],["CPU",1]]},{"arrivalTime":173814,"deadline":178066,"priority":"low","slices":[["CPU",126],["IO",507],["CPU",1]]},{"arrivalTime":195645,"deadline":380144,"priority":"low","slices":[["CPU",890],["IO",2030],["CPU",890],["IO",33],["CPU",1],["IO",52],["CPU",1],["IO",41],["CPU",890],["IO",1396],["CPU",1],["IO",36],["CPU",890],["IO",1829],["CPU",1],["IO",38],["CPU",1],["IO",53],["CPU",1],["IO",2116],["CPU",890],["IO",54],["CPU",1],["IO",50],["CPU",1],["IO",36],["CPU",890],["IO",1998],["CPU",890],["IO",2093],["CPU",1],["IO",45],["CPU",890],["IO",1590],["CPU",890],["IO",1620],["CPU",1],["IO",1635],["CPU",890],["IO",1347],["CPU",1],["IO",47],["CPU",1],["IO",52],["CPU",890],["IO",53],["CPU",1],["IO",47],["CPU",890],["IO",47],["CPU",1],["IO",49],["CPU",890],["IO",45],["CPU",890],["IO",2169],["CPU",890],["IO",1691],["CPU",1],["IO",1577],["CPU",890],["IO",35],["CPU",1],["IO",38],["CPU",890],["IO",1841],["CPU",890],["IO",1542],["CPU",1],["IO",1429],["CPU",1]]},{"arrivalTime":217428,"deadline":422841,"priority":"low","slices":[["CPU",1060],["IO",1141],["CPU",1],["IO",24],["CPU",1060],["IO",1355],["CPU",1],["IO",1279],["CPU",1060],["IO",1640],["CPU",1],["IO",27],["CPU",1],["IO",32],["CPU",1],["IO",24],["CPU",1060],["IO",1227],["CPU",1060],["IO",1429],["CPU",1060],["IO",1589],["CPU",1060],["IO",32],["CPU",1],["IO",1461],["CPU",1060],["IO",1313],["CPU",1060],["IO",38],["CPU",1],["IO",1291],["CPU",1],["IO",1109],["CPU",1],["IO",1358],["CPU",1],["IO",1171],["CPU",1060],["IO",1130],["CPU",1060],["IO",1231],["CPU",1060],["IO",797],["CPU",1060]]},{"arrivalTime":239075,"deadline":239957,"priority":"high","slices":[["CPU",250]]},{"arrivalTime":260851,"deadline":431162,"priority":"low","slices":[["CPU",1],["IO",1718],["CPU",1],["IO",42],["CPU",1560],["IO",2058],["CPU",1],["IO",46],["CPU",1560],["IO",2090],["CPU",1],["IO",42],["CPU",1560],["IO",53],["CPU",1560],["IO",43],["CPU",1],["IO",37],["CPU",1560],["IO",46],["CPU",1560],["IO",1837],["CPU",1],["IO",51],["CPU",1],["IO",1694],["CPU",1560],["IO",42],["CPU",1560],["IO",42],["CPU",1560],["IO",1340],["CPU",1560],["IO",40],["CPU",1560],["IO",1387],["CPU",1560],["IO",1629],["CPU",1560],["IO",48],["CPU",1],["IO",41],["CPU",1],["IO",1598],["CPU",1],["IO",53],["CPU",1],["IO",1557],["CPU",1560],["IO",1801],["CPU",1560],["IO",43],["CPU",1],["IO",1349],["CPU",1560],["IO",681],["CPU",1560]]},{"arrivalTime":282503,"deadline":285607,"priority":"low","slices":[["CPU",170],["IO",310],["CPU",1]]},{"arrivalTime":304269,"deadline":308514,"priority":"low","slices":[["CPU",1254]]},{"arrivalTime":326004,"deadline":362639,"priority":"high","slices":[["CPU",1],["IO",439],["CPU",1],["IO",305],["CPU",346],["IO",90],["CPU",1],["IO",306],["CPU",346],["IO",75],["CPU",1],["IO",392],["CPU",346],["IO",332],["CPU",346],["IO",76],["CPU",346],["IO",343],["CPU",1],["IO",75],["CPU",1],["IO",66],["CPU",1],["IO",75],["CPU",346],["IO",58],["CPU",346],["IO",56],["CPU",1],["IO",303],["CPU",346],["IO",65],["CPU",346],["IO",85],["CPU",1],["IO",92],["CPU",1],["IO",288],["CPU",346],["IO",356],["CPU",346]]},{"arrivalTime":347728,"deadline":388581,"priority":"high","slices":[["CPU",1],["IO",71],["CPU",1016],["IO",67],["CPU",1],["IO",71],["CPU",1],["IO",98],["CPU",1],["IO",89],["CPU",1016],["IO",97],["CPU",1016],["IO",87],["CPU",1016],["IO",65],["CPU",1],["IO",68],["CPU",1016],["IO",69],["CPU",1016],["IO",104],["CPU",1016],["IO",66],["CPU",1016],["IO",106],["CPU",1],["IO",23],["CPU",1016]]},{"arrivalTime":369483,"deadline":394465,"priority":"high","slices":[["CPU",730],["IO",43],["CPU",1],["IO",61],["CPU",730],["IO",38],["CPU",1],["IO",45],["CPU",730],["IO",56],["CPU",1],["IO",41],["CPU",730],["IO",56],["CPU",1],["IO",54],["CPU",1],["IO",47],["CPU",730],["IO",52],["CPU",730],["IO",41],["CPU",730]]},{"arrivalTime":391210,"deadline":406057,"priority":"high","slices":[["CPU",484],["IO",32],["CPU",484],["IO",33],["CPU",1],["IO",37],["CPU",484],["IO",29],["CPU",1],["IO",30],["CPU",1],["IO",36],["CPU",484],["IO",35],["CPU",1],["IO",26],["CPU",484],["IO",38],["CPU",484],["IO",38],["CPU",1],["IO",24],["CPU",1]]},{"arrivalTime":412981,"deadline":438293,"priority":"high","slices":[["CPU",1],["IO",56],["CPU",804],["IO",61],["CPU",1],["IO",44],["CPU",804],["IO",50],["CPU",1],["IO",44],["CPU",1],["IO",40],["CPU",804],["IO",64],["CPU",1],["IO",67],["CPU",1],["IO",62],["CPU",804],["IO",57],["CPU",804],["IO",27],["CPU",804]]},{"arrivalTime":434543,"deadline":456324,"priority":"low","slices":[["CPU",1],["IO",31],["CPU",1],["IO",46],["CPU",1],["IO",42],["CPU",644],["IO",48],["CPU",1],["IO",36],["CPU",644],["IO",35],["CPU",644],["IO",42],["CPU",644],["IO",29],["CPU",644],["IO",43],["CPU",644],["IO",15],["CPU",644]]},{"arrivalTime":456318,"deadline":473361,"priority":"low","slices":[["CPU",560],["IO",41],["CPU",1],["IO",43],["CPU",560],["IO",29],["CPU",1],["IO",41],["CPU",1],["IO",36],["CPU",1],["IO",32],["CPU",560],["IO",31],["CPU",560],["IO",29],["CPU",1],["IO",36],["CPU",1],["IO",31],["CPU",1],["IO",17],["CPU",560]]},{"arrivalTime":478086,"deadline":501447,"priority":"high","slices":[["CPU",1],["IO",37],["CPU",1],["IO",27],["CPU",520],["IO",33],["CPU",1],["IO",31],["CPU",1],["IO",33],["CPU",520],["IO",39],["CPU",520],["IO",40],["CPU",1],["IO",26],["CPU",520],["IO",38],["CPU",1],["IO",28],["CPU",1],["IO",18],["CPU",1]]},{"arrivalTime":499836,"deadline":570137,"priority":"high","slices":[["CPU",1642],["IO",112],["CPU",1642],["IO",90],["CPU",1],["IO",78],["CPU",1642],["IO",95],["CPU",1642],["IO",85],["CPU",1],["IO",83],["CPU",1],["IO",117],["CPU",1642],["IO",97],["CPU",1642],["IO",87],["CPU",1642],["IO",60],["CPU",1]]},{"arrivalTime":521446,"deadline":551065,"priority":"low","slices":[["CPU",746],["IO",42],["CPU",746],["IO",61],["CPU",746],["IO",40],["CPU",1],["IO",55],["CPU",1],["IO",61],["CPU",746],["IO",57],["CPU",1],["IO",56],["CPU",746],["IO",67],["CPU",746],["IO",44],["CPU",746],["IO",42],["CPU",746],["IO",61],["CPU",1],["IO",54],["CPU",1]]},{"arrivalTime":543256,"deadline":562162,"priority":"high","slices":[["CPU",1],["IO",35],["CPU",1],["IO",30],["CPU",744],["IO",35],["CPU",744],["IO",36],["CPU",744],["IO",49],["CPU",1],["IO",37],["CPU",1],["IO",48],["CPU",1],["IO",42],["CPU",1],["IO",9],["CPU",1]]},{"arrivalTime":564967,"deadline":615544,"priority":"low","slices":[["CPU",1],["IO",84],["CPU",1450],["IO",84],["CPU",1450],["IO",103],["CPU",1450],["IO",67],["CPU",1450],["IO",94],["CPU",1450],["IO",73],["CPU",1],["IO",78],["CPU",1450],["IO",87],["CPU",1450],["IO",96],["CPU",1450],["IO",14],["CPU",1]]},{"arrivalTime":586761,"deadline":588029,"priority":"high","slices":[["CPU",52],["IO",75],["CPU",1]]},{"arrivalTime":608291,"deadline":636883,"priority":"low","slices":[["CPU",1],["IO",36],["CPU",568],["IO",47],["CPU",568],["IO",33],["CPU",1],["IO",46],["CPU",1],["IO",56],["CPU",568],["IO",35],["CPU",568],["IO",43],["CPU",1],["IO",34],["CPU",568],["IO",36],["CPU",1],["IO",38],["CPU",1],["IO",45],["CPU",1],["IO",49],["CPU",568],["IO",26],["CPU",1]]},{"arrivalTime":629988,"deadline":686423,"priority":"low","slices":[["CPU",1],["IO",72],["CPU",1248],["IO",78],["CPU",1248],["IO",69],["CPU",1],["IO",63],["CPU",1],["IO",89],["CPU",1248],["IO",56],["CPU",1],["IO",56],["CPU",1],["IO",57],["CPU",1],["IO",73],["CPU",1248],["IO",58],["CPU",1248]]},{"arrivalTime":651790,"deadline":676738,"priority":"low","slices":[["CPU",840],["IO",38],["CPU",1],["IO",38],["CPU",1],["IO",43],["CPU",1],["IO",63],["CPU",840],["IO",47],["CPU",1],["IO",61],["CPU",1],["IO",57],["CPU",840],["IO",62],["CPU",1],["IO",51],["CPU",840],["IO",36],["CPU",840]]},{"arrivalTime":673584,"deadline":723200,"priority":"high","slices":[["CPU",1022],["IO",77],["CPU",1],["IO",76],["CPU",1022],["IO",66],["CPU",1],["IO",76],["CPU",1022],["IO",59],["CPU",1],["IO",56],["CPU",1022],["IO",63],["CPU",1],["IO",82],["CPU",1],["IO",75],["CPU",1],["IO",68],["CPU",1022],["IO",39],["CPU",1022]]},{"arrivalTime":695316,"deadline":770153,"priority":"high","slices":[["CPU",3442],["IO",16],["CPU",3442],["IO",17],["CPU",3442],["IO",23],["CPU",3442],["IO",18],["CPU",3442],["IO",20],["CPU",3442],["IO",14],["CPU",3442],["IO",18],["CPU",3442],["IO",23],["CPU",1],["IO",23],["CPU",1],["IO",9],["CPU",3442]]},{"arrivalTime":717061,"deadline":970787,"priority":"high","slices":[["CPU",1],["IO",44],["CPU",7338],["IO",40],["CPU",1],["IO",58],["CPU",7338],["IO",62],["CPU",1],["IO",51],["CPU",7338],["IO",40],["CPU",7338],["IO",64],["CPU",7338],["IO",62],["CPU",7338],["IO",58],["CPU",7338],["IO",47],["CPU",7338],["IO",59],["CPU",7338],["IO",52],["CPU",1],["IO",5],["CPU",1]]},{"arrivalTime":738974,"deadline":801190,"priority":"low","slices":[["CPU",1],["IO",94],["CPU",1],["IO",103],["CPU",1452],["IO",109],["CPU",1],["IO",103],["CPU",1452],["IO",113],["CPU",1],["IO",106],["CPU",1452],["IO",106],["CPU",1],["IO",76],["CPU",1452],["IO",79],["CPU",1],["IO",119],["CPU",1452],["IO",37],["CPU",1452]]},{"arrivalTime":760668,"deadline":773480,"priority":"low","slices":[["CPU",554],["IO",23],["CPU",1],["IO",22],["CPU",554],["IO",28],["CPU",1],["IO",30],["CPU",1],["IO",30],["CPU",1],["IO",21],["CPU",554],["IO",26],["CPU",1],["IO",28],["CPU",554]]},{"arrivalTime":782262,"deadline":838000,"priority":"low","slices":[["CPU",1],["IO",107],["CPU",1],["IO",79],["CPU",1218],["IO",100],["CPU",1218],["IO",86],["CPU",1218],["IO",81],["CPU",1],["IO",96],["CPU",1],["IO",73],["CPU",1],["IO",68],["CPU",1218],["IO",68],["CPU",1],["IO",92],["CPU",1218],["IO",81],["CPU",1218],["IO",34],["CPU",1]]},{"arrivalTime":804059,"deadline":869747,"priority":"low","slices":[["CPU",1498],["IO",85],["CPU",1],["IO",78],["CPU",1498],["IO",104],["CPU",1],["IO",70],["CPU",1],["IO",82],["CPU",1498],["IO",103],["CPU",1],["IO",101],["CPU",1498],["IO",97],["CPU",1],["IO",86],["CPU",1498],["IO",75],["CPU",1]]},{"arrivalTime":825918,"deadline":860709,"priority":"high","slices":[["CPU",1],["IO",83],["CPU",1320],["IO",73],["CPU",1320],["IO",71],["CPU",1320],["IO",89],["CPU",1320],["IO",58],["CPU",1320],["IO",84],["CPU",1320],["IO",78],["CPU",1],["IO",85],["CPU",1320],["IO",14],["CPU",1]]},{"arrivalTime":847561,"deadline":899619,"priority":"high","slices":[["CPU",1180],["IO",83],["CPU",1],["IO",95],["CPU",1180],["IO",82],["CPU",1],["IO",79],["CPU",1],["IO",89],["CPU",1180],["IO",86],["CPU",1180],["IO",87],["CPU",1],["IO",98],["CPU",1180],["IO",94],["CPU",1180],["IO",87],["CPU",1180],["IO",82],["CPU",1180]]},{"arrivalTime":869356,"deadline":884080,"priority":"high","slices":[["CPU",1],["IO",26],["CPU",462],["IO",29],["CPU",1],["IO",19],["CPU",1],["IO",25],["CPU",462],["IO",24],["CPU",462],["IO",29],["CPU",1],["IO",29],["CPU",1],["IO",24],["CPU",1],["IO",15],["CPU",462]]},{"arrivalTime":891227,"deadline":908862,"priority":"high","slices":[["CPU",412],["IO",23],["CPU",1],["IO",26],["CPU",412],["IO",27],["CPU",412],["IO",26],["CPU",412],["IO",31],["CPU",1],["IO",27],["CPU",1],["IO",29],["CPU",412],["IO",29],["CPU",1],["IO",29],["CPU",412],["IO",22],["CPU",412],["IO",1],["CPU",1]]},{"arrivalTime":912889,"deadline":943723,"priority":"high","slices":[["CPU",1],["IO",62],["CPU",1074],["IO",72],["CPU",1],["IO",62],["CPU",1],["IO",58],["CPU",1],["IO",68],["CPU",1074],["IO",70],["CPU",1],["IO",67],["CPU",1],["IO",69],["CPU",1074],["IO",18],["CPU",1074]]},{"arrivalTime":934517,"deadline":971903,"priority":"high","slices":[["CPU",1318],["IO",62],["CPU",1],["IO",53],["CPU",1],["IO",85],["CPU",1318],["IO",62],["CPU",1],["IO",69],["CPU",1318],["IO",76],["CPU",1318],["IO",55],["CPU",1],["IO",83],["CPU",1318],["IO",41],["CPU",1318]]},{"arrivalTime":956237,"deadline":957710,"priority":"high","slices":[["CPU",72],["IO",79],["CPU",1]]},{"arrivalTime":978151,"deadline":1328246,"priority":"high","slices":[["CPU",11136],["IO",79],["CPU",11136],["IO",61],["CPU",1],["IO",55],["CPU",11136],["IO",77],["CPU",11136],["IO",90],["CPU",1],["IO",72],["CPU",1],["IO",54],["CPU",1],["IO",85],["CPU",11136],["IO",71],["CPU",11136],["IO",87],["CPU",11136],["IO",61],["CPU",1],["IO",38],["CPU",1]]},{"arrivalTime":999770,"deadline":1051818,"priority":"low","slices":[["CPU",1],["IO",69],["CPU",1],["IO",69],["CPU",1],["IO",75],["CPU",1],["IO",93],["CPU",1],["IO",89],["CPU",1664],["IO",68],["CPU",1],["IO",92],["CPU",1664],["IO",94],["CPU",1]]}]
