[{"arrivalTime":0,"deadline":5204,"priority":"low","slices":[["CPU",1]]},{"arrivalTime":267762,"deadline":301361,"priority":"high","slices":[["CPU",1],["IO",44],["CPU",156],["IO",45],["CPU",1],["IO",301],["CPU",156],["IO",42],["CPU",1],["IO",39],["CPU",156],["IO",192],["CPU",1],["IO",53],["CPU",1],["IO",235],["CPU",156],["IO",292],["CPU",1],["IO",41],["CPU",1],["IO",51],["CPU",156],["IO",53],["CPU",156],["IO",63],["CPU",156],["IO",53],["CPU",156],["IO",214],["CPU",156],["IO",265],["CPU",1],["IO",49],["CPU",1],["IO",312],["CPU",1],["IO",39],["CPU",1],["IO",229],["CPU",1],["IO",45],["CPU",156],["IO",257],["CPU",156],["IO",61],["CPU",156],["IO",197],["CPU",1]]},{"arrivalTime":295044,"deadline":295982,"priority":"high","slices":[["CPU",1],["IO",107],["CPU",1]]},{"arrivalTime":312463,"deadline":317734,"priority":"low","slices":[["CPU",1]]},{"arrivalTime":325514,"deadline":329599,"priority":"low","slices":[["CPU",1],["IO",351],["CPU",264]]},{"arrivalTime":336134,"deadline":341021,"priority":"low","slices":[["CPU",1]]},{"arrivalTime":345151,"deadline":380330,"priority":"low","slices":[["CPU",1],["IO",84],["CPU",1],["IO",346],["CPU",3230],["IO",273],["CPU",3230]]},{"arrivalTime":353073,"deadline":383634,"priority":"high","slices":[["CPU",2152],["IO",215],["CPU",1],["IO",40],["CPU",2152],["IO",135],["CPU",2152]]},{"arrivalTime":360163,"deadline":367639,"priority":"high","slices":[["CPU",1],["IO",711],["CPU",148]]},{"arrivalTime":366570,"deadline":384338,"priority":"low","slices":[["CPU",1],["IO",182],["CPU",1950],["IO",108],["CPU",1]]},{"arrivalTime":372515,"deadline":374384,"priority":"low","slices":[["CPU",1],["IO",235],["CPU",1]]},{"arrivalTime":377948,"deadline":384712,"priority":"high","slices":[["CPU",1528]]},{"arrivalTime":383111,"deadline":387243,"priority":"high","slices":[["CPU",1]]},{"arrivalTime":387988,"deadline":392679,"priority":"high","slices":[["CPU",1],["IO",435],["CPU",1]]},{"arrivalTime":392574,"deadline":399720,"priority":"low","slices":[["CPU",1]]},{"arrivalTime":396972,"deadline":441736,"priority":"high","slices":[["CPU",1882],["IO",390],["CPU",1882],["IO",58],["CPU",1],["IO",65],["CPU",1882],["IO",76],["CPU",1882],["IO",65],["CPU",1]]},{"arrivalTime":401156,"deadline":405427,"priority":"low","slices":[["CPU",1],["IO",354],["CPU",1]]},{"arrivalTime":405193,"deadline":412825,"priority":"high","slices":[["CPU",1],["IO",700],["CPU",116]]},{"arrivalTime":409111,"deadline":414138,"priority":"low","slices":[["CPU",1088]]},{"arrivalTime":412904,"deadline":415710,"priority":"low","slices":[["CPU",682]]},{"arrivalTime":416563,"deadline":420789,"priority":"low","slices":[["CPU",1],["IO",433],["CPU",100]]},{"arrivalTime":420104,"deadline":829316,"priority":"high","slices":[["CPU",69308],["IO",578],["CPU",69308]]},{"arrivalTime":423552,"deadline":483201,"priority":"high","slices":[["CPU",1],["IO",115],["CPU",1],["IO",392],["CPU",1],["IO",96],["CPU",1],["IO",83],["CPU",1],["IO",539],["CPU",1],["IO",74],["CPU",1],["IO",77],["CPU",244],["IO",501],["CPU",244],["IO",604],["CPU",1],["IO",114],["CPU",1],["IO",466],["CPU",1],["IO",558],["CPU",1],["IO",112],["CPU",1],["IO",478],["CPU",1],["IO",465],["CPU",1],["IO",408],["CPU",1],["IO",98],["CPU",1],["IO",506],["CPU",244],["IO",107],["CPU",244],["IO",78],["CPU",1],["IO",496],["CPU",1],["IO",75],["CPU",244],["IO",375],["CPU",1]]},{"arrivalTime":426916,"deadline":623859,"priority":"low","slices":[["CPU",1],["IO",64],["CPU",1],["IO",1804],["CPU",1],["IO",2615],["CPU",1],["IO",64],["CPU",1],["IO",1856],["CPU",970],["IO",61],["CPU",1],["IO",2257],["CPU",1],["IO",2275],["CPU",970],["IO",53],["CPU",970],["IO",2009],["CPU",1],["IO",48],["CPU",1],["IO",1861],["CPU",970],["IO",1774],["CPU",1],["IO",58],["CPU",970],["IO",44],["CPU",970],["IO",41],["CPU",970],["IO",51],["CPU",1],["IO",2502],["CPU",970],["IO",44],["CPU",970],["IO",41],["CPU",970],["IO",48],["CPU",1],["IO",2063],["CPU",1],["IO",50],["CPU",1],["IO",2005],["CPU",1],["IO",2111],["CPU",970],["IO",64],["CPU",1],["IO",52],["CPU",970],["IO",1736],["CPU",970],["IO",2425],["CPU",1],["IO",54],["CPU",1],["IO",1666],["CPU",970],["IO",2489],["CPU",970],["IO",41],["CPU",1],["IO",39],["CPU",970],["IO",57],["CPU",970],["IO",132],["CPU",1]]},{"arrivalTime":430159,"deadline":435858,"priority":"high","slices":[["CPU",224],["IO",697],["CPU",1]]},{"arrivalTime":433364,"deadline":451868,"priority":"low","slices":[["CPU",1],["IO",30],["CPU",1],["IO",198],["CPU",1],["IO",28],["CPU",1],["IO",156],["CPU",62],["IO",27],["CPU",62],["IO",31],["CPU",62],["IO",26],["CPU",62],["IO",39],["CPU",1],["IO",26],["CPU",1],["IO",210],["CPU",1],["IO",183],["CPU",62],["IO",134],["CPU",62],["IO",159],["CPU",62],["IO",31],["CPU",62],["IO",176],["CPU",62],["IO",129],["CPU",62],["IO",155],["CPU",1],["IO",147],["CPU",62],["IO",36],["CPU",1],["IO",37],["CPU",62],["IO",29],["CPU",62],["IO",25],["CPU",1],["IO",200],["CPU",1],["IO",149],["CPU",1],["IO",34],["CPU",1],["IO",36],["CPU",1],["IO",32],["CPU",62],["IO",16],["CPU",1]]},{"arrivalTime":436510,"deadline":474825,"priority":"low","slices":[["CPU",1],["IO",63],["CPU",1],["IO",72],["CPU",178],["IO",431],["CPU",178],["IO",432],["CPU",178],["IO",84],["CPU",1],["IO",430],["CPU",178],["IO",420],["CPU",178],["IO",62],["CPU",1],["IO",329],["CPU",1],["IO",359],["CPU",1],["IO",69],["CPU",1],["IO",320],["CPU",178],["IO",297],["CPU",1],["IO",365],["CPU",1],["IO",55],["CPU",178],["IO",56],["CPU",1],["IO",414],["CPU",178],["IO",431],["CPU",1],["IO",379],["CPU",1],["IO",52],["CPU",1]]},{"arrivalTime":439586,"deadline":670826,"priority":"low","slices":[["CPU",43620],["IO",347],["CPU",43620]]},{"arrivalTime":442570,"deadline":446057,"priority":"low","slices":[["CPU",124],["IO",274],["CPU",124]]},{"arrivalTime":445516,"deadline":460892,"priority":"low","slices":[["CPU",1096],["IO",37],["CPU",1096],["IO",159],["CPU",1096],["IO",26],["CPU",1],["IO",48],["CPU",1]]},{"arrivalTime":448434,"deadline":450090,"priority":"low","slices":[["CPU",56],["IO",122],["CPU",56]]},{"arrivalTime":451294,"deadline":456236,"priority":"high","slices":[["CPU",1],["IO",345],["CPU",1]]},{"arrivalTime":454137,"deadline":463028,"priority":"low","slices":[["CPU",1832]]},{"arrivalTime":456936,"deadline":461915,"priority":"high","slices":[["CPU",1]]},{"arrivalTime":459696,"deadline":603466,"priority":"high","slices":[["CPU",1],["IO",191],["CPU",1]]},{"arrivalTime":462425,"deadline":465994,"priority":"high","slices":[["CPU",1]]},{"arrivalTime":465154,"deadline":469514,"priority":"high","slices":[["CPU",144],["IO",519],["CPU",144]]},{"arrivalTime":467839,"deadline":483231,"priority":"low","slices":[["CPU",672],["IO",22],["CPU",1],["IO",127],["CPU",1],["IO",90],["CPU",1],["IO",17],["CPU",1],["IO",12],["CPU",672]]},{"arrivalTime":470506,"deadline":471521,"priority":"low","slices":[["CPU",1],["IO",106],["CPU",20]]},{"arrivalTime":473138,"deadline":531328,"priority":"high","slices":[["CPU",3420],["IO",80],["CPU",3420],["IO",94],["CPU",1],["IO",374],["CPU",3420],["IO",354],["CPU",1]]},{"arrivalTime":475771,"deadline":486939,"priority":"high","slices":[["CPU",1],["IO",104],["CPU",1],["IO",13],["CPU",1],["IO",54],["CPU",780]]},{"arrivalTime":478380,"deadline":481313,"priority":"high","slices":[["CPU",1],["IO",238],["CPU",1]]},{"arrivalTime":480953,"deadline":484803,"priority":"low","slices":[["CPU",1]]},{"arrivalTime":483522,"deadline":525566,"priority":"high","slices":[["CPU",1478],["IO",62],["CPU",1],["IO",53],["CPU",1],["IO",58],["CPU",1478],["IO",51],["CPU",1478],["IO",277],["CPU",1],["IO",61],["CPU",1],["IO",247],["CPU",1]]},{"arrivalTime":486097,"deadline":493397,"priority":"low","slices":[["CPU",540],["IO",11],["CPU",1],["IO",60],["CPU",540],["IO",36],["CPU",540]]},{"arrivalTime":488652,"deadline":497019,"priority":"low","slices":[["CPU",1],["IO",690],["CPU",226]]},{"arrivalTime":491203,"deadline":496055,"priority":"high","slices":[["CPU",1216]]},{"arrivalTime":493745,"deadline":499294,"priority":"low","slices":[["CPU",1]]},{"arrivalTime":496288,"deadline":502448,"priority":"high","slices":[["CPU",1]]},{"arrivalTime":498810,"deadline":518150,"priority":"high","slices":[["CPU",1],["IO",127],["CPU",1],["IO",20],["CPU",1],["IO",119],["CPU",1],["IO",131],["CPU",108],["IO",138],["CPU",108],["IO",117],["CPU",1],["IO",33],["CPU",1],["IO",165],["CPU",1],["IO",156],["CPU",108],["IO",27],["CPU",1],["IO",27],["CPU",1],["IO",29],["CPU",1],["IO",28],["CPU",108],["IO",24],["CPU",108],["IO",32],["CPU",1],["IO",31],["CPU",1],["IO",159],["CPU",1],["IO",27],["CPU",1],["IO",26],["CPU",108],["IO",26],["CPU",108],["IO",32],["CPU",108],["IO",12],["CPU",1]]},{"arrivalTime":501343,"deadline":502363,"priority":"low","slices":[["CPU",38],["IO",66],["CPU",1]]},{"arrivalTime":503852,"deadline":511550,"priority":"low","slices":[["CPU",1878]]},{"arrivalTime":506381,"deadline":918545,"priority":"high","slices":[["CPU",1124],["IO",4211],["CPU",1],["IO",114],["CPU",1124],["IO",4201],["CPU",1],["IO",70],["CPU",1124],["IO",3693],["CPU",1],["IO",96],["CPU",1],["IO",71],["CPU",1],["IO",3959],["CPU",1],["IO",111],["CPU",1],["IO",116],["CPU",1],["IO",110],["CPU",1],["IO",3397],["CPU",1124],["IO",108],["CPU",1],["IO",3164],["CPU",1],["IO",75],["CPU",1],["IO",3141],["CPU",1],["IO",102],["CPU",1],["IO",85],["CPU",1],["IO",95],["CPU",1124],["IO",113],["CPU",1124],["IO",4047],["CPU",1124],["IO",3012],["CPU",1124],["IO",103],["CPU",1124],["IO",3356],["CPU",1124],["IO",76],["CPU",1],["IO",115],["CPU",1],["IO",112],["CPU",1],["IO",72],["CPU",1124],["IO",4394],["CPU",1124],["IO",89],["CPU",1],["IO",3666],["CPU",1],["IO",77],["CPU",1124],["IO",88],["CPU",1],["IO",3760],["CPU",1124],["IO",3966],["CPU",1],["IO",4431],["CPU",1],["IO",3980],["CPU",1124],["IO",99],["CPU",1],["IO",90],["CPU",1124],["IO",4410],["CPU",1],["IO",2918],["CPU",1]]},{"arrivalTime":508909,"deadline":541594,"priority":"low","slices":[["CPU",3022],["IO",296],["CPU",3022],["IO",60],["CPU",1],["IO",254],["CPU",3022]]},{"arrivalTime":511430,"deadline":517246,"priority":"low","slices":[["CPU",1]]},{"arrivalTime":513981,"deadline":516477,"priority":"low","slices":[["CPU",76],["IO",254],["CPU",76]]},{"arrivalTime":516543,"deadline":519701,"priority":"high","slices":[["CPU",638]]},{"arrivalTime":519112,"deadline":526122,"priority":"high","slices":[["CPU",1628]]},{"arrivalTime":521704,"deadline":528587,"priority":"high","slices":[["CPU",1666]]},{"arrivalTime":524315,"deadline":532633,"priority":"high","slices":[["CPU",1]]},{"arrivalTime":526940,"deadline":561830,"priority":"high","slices":[["CPU",2490],["IO",326],["CPU",1],["IO",291],["CPU",1],["IO",54],["CPU",1],["IO",80],["CPU",1]]},{"arrivalTime":529575,"deadline":621613,"priority":"low","slices":[["CPU",636],["IO",16],["CPU",1],["IO",889],["CPU",1],["IO",939],["CPU",1],["IO",23],["CPU",636],["IO",24],["CPU",636],["IO",918],["CPU",636],["IO",19],["CPU",636],["IO",903],["CPU",1],["IO",922],["CPU",636],["IO",24],["CPU",1],["IO",627],["CPU",1],["IO",23],["CPU",1],["IO",19],["CPU",636],["IO",719],["CPU",1],["IO",19],["CPU",636],["IO",19],["CPU",1],["IO",652],["CPU",1],["IO",673],["CPU",1],["IO",788],["CPU",1],["IO",678],["CPU",1],["IO",700],["CPU",636],["IO",1017],["CPU",636],["IO",23],["CPU",1],["IO",640],["CPU",636],["IO",24],["CPU",636],["IO",17],["CPU",636],["IO",194],["CPU",1]]},{"arrivalTime":532220,"deadline":538961,"priority":"high","slices":[["CPU",1502]]},{"arrivalTime":534900,"deadline":660532,"priority":"high","slices":[["CPU",1],["IO",25],["CPU",1],["IO",814],["CPU",310],["IO",28],["CPU",1],["IO",29],["CPU",1],["IO",26],["CPU",310],["IO",21],["CPU",1],["IO",20],["CPU",1],["IO",18],["CPU",310],["IO",20],["CPU",310],["IO",1083],["CPU",310],["IO",1142],["CPU",1],["IO",19],["CPU",310],["IO",1153],["CPU",1],["IO",797],["CPU",1],["IO",723],["CPU",310],["IO",27],["CPU",310],["IO",22],["CPU",1],["IO",26],["CPU",310],["IO",19],["CPU",1],["IO",739],["CPU",1],["IO",21],["CPU",310],["IO",21],["CPU",1],["IO",28],["CPU",1],["IO",24],["CPU",310],["IO",20],["CPU",1],["IO",25],["CPU",1],["IO",963],["CPU",1],["IO",1151],["CPU",1],["IO",29],["CPU",310],["IO",731],["CPU",310],["IO",18],["CPU",1],["IO",24],["CPU",1],["IO",867],["CPU",310],["IO",915],["CPU",1],["IO",958],["CPU",1],["IO",1160],["CPU",1],["IO",1136],["CPU",310],["IO",26],["CPU",310],["IO",1039],["CPU",310],["IO",28],["CPU",310],["IO",1138],["CPU",310],["IO",20],["CPU",1],["IO",97],["CPU",310]]},{"arrivalTime":537601,"deadline":999531,"priority":"high","slices":[["CPU",1],["IO",997],["CPU",79726]]},{"arrivalTime":540317,"deadline":1069999,"priority":"low","slices":[["CPU",94390],["IO",1101],["CPU",1]]},{"arrivalTime":543057,"deadline":546872,"priority":"high","slices":[["CPU",1]]},{"arrivalTime":545865,"deadline":552764,"priority":"low","slices":[["CPU",100],["IO",662],["CPU",100]]},{"arrivalTime":548712,"deadline":554107,"priority":"high","slices":[["CPU",1540]]},{"arrivalTime":551559,"deadline":554643,"priority":"high","slices":[["CPU",1]]},{"arrivalTime":554502,"deadline":560474,"priority":"high","slices":[["CPU",292],["IO",408],["CPU",292]]},{"arrivalTime":557457,"deadline":561120,"priority":"high","slices":[["CPU",250],["IO",320],["CPU",1]]},{"arrivalTime":560453,"deadline":566555,"priority":"high","slices":[["CPU",1],["IO",749],["CPU",1]]},{"arrivalTime":563518,"deadline":572613,"priority":"high","slices":[["CPU",220],["IO",693],["CPU",220]]},{"arrivalTime":566628,"deadline":568589,"priority":"low","slices":[["CPU",1]]},{"arrivalTime":569822,"deadline":571839,"priority":"high","slices":[["CPU",1]]},{"arrivalTime":573065,"deadline":578665,"priority":"low","slices":[["CPU",1],["IO",497],["CPU",1]]},{"arrivalTime":576425,"deadline":579515,"priority":"low","slices":[["CPU",698]]},{"arrivalTime":579896,"deadline":580731,"priority":"low","slices":[["CPU",1],["IO",87],["CPU",48]]},{"arrivalTime":583433,"deadline":633644,"priority":"high","slices":[["CPU",1],["IO",373],["CPU",1],["IO",392],["CPU",2952],["IO",69],["CPU",2952],["IO",32],["CPU",1]]},{"arrivalTime":587089,"deadline":649358,"priority":"high","slices":[["CPU",1],["IO",560],["CPU",550],["IO",88],["CPU",1],["IO",462],["CPU",1],["IO",83],["CPU",550],["IO",380],["CPU",550],["IO",509],["CPU",1],["IO",69],["CPU",1],["IO",360],["CPU",550],["IO",110],["CPU",550],["IO",571],["CPU",550],["IO",445],["CPU",550],["IO",559],["CPU",1],["IO",451],["CPU",550],["IO",401],["CPU",550]]},{"arrivalTime":590845,"deadline":593920,"priority":"low","slices":[["CPU",1]]},{"arrivalTime":594731,"deadline":599255,"priority":"high","slices":[["CPU",298],["IO",427],["CPU",298]]},{"arrivalTime":598756,"deadline":605273,"priority":"low","slices":[["CPU",1]]},{"arrivalTime":602994,"deadline":604118,"priority":"high","slices":[["CPU",1]]},{"arrivalTime":607381,"deadline":609546,"priority":"low","slices":[["CPU",1],["IO",286],["CPU",1]]},{"arrivalTime":611987,"deadline":616944,"priority":"high","slices":[["CPU",1],["IO",372],["CPU",1]]},{"arrivalTime":616863,"deadline":620888,"priority":"high","slices":[["CPU",1]]},{"arrivalTime":622017,"deadline":630124,"priority":"high","slices":[["CPU",1714]]},{"arrivalTime":627547,"deadline":684405,"priority":"high","slices":[["CPU",4436],["IO",98],["CPU",4436],["IO",607],["CPU",4436],["IO",325],["CPU",4436]]},{"arrivalTime":633457,"deadline":656481,"priority":"high","slices":[["CPU",150],["IO",135],["CPU",150],["IO",115],["CPU",150],["IO",23],["CPU",1],["IO",135],["CPU",1],["IO",36],["CPU",150],["IO",122],["CPU",150],["IO",25],["CPU",150],["IO",120],["CPU",1],["IO",27],["CPU",1],["IO",37],["CPU",1],["IO",133],["CPU",150],["IO",33],["CPU",1],["IO",24],["CPU",150],["IO",32],["CPU",1],["IO",36],["CPU",150],["IO",129],["CPU",1],["IO",30],["CPU",1],["IO",34],["CPU",1],["IO",35],["CPU",1],["IO",36],["CPU",150],["IO",114],["CPU",1]]},{"arrivalTime":639914,"deadline":645921,"priority":"low","slices":[["CPU",1968]]},{"arrivalTime":646939,"deadline":651724,"priority":"high","slices":[["CPU",290],["IO",451],["CPU",290]]},{"arrivalTime":654832,"deadline":656643,"priority":"low","slices":[["CPU",366]]},{"arrivalTime":663836,"deadline":665816,"priority":"high","slices":[["CPU",1]]},{"arrivalTime":674423,"deadline":678973,"priority":"high","slices":[["CPU",1006]]},{"arrivalTime":687437,"deadline":694718,"priority":"high","slices":[["CPU",1],["IO",550],["CPU",1]]},{"arrivalTime":704744,"deadline":708634,"priority":"low","slices":[["CPU",1088]]},{"arrivalTime":731857,"deadline":765696,"priority":"high","slices":[["CPU",1],["IO",360],["CPU",3660],["IO",253],["CPU",3660]]},{"arrivalTime":869764,"deadline":904378,"priority":"high","slices":[["CPU",2692],["IO",327],["CPU",2692],["IO",59],["CPU",2692],["IO",139],["CPU",1]]}]
