[{"arrivalTime":0,"deadline":601,"priority":"low","slices":[["CPU",1]]},{"arrivalTime":285884,"deadline":323943,"priority":"high","slices":[["CPU",1],["IO",454],["CPU",308],["IO",76],["CPU",1],["IO",100],["CPU",1],["IO",78],["CPU",308],["IO",338],["CPU",1],["IO",75],["CPU",1],["IO",70],["CPU",1],["IO",88],["CPU",1],["IO",97],["CPU",308],["IO",98],["CPU",308],["IO",322],["CPU",308],["IO",404],["CPU",308],["IO",89],["CPU",1],["IO",370],["CPU",1],["IO",401],["CPU",1],["IO",73],["CPU",1],["IO",68],["CPU",1],["IO",440],["CPU",308],["IO",99],["CPU",1],["IO",89],["CPU",308],["IO",76],["CPU",308],["IO",389],["CPU",1],["IO",94],["CPU",308],["IO",76],["CPU",1],["IO",2],["CPU",1]]},{"arrivalTime":315221,"deadline":350400,"priority":"high","slices":[["CPU",350],["IO",110],["CPU",350],["IO",72],["CPU",350],["IO",106],["CPU",1],["IO",543],["CPU",350],["IO",81],["CPU",350],["IO",422],["CPU",350],["IO",72],["CPU",1],["IO",86],["CPU",350],["IO",427],["CPU",1],["IO",572],["CPU",350],["IO",418],["CPU",1],["IO",109],["CPU",350],["IO",100],["CPU",350],["IO",568],["CPU",1],["IO",113],["CPU",1],["IO",464],["CPU",1],["IO",546],["CPU",1],["IO",523],["CPU",1],["IO",467],["CPU",1]]},{"arrivalTime":333948,"deadline":365997,"priority":"high","slices":[["CPU",428],["IO",464],["CPU",428],["IO",98],["CPU",1],["IO",484],["CPU",1],["IO",99],["CPU",428],["IO",69],["CPU",428],["IO",79],["CPU",1],["IO",482],["CPU",428],["IO",80],["CPU",1],["IO",70],["CPU",428],["IO",70],["CPU",1],["IO",423],["CPU",428],["IO",501],["CPU",1],["IO",541],["CPU",1],["IO",444],["CPU",428],["IO",430],["CPU",428],["IO",109],["CPU",428],["IO",68],["CPU",428],["IO",387],["CPU",428]]},{"arrivalTime":348270,"deadline":391174,"priority":"high","slices":[["CPU",1],["IO",89],["CPU",2340],["IO",379],["CPU",1],["IO",368],["CPU",1],["IO",69],["CPU",1],["IO",81],["CPU",1],["IO",145],["CPU",2340]]},{"arrivalTime":359986,"deadline":374550,"priority":"high","slices":[["CPU",1652],["IO",56],["CPU",1652],["IO",266],["CPU",1652],["IO",180],["CPU",1],["IO",10],["CPU",1652]]},{"arrivalTime":370026,"deadline":371325,"priority":"low","slices":[["CPU",502]]},{"arrivalTime":378859,"deadline":383650,"priority":"high","slices":[["CPU",120],["IO",742],["CPU",1]]},{"arrivalTime":386865,"deadline":418453,"priority":"high","slices":[["CPU",3402],["IO",451],["CPU",3402],["IO",377],["CPU",3402],["IO",3],["CPU",1]]},{"arrivalTime":394213,"deadline":417244,"priority":"high","slices":[["CPU",1],["IO",75],["CPU",310],["IO",92],["CPU",310],["IO",76],["CPU",1],["IO",56],["CPU",310],["IO",451],["CPU",1],["IO",379],["CPU",310],["IO",92],["CPU",1],["IO",70],["CPU",1],["IO",77],["CPU",1],["IO",332],["CPU",310],["IO",68],["CPU",310],["IO",86],["CPU",310],["IO",70],["CPU",310],["IO",78],["CPU",1],["IO",56],["CPU",310],["IO",73],["CPU",1],["IO",71],["CPU",1],["IO",56],["CPU",310],["IO",60],["CPU",310],["IO",433],["CPU",1],["IO",391],["CPU",310],["IO",454],["CPU",1],["IO",191],["CPU",310]]},{"arrivalTime":401071,"deadline":582465,"priority":"high","slices":[["CPU",1],["IO",525],["CPU",1]]},{"arrivalTime":407462,"deadline":568983,"priority":"high","slices":[["CPU",1968],["IO",65],["CPU",1968],["IO",53],["CPU",1968],["IO",2978],["CPU",1],["IO",2103],["CPU",1968],["IO",69],["CPU",1968],["IO",2587],["CPU",1],["IO",70],["CPU",1968],["IO",2550],["CPU",1],["IO",59],["CPU",1968],["IO",61],["CPU",1],["IO",2210],["CPU",1968],["IO",56],["CPU",1],["IO",69],["CPU",1968],["IO",2552],["CPU",1968],["IO",55],["CPU",1968],["IO",2368],["CPU",1968],["IO",3033],["CPU",1968],["IO",51],["CPU",1],["IO",67],["CPU",1],["IO",76],["CPU",1968],["IO",2819],["CPU",1],["IO",80],["CPU",1],["IO",2136],["CPU",1968],["IO",3246],["CPU",1],["IO",76],["CPU",1968],["IO",56],["CPU",1],["IO",2201],["CPU",1],["IO",2808],["CPU",1968],["IO",1413],["CPU",1]]},{"arrivalTime":413512,"deadline":417747,"priority":"high","slices":[["CPU",1],["IO",58],["CPU",1],["IO",54],["CPU",1],["IO",9],["CPU",1],["IO",13],["CPU",1],["IO",12],["CPU",306],["IO",2],["CPU",1]]},{"arrivalTime":419250,"deadline":436275,"priority":"low","slices":[["CPU",1],["IO",217],["CPU",1],["IO",73],["CPU",1]]},{"arrivalTime":424724,"deadline":438545,"priority":"high","slices":[["CPU",90],["IO",30],["CPU",90],["IO",201],["CPU",90],["IO",35],["CPU",1],["IO",45],["CPU",1],["IO",29],["CPU",1],["IO",182],["CPU",90],["IO",151],["CPU",1],["IO",36],["CPU",1],["IO",178],["CPU",1],["IO",36],["CPU",1],["IO",196],["CPU",1],["IO",152],["CPU",1],["IO",212],["CPU",90],["IO",176],["CPU",90],["IO",42],["CPU",1],["IO",191],["CPU",90],["IO",28],["CPU",90],["IO",188],["CPU",90],["IO",215],["CPU",1],["IO",206],["CPU",1],["IO",34],["CPU",90],["IO",186],["CPU",90]]},{"arrivalTime":429980,"deadline":447696,"priority":"high","slices":[["CPU",1],["IO",57],["CPU",1232],["IO",47],["CPU",1],["IO",38],["CPU",1232],["IO",176],["CPU",1],["IO",46],["CPU",1],["IO",18],["CPU",1232]]},{"arrivalTime":435039,"deadline":438437,"priority":"low","slices":[["CPU",1],["IO",524],["CPU",1]]},{"arrivalTime":439969,"deadline":471818,"priority":"low","slices":[["CPU",298],["IO",489],["CPU",298],["IO",477],["CPU",1],["IO",81],["CPU",298],["IO",394],["CPU",298],["IO",92],["CPU",1],["IO",81],["CPU",298],["IO",89],["CPU",1],["IO",493],["CPU",298],["IO",394],["CPU",1],["IO",400],["CPU",1],["IO",95],["CPU",1],["IO",461],["CPU",1],["IO",74],["CPU",298],["IO",469],["CPU",1],["IO",95],["CPU",298],["IO",105],["CPU",298],["IO",99],["CPU",1],["IO",102],["CPU",298],["IO",510],["CPU",1],["IO",95],["CPU",298],["IO",96],["CPU",298],["IO",475],["CPU",298],["IO",92],["CPU",298],["IO",52],["CPU",1]]},{"arrivalTime":444714,"deadline":463496,"priority":"high","slices":[["CPU",990],["IO",30],["CPU",990],["IO",42],["CPU",990],["IO",196],["CPU",1],["IO",47],["CPU",990],["IO",41],["CPU",1],["IO",93],["CPU",1]]},{"arrivalTime":449347,"deadline":485728,"priority":"low","slices":[["CPU",182],["IO",89],["CPU",182],["IO",416],["CPU",182],["IO",91],["CPU",182],["IO",91],["CPU",182],["IO",478],["CPU",182],["IO",94],["CPU",1],["IO",63],["CPU",182],["IO",61],["CPU",1],["IO",66],["CPU",1],["IO",67],["CPU",182],["IO",61],["CPU",1],["IO",83],["CPU",1],["IO",67],["CPU",182],["IO",403],["CPU",1],["IO",440],["CPU",182],["IO",389],["CPU",182],["IO",456],["CPU",1],["IO",317],["CPU",1],["IO",354],["CPU",182],["IO",68],["CPU",182],["IO",71],["CPU",1],["IO",446],["CPU",182],["IO",362],["CPU",182],["IO",407],["CPU",1]]},{"arrivalTime":453906,"deadline":530821,"priority":"high","slices":[["CPU",1],["IO",25],["CPU",1],["IO",26],["CPU",468],["IO",1201],["CPU",1],["IO",22],["CPU",1],["IO",36],["CPU",468],["IO",27],["CPU",1],["IO",24],["CPU",1],["IO",22],["CPU",468],["IO",32],["CPU",1],["IO",27],["CPU",468],["IO",31],["CPU",1],["IO",1348],["CPU",468],["IO",1466],["CPU",468],["IO",23],["CPU",468],["IO",29],["CPU",1],["IO",985],["CPU",1],["IO",1277],["CPU",1],["IO",33],["CPU",1],["IO",26],["CPU",468],["IO",34],["CPU",468],["IO",34],["CPU",1],["IO",36],["CPU",468],["IO",950],["CPU",1],["IO",1368],["CPU",468],["IO",912],["CPU",468],["IO",23],["CPU",468],["IO",36],["CPU",468],["IO",1165],["CPU",1],["IO",1400],["CPU",468],["IO",1299],["CPU",468],["IO",1181],["CPU",1],["IO",1134],["CPU",1],["IO",1362],["CPU",1],["IO",1361],["CPU",468],["IO",35],["CPU",1],["IO",29],["CPU",1],["IO",28],["CPU",468],["IO",26],["CPU",1],["IO",1055],["CPU",1],["IO",305],["CPU",468]]},{"arrivalTime":458373,"deadline":485366,"priority":"low","slices":[["CPU",2900],["IO",371],["CPU",1],["IO",87],["CPU",2900],["IO",362],["CPU",2900],["IO",171],["CPU",1]]},{"arrivalTime":462735,"deadline":487428,"priority":"low","slices":[["CPU",1],["IO",79],["CPU",1],["IO",332],["CPU",2540],["IO",316],["CPU",2540],["IO",166],["CPU",1]]},{"arrivalTime":467039,"deadline":472215,"priority":"high","slices":[["CPU",220],["IO",14],["CPU",220],["IO",15],["CPU",220],["IO",55],["CPU",1],["IO",15],["CPU",1],["IO",11],["CPU",220],["IO",14],["CPU",220],["IO",11],["CPU",1],["IO",11],["CPU",1],["IO",11],["CPU",1],["IO",12],["CPU",220]]},{"arrivalTime":471272,"deadline":483753,"priority":"high","slices":[["CPU",128],["IO",247],["CPU",1],["IO",37],["CPU",128],["IO",183],["CPU",128],["IO",32],["CPU",1],["IO",179],["CPU",1],["IO",30],["CPU",1],["IO",36],["CPU",1],["IO",153],["CPU",1],["IO",175],["CPU",128],["IO",30],["CPU",1],["IO",38],["CPU",128],["IO",245],["CPU",128],["IO",31],["CPU",128],["IO",48],["CPU",1],["IO",43],["CPU",128],["IO",201],["CPU",1],["IO",218],["CPU",1],["IO",34],["CPU",128],["IO",183],["CPU",128],["IO",36],["CPU",1],["IO",49],["CPU",128],["IO",215],["CPU",128],["IO",96],["CPU",1]]},{"arrivalTime":475465,"deadline":499934,"priority":"high","slices":[["CPU",1],["IO",318],["CPU",2956],["IO",249],["CPU",2956],["IO",41],["CPU",1]]},{"arrivalTime":479614,"deadline":503386,"priority":"low","slices":[["CPU",2388],["IO",82],["CPU",2388],["IO",95],["CPU",2388],["IO",406],["CPU",1],["IO",73],["CPU",1],["IO",42],["CPU",1]]},{"arrivalTime":483737,"deadline":496042,"priority":"low","slices":[["CPU",1],["IO",174],["CPU",1],["IO",178],["CPU",124],["IO",43],["CPU",1],["IO",36],["CPU",124],["IO",187],["CPU",124],["IO",35],["CPU",124],["IO",153],["CPU",1],["IO",46],["CPU",1],["IO",42],["CPU",1],["IO",177],["CPU",124],["IO",145],["CPU",124],["IO",34],["CPU",1],["IO",223],["CPU",124],["IO",158],["CPU",124],["IO",176],["CPU",124],["IO",45],["CPU",124],["IO",36],["CPU",1],["IO",173],["CPU",1],["IO",43],["CPU",124],["IO",222],["CPU",124],["IO",8],["CPU",1]]},{"arrivalTime":487860,"deadline":522541,"priority":"high","slices":[["CPU",2584],["IO",381],["CPU",1],["IO",75],["CPU",1],["IO",72],["CPU",2584],["IO",5],["CPU",1]]},{"arrivalTime":491947,"deadline":493040,"priority":"high","slices":[["CPU",548]]},{"arrivalTime":495999,"deadline":535100,"priority":"high","slices":[["CPU",1],["IO",594],["CPU",5890],["IO",357],["CPU",5890]]},{"arrivalTime":500060,"deadline":502326,"priority":"high","slices":[["CPU",82],["IO",479],["CPU",82]]},{"arrivalTime":504130,"deadline":526886,"priority":"high","slices":[["CPU",1],["IO",70],["CPU",364],["IO",61],["CPU",364],["IO",61],["CPU",364],["IO",336],["CPU",1],["IO",77],["CPU",364],["IO",63],["CPU",364],["IO",350],["CPU",1],["IO",317],["CPU",1],["IO",72],["CPU",1],["IO",64],["CPU",364],["IO",347],["CPU",364],["IO",55],["CPU",1],["IO",59],["CPU",364],["IO",348],["CPU",1],["IO",293],["CPU",364],["IO",356],["CPU",364],["IO",287],["CPU",364]]},{"arrivalTime":508148,"deadline":532036,"priority":"high","slices":[["CPU",264],["IO",267],["CPU",264],["IO",44],["CPU",1],["IO",55],["CPU",1],["IO",65],["CPU",1],["IO",42],["CPU",1],["IO",41],["CPU",1],["IO",55],["CPU",264],["IO",57],["CPU",264],["IO",208],["CPU",264],["IO",342],["CPU",1],["IO",232],["CPU",264],["IO",64],["CPU",1],["IO",57],["CPU",264],["IO",309],["CPU",1],["IO",47],["CPU",1],["IO",218],["CPU",1],["IO",50],["CPU",1],["IO",338],["CPU",1],["IO",217],["CPU",1],["IO",39],["CPU",1]]},{"arrivalTime":512232,"deadline":551695,"priority":"low","slices":[["CPU",614],["IO",546],["CPU",1],["IO",88],["CPU",1],["IO",366],["CPU",1],["IO",491],["CPU",614],["IO",503],["CPU",1],["IO",356],["CPU",1],["IO",85],["CPU",1],["IO",352],["CPU",614],["IO",446],["CPU",614],["IO",380],["CPU",1],["IO",88],["CPU",614],["IO",70],["CPU",614],["IO",383],["CPU",1],["IO",268],["CPU",614]]},{"arrivalTime":516328,"deadline":541022,"priority":"high","slices":[["CPU",1],["IO",94],["CPU",1506],["IO",58],["CPU",1],["IO",59],["CPU",1],["IO",68],["CPU",1506],["IO",416],["CPU",1506],["IO",61],["CPU",1],["IO",79],["CPU",1506],["IO",130],["CPU",1506]]},{"arrivalTime":520438,"deadline":532404,"priority":"low","slices":[["CPU",1],["IO",100],["CPU",1],["IO",22],["CPU",1],["IO",134],["CPU",1],["IO",101],["CPU",1],["IO",19],["CPU",1],["IO",22],["CPU",56],["IO",120],["CPU",1],["IO",126],["CPU",56],["IO",25],["CPU",56],["IO",99],["CPU",56],["IO",129],["CPU",56],["IO",31],["CPU",1],["IO",152],["CPU",1],["IO",97],["CPU",56],["IO",99],["CPU",1],["IO",28],["CPU",1],["IO",24],["CPU",1],["IO",138],["CPU",1],["IO",133],["CPU",56],["IO",126],["CPU",56],["IO",124],["CPU",56],["IO",22],["CPU",56]]},{"arrivalTime":524574,"deadline":735526,"priority":"high","slices":[["CPU",1],["IO",58],["CPU",1],["IO",51],["CPU",1],["IO",49],["CPU",1154],["IO",56],["CPU",1],["IO",45],["CPU",1],["IO",67],["CPU",1154],["IO",2332],["CPU",1],["IO",45],["CPU",1154],["IO",2564],["CPU",1],["IO",2765],["CPU",1],["IO",2020],["CPU",1154],["IO",2266],["CPU",1154],["IO",52],["CPU",1154],["IO",53],["CPU",1],["IO",70],["CPU",1154],["IO",2768],["CPU",1],["IO",66],["CPU",1154],["IO",2616],["CPU",1],["IO",2341],["CPU",1],["IO",57],["CPU",1],["IO",2152],["CPU",1],["IO",2210],["CPU",1],["IO",56],["CPU",1154],["IO",2278],["CPU",1154],["IO",2547],["CPU",1],["IO",1782],["CPU",1],["IO",53],["CPU",1],["IO",46],["CPU",1],["IO",2432],["CPU",1154],["IO",43],["CPU",1154],["IO",2325],["CPU",1],["IO",2031],["CPU",1]]},{"arrivalTime":528768,"deadline":562793,"priority":"high","slices":[["CPU",1],["IO",339],["CPU",1],["IO",456],["CPU",1],["IO",436],["CPU",1],["IO",64],["CPU",386],["IO",71],["CPU",1],["IO",324],["CPU",386],["IO",419],["CPU",386],["IO",477],["CPU",1],["IO",452],["CPU",386],["IO",377],["CPU",386],["IO",468],["CPU",1],["IO",80],["CPU",386],["IO",72],["CPU",1],["IO",402],["CPU",1],["IO",66],["CPU",1],["IO",186],["CPU",1]]},{"arrivalTime":532984,"deadline":563514,"priority":"high","slices":[["CPU",5096],["IO",352],["CPU",5096],["IO",282],["CPU",5096]]},{"arrivalTime":537298,"deadline":549272,"priority":"high","slices":[["CPU",1],["IO",25],["CPU",92],["IO",27],["CPU",1],["IO",31],["CPU",92],["IO",147],["CPU",92],["IO",117],["CPU",1],["IO",25],["CPU",1],["IO",30],["CPU",1],["IO",157],["CPU",1],["IO",27],["CPU",1],["IO",131],["CPU",1],["IO",23],["CPU",92],["IO",25],["CPU",1],["IO",134],["CPU",1],["IO",21],["CPU",92],["IO",154],["CPU",92],["IO",24],["CPU",1],["IO",134],["CPU",92],["IO",26],["CPU",1],["IO",149],["CPU",1],["IO",21],["CPU",1],["IO",116],["CPU",92],["IO",23],["CPU",92],["IO",20],["CPU",92]]},{"arrivalTime":541665,"deadline":587087,"priority":"high","slices":[["CPU",1],["IO",776],["CPU",292],["IO",890],["CPU",292],["IO",16],["CPU",1],["IO",919],["CPU",292],["IO",20],["CPU",292],["IO",15],["CPU",1],["IO",746],["CPU",292],["IO",14],["CPU",1],["IO",18],["CPU",292],["IO",21],["CPU",292],["IO",14],["CPU",292],["IO",952],["CPU",292],["IO",782],["CPU",292],["IO",17],["CPU",292],["IO",20],["CPU",1],["IO",17],["CPU",292],["IO",633],["CPU",1],["IO",843],["CPU",1],["IO",20],["CPU",292],["IO",695],["CPU",292],["IO",15],["CPU",1],["IO",21],["CPU",1],["IO",18],["CPU",292],["IO",22],["CPU",1],["IO",769],["CPU",292],["IO",18],["CPU",292],["IO",20],["CPU",1],["IO",764],["CPU",292],["IO",843],["CPU",1],["IO",815],["CPU",292],["IO",645],["CPU",292],["IO",927],["CPU",292],["IO",17],["CPU",1],["IO",18],["CPU",1],["IO",892],["CPU",292],["IO",22],["CPU",292],["IO",598],["CPU",292]]},{"arrivalTime":546111,"deadline":550161,"priority":"low","slices":[["CPU",1828]]},{"arrivalTime":550653,"deadline":571778,"priority":"high","slices":[["CPU",242],["IO",41],["CPU",242],["IO",253],["CPU",242],["IO",222],["CPU",1],["IO",278],["CPU",1],["IO",308],["CPU",242],["IO",308],["CPU",242],["IO",271],["CPU",1],["IO",249],["CPU",242],["IO",49],["CPU",242],["IO",254],["CPU",1],["IO",250],["CPU",242],["IO",251],["CPU",242],["IO",214],["CPU",1],["IO",45],["CPU",1],["IO",221],["CPU",242],["IO",54],["CPU",1]]},{"arrivalTime":555325,"deadline":577135,"priority":"high","slices":[["CPU",1956],["IO",221],["CPU",1956],["IO",303],["CPU",1],["IO",63],["CPU",1956],["IO",95],["CPU",1956]]},{"arrivalTime":560090,"deadline":597207,"priority":"low","slices":[["CPU",348],["IO",527],["CPU",1],["IO",89],["CPU",348],["IO",514],["CPU",1],["IO",85],["CPU",1],["IO",409],["CPU",1],["IO",81],["CPU",348],["IO",99],["CPU",348],["IO",76],["CPU",1],["IO",523],["CPU",1],["IO",548],["CPU",348],["IO",481],["CPU",1],["IO",440],["CPU",1],["IO",70],["CPU",348],["IO",386],["CPU",348],["IO",341],["CPU",348],["IO",92],["CPU",348],["IO",468],["CPU",1],["IO",74],["CPU",348],["IO",199],["CPU",348]]},{"arrivalTime":564987,"deadline":607332,"priority":"high","slices":[["CPU",2890],["IO",95],["CPU",2890],["IO",81],["CPU",1],["IO",108],["CPU",2890],["IO",388],["CPU",1],["IO",93],["CPU",2890]]},{"arrivalTime":570088,"deadline":572253,"priority":"high","slices":[["CPU",1],["IO",282],["CPU",78]]},{"arrivalTime":575379,"deadline":609254,"priority":"high","slices":[["CPU",2936],["IO",92],["CPU",1],["IO",424],["CPU",2936],["IO",101],["CPU",1],["IO",430],["CPU",1]]},{"arrivalTime":580870,"deadline":602228,"priority":"low","slices":[["CPU",1],["IO",320],["CPU",414],["IO",263],["CPU",1],["IO",347],["CPU",1],["IO",291],["CPU",1],["IO",295],["CPU",1],["IO",61],["CPU",414],["IO",51],["CPU",1],["IO",80],["CPU",414],["IO",60],["CPU",1],["IO",401],["CPU",1],["IO",289],["CPU",1],["IO",71],["CPU",1],["IO",342],["CPU",1],["IO",58],["CPU",1],["IO",336],["CPU",414]]},{"arrivalTime":586626,"deadline":620330,"priority":"high","slices":[["CPU",1],["IO",346],["CPU",3408],["IO",77],["CPU",3408],["IO",205],["CPU",1]]},{"arrivalTime":592649,"deadline":832944,"priority":"high","slices":[["CPU",56962],["IO",65],["CPU",1],["IO",940],["CPU",56962]]},{"arrivalTime":599053,"deadline":631392,"priority":"high","slices":[["CPU",2192],["IO",317],["CPU",1],["IO",78],["CPU",1],["IO",341],["CPU",2192],["IO",74],["CPU",1],["IO",33],["CPU",2192]]},{"arrivalTime":605870,"deadline":606675,"priority":"high","slices":[["CPU",394]]},{"arrivalTime":613246,"deadline":614480,"priority":"high","slices":[["CPU",1],["IO",156],["CPU",84]]},{"arrivalTime":621266,"deadline":666538,"priority":"high","slices":[["CPU",1],["IO",584],["CPU",1],["IO",106],["CPU",1],["IO",455],["CPU",1]]},{"arrivalTime":630210,"deadline":633597,"priority":"high","slices":[["CPU",1618]]},{"arrivalTime":640296,"deadline":668091,"priority":"low","slices":[["CPU",3280],["IO",82],["CPU",3280],["IO",435],["CPU",1],["IO",16],["CPU",1]]},{"arrivalTime":652027,"deadline":680468,"priority":"low","slices":[["CPU",2468],["IO",75],["CPU",2468],["IO",426],["CPU",2468],["IO",312],["CPU",1],["IO",91],["CPU",1],["IO",17],["CPU",1]]},{"arrivalTime":666340,"deadline":697660,"priority":"high","slices":[["CPU",2418],["IO",285],["CPU",2418],["IO",58],["CPU",1],["IO",59],["CPU",1],["IO",263],["CPU",2418]]},{"arrivalTime":685189,"deadline":699104,"priority":"low","slices":[["CPU",244],["IO",201],["CPU",244],["IO",207],["CPU",1],["IO",186],["CPU",1],["IO",148],["CPU",1],["IO",156],["CPU",1],["IO",32],["CPU",244],["IO",146],["CPU",244],["IO",37],["CPU",244],["IO",27],["CPU",244],["IO",183],["CPU",244],["IO",35],["CPU",244],["IO",33],["CPU",244],["IO",30],["CPU",1],["IO",126],["CPU",244]]},{"arrivalTime":714785,"deadline":748128,"priority":"low","slices":[["CPU",2136],["IO",387],["CPU",1],["IO",79],["CPU",2136],["IO",65],["CPU",1],["IO",55],["CPU",1],["IO",236],["CPU",2136]]}]
