[{"arrivalTime":0,"deadline":45675,"priority":"high","slices":[["CPU",244],["IO",375],["CPU",1],["IO",480],["CPU",1],["IO",560],["CPU",244],["IO",418],["CPU",1],["IO",9],["CPU",1],["IO",12],["CPU",244],["IO",12],["CPU",1],["IO",13],["CPU",1],["IO",11],["CPU",244],["IO",420],["CPU",244],["IO",448],["CPU",1],["IO",520],["CPU",1],["IO",9],["CPU",244],["IO",13],["CPU",244],["IO",9],["CPU",244],["IO",10],["CPU",244],["IO",10],["CPU",1],["IO",10],["CPU",244],["IO",431],["CPU",244],["IO",512],["CPU",1],["IO",361],["CPU",244],["IO",11],["CPU",244],["IO",516],["CPU",1],["IO",12],["CPU",1],["IO",351],["CPU",244],["IO",11],["CPU",1],["IO",8],["CPU",244],["IO",9],["CPU",1],["IO",11],["CPU",244],["IO",368],["CPU",1],["IO",354],["CPU",1],["IO",556],["CPU",244],["IO",11],["CPU",1],["IO",240],["CPU",244]]},{"arrivalTime":111401,"deadline":184711,"priority":"low","slices":[["CPU",314],["IO",730],["CPU",1],["IO",16],["CPU",314],["IO",491],["CPU",1],["IO",17],["CPU",314],["IO",12],["CPU",1],["IO",13],["CPU",314],["IO",773],["CPU",314],["IO",12],["CPU",1],["IO",13],["CPU",1],["IO",685],["CPU",314],["IO",18],["CPU",314],["IO",16],["CPU",314],["IO",501],["CPU",1],["IO",803],["CPU",1],["IO",16],["CPU",1],["IO",16],["CPU",1],["IO",19],["CPU",1],["IO",578],["CPU",1],["IO",632],["CPU",1],["IO",506],["CPU",314],["IO",13],["CPU",314],["IO",689],["CPU",314],["IO",526],["CPU",314],["IO",12],["CPU",1],["IO",731],["CPU",1],["IO",598],["CPU",314],["IO",529],["CPU",314],["IO",15],["CPU",314],["IO",15],["CPU",314],["IO",529],["CPU",314],["IO",12],["CPU",314],["IO",710],["CPU",1],["IO",13],["CPU",314],["IO",397],["CPU",1]]},{"arrivalTime":222818,"deadline":608090,"priority":"high","slices":[["CPU",1],["IO",82],["CPU",1],["IO",57],["CPU",34632],["IO",724],["CPU",1]]},{"arrivalTime":334091,"deadline":410687,"priority":"high","slices":[["CPU",1],["IO",13],["CPU",10800],["IO",133],["CPU",10800]]},{"arrivalTime":445471,"deadline":584407,"priority":"high","slices":[["CPU",1],["IO",208],["CPU",22134]]},{"arrivalTime":556588,"deadline":949881,"priority":"high","slices":[["CPU",1572],["IO",79],["CPU",1],["IO",70],["CPU",1],["IO",2177],["CPU",1],["IO",61],["CPU",1572],["IO",49],["CPU",1],["IO",54],["CPU",1],["IO",58],["CPU",1],["IO",61],["CPU",1],["IO",3122],["CPU",1],["IO",57],["CPU",1],["IO",60],["CPU",1572],["IO",2050],["CPU",1572],["IO",2169],["CPU",1572],["IO",60],["CPU",1],["IO",74],["CPU",1],["IO",67],["CPU",1],["IO",2762],["CPU",1572],["IO",2173],["CPU",1],["IO",66],["CPU",1],["IO",2874],["CPU",1572],["IO",2877],["CPU",1],["IO",2011],["CPU",1572],["IO",2441],["CPU",1572],["IO",2052],["CPU",1],["IO",2054],["CPU",1],["IO",3131],["CPU",1],["IO",2233],["CPU",1],["IO",69],["CPU",1],["IO",2014],["CPU",1],["IO",3160],["CPU",1572],["IO",1504],["CPU",1]]},{"arrivalTime":667677,"deadline":1108295,"priority":"high","slices":[["CPU",81358],["IO",659],["CPU",1]]},{"arrivalTime":778869,"deadline":1250627,"priority":"high","slices":[["CPU",23940],["IO",85],["CPU",23940],["IO",103],["CPU",23940],["IO",65],["CPU",23940],["IO",98],["CPU",1],["IO",70],["CPU",23940],["IO",610],["CPU",23940]]},{"arrivalTime":889639,"deadline":1328755,"priority":"low","slices":[["CPU",1928],["IO",4095],["CPU",1928],["IO",2644],["CPU",1],["IO",3179],["CPU",1928],["IO",3159],["CPU",1],["IO",89],["CPU",1],["IO",90],["CPU",1],["IO",96],["CPU",1],["IO",2927],["CPU",1928],["IO",72],["CPU",1928],["IO",2907],["CPU",1],["IO",4023],["CPU",1928],["IO",72],["CPU",1928],["IO",3870],["CPU",1928],["IO",3837],["CPU",1],["IO",89],["CPU",1],["IO",3032],["CPU",1928],["IO",85],["CPU",1928],["IO",2864],["CPU",1],["IO",69],["CPU",1],["IO",73],["CPU",1928],["IO",3031],["CPU",1928],["IO",3575],["CPU",1928],["IO",92],["CPU",1],["IO",4005],["CPU",1928],["IO",68],["CPU",1],["IO",2887],["CPU",1],["IO",73],["CPU",1928],["IO",63],["CPU",1],["IO",66],["CPU",1928],["IO",2603],["CPU",1928]]}]
