[{"arrivalTime":0,"deadline":2416,"priority":"low","slices":[["CPU",712]]},{"arrivalTime":1107,"deadline":6837,"priority":"high","slices":[["CPU",270],["IO",327],["CPU",270]]},{"arrivalTime":2189,"deadline":7569,"priority":"high","slices":[["CPU",1]]},{"arrivalTime":3274,"deadline":6082,"priority":"high","slices":[["CPU",128],["IO",184],["CPU",128]]},{"arrivalTime":4364,"deadline":11837,"priority":"low","slices":[["CPU",1536]]},{"arrivalTime":5464,"deadline":10569,"priority":"high","slices":[["CPU",1],["IO",605],["CPU",1]]},{"arrivalTime":6585,"deadline":14153,"priority":"high","slices":[["CPU",1]]},{"arrivalTime":7676,"deadline":10110,"priority":"high","slices":[["CPU",1],["IO",170],["CPU",1]]},{"arrivalTime":8810,"deadline":16674,"priority":"high","slices":[["CPU",362],["IO",454],["CPU",362]]},{"arrivalTime":9882,"deadline":12455,"priority":"low","slices":[["CPU",1]]},{"arrivalTime":10995,"deadline":11929,"priority":"high","slices":[["CPU",1],["IO",110],["CPU",20]]},{"arrivalTime":12093,"deadline":15689,"priority":"high","slices":[["CPU",1],["IO",307],["CPU",1]]},{"arrivalTime":13202,"deadline":21809,"priority":"high","slices":[["CPU",1],["IO",572],["CPU",356]]},{"arrivalTime":14291,"deadline":15442,"priority":"low","slices":[["CPU",278]]},{"arrivalTime":15400,"deadline":19017,"priority":"high","slices":[["CPU",1],["IO",432],["CPU",1]]},{"arrivalTime":16512,"deadline":18465,"priority":"high","slices":[["CPU",1]]},{"arrivalTime":17609,"deadline":21491,"priority":"high","slices":[["CPU",1]]},{"arrivalTime":18720,"deadline":26466,"priority":"high","slices":[["CPU",252],["IO",705],["CPU",1]]},{"arrivalTime":19827,"deadline":28319,"priority":"low","slices":[["CPU",1],["IO",783],["CPU",1]]},{"arrivalTime":20908,"deadline":24214,"priority":"low","slices":[["CPU",848]]},{"arrivalTime":22046,"deadline":27036,"priority":"high","slices":[["CPU",1],["IO",374],["CPU",172]]},{"arrivalTime":23141,"deadline":25917,"priority":"high","slices":[["CPU",1],["IO",340],["CPU",1]]},{"arrivalTime":24211,"deadline":30344,"priority":"low","slices":[["CPU",1364]]},{"arrivalTime":25312,"deadline":33650,"priority":"low","slices":[["CPU",1]]},{"arrivalTime":26402,"deadline":27775,"priority":"high","slices":[["CPU",28],["IO",132],["CPU",28]]},{"arrivalTime":27515,"deadline":32689,"priority":"high","slices":[["CPU",1]]},{"arrivalTime":28577,"deadline":29658,"priority":"low","slices":[["CPU",1],["IO",67],["CPU",1]]},{"arrivalTime":29664,"deadline":37588,"priority":"high","slices":[["CPU",1],["IO",826],["CPU",1]]},{"arrivalTime":30767,"deadline":34614,"priority":"low","slices":[["CPU",1],["IO",339],["CPU",274]]},{"arrivalTime":31864,"deadline":36464,"priority":"high","slices":[["CPU",274],["IO",430],["CPU",1]]},{"arrivalTime":32970,"deadline":38874,"priority":"high","slices":[["CPU",1742]]},{"arrivalTime":34063,"deadline":40816,"priority":"low","slices":[["CPU",1],["IO",596],["CPU",1]]},{"arrivalTime":35175,"deadline":36531,"priority":"low","slices":[["CPU",54],["IO",97],["CPU",1]]},{"arrivalTime":36283,"deadline":37148,"priority":"high","slices":[["CPU",206]]},{"arrivalTime":37382,"deadline":43808,"priority":"low","slices":[["CPU",222],["IO",697],["CPU",222]]},{"arrivalTime":38472,"deadline":40404,"priority":"high","slices":[["CPU",1],["IO",270],["CPU",46]]},{"arrivalTime":39575,"deadline":41667,"priority":"low","slices":[["CPU",1]]},{"arrivalTime":40656,"deadline":42988,"priority":"high","slices":[["CPU",1]]},{"arrivalTime":41767,"deadline":46353,"priority":"low","slices":[["CPU",1458]]},{"arrivalTime":42857,"deadline":48893,"priority":"high","slices":[["CPU",1],["IO",486],["CPU",1]]},{"arrivalTime":43945,"deadline":47666,"priority":"low","slices":[["CPU",1132]]},{"arrivalTime":44999,"deadline":48743,"priority":"low","slices":[["CPU",214],["IO",322],["CPU",214]]},{"arrivalTime":46094,"deadline":55568,"priority":"high","slices":[["CPU",148],["IO",841],["CPU",1]]},{"arrivalTime":47200,"deadline":49441,"priority":"high","slices":[["CPU",1]]},{"arrivalTime":48303,"deadline":53069,"priority":"low","slices":[["CPU",1430]]},{"arrivalTime":49410,"deadline":55395,"priority":"high","slices":[["CPU",1]]},{"arrivalTime":50504,"deadline":55421,"priority":"low","slices":[["CPU",1],["IO",378],["CPU",1]]},{"arrivalTime":51617,"deadline":52879,"priority":"high","slices":[["CPU",386]]},{"arrivalTime":52723,"deadline":53665,"priority":"low","slices":[["CPU",30],["IO",91],["CPU",1]]},{"arrivalTime":53855,"deadline":58880,"priority":"high","slices":[["CPU",1],["IO",524],["CPU",208]]},{"arrivalTime":54967,"deadline":61492,"priority":"high","slices":[["CPU",372],["IO",555],["CPU",1]]},{"arrivalTime":56064,"deadline":59014,"priority":"low","slices":[["CPU",110],["IO",340],["CPU",110]]},{"arrivalTime":57184,"deadline":58293,"priority":"high","slices":[["CPU",226]]},{"arrivalTime":58282,"deadline":60505,"priority":"high","slices":[["CPU",116],["IO",178],["CPU",1]]},{"arrivalTime":59382,"deadline":60281,"priority":"low","slices":[["CPU",1]]},{"arrivalTime":60510,"deadline":61709,"priority":"low","slices":[["CPU",1]]},{"arrivalTime":61567,"deadline":65595,"priority":"low","slices":[["CPU",1],["IO",420],["CPU",1]]},{"arrivalTime":62674,"deadline":70287,"priority":"high","slices":[["CPU",1638]]},{"arrivalTime":63740,"deadline":70908,"priority":"low","slices":[["CPU",1]]},{"arrivalTime":64844,"deadline":70815,"priority":"low","slices":[["CPU",154],["IO",493],["CPU",154]]},{"arrivalTime":65932,"deadline":67897,"priority":"high","slices":[["CPU",1]]},{"arrivalTime":67033,"deadline":69557,"priority":"low","slices":[["CPU",1]]},{"arrivalTime":68102,"deadline":75273,"priority":"low","slices":[["CPU",1]]},{"arrivalTime":69206,"deadline":74769,"priority":"high","slices":[["CPU",72],["IO",501],["CPU",1]]},{"arrivalTime":70284,"deadline":79265,"priority":"high","slices":[["CPU",380],["IO",604],["CPU",380]]},{"arrivalTime":71410,"deadline":74475,"priority":"low","slices":[["CPU",1],["IO",296],["CPU",68]]},{"arrivalTime":72543,"deadline":73604,"priority":"high","slices":[["CPU",274]]},{"arrivalTime":73619,"deadline":79624,"priority":"high","slices":[["CPU",1]]},{"arrivalTime":74723,"deadline":78250,"priority":"low","slices":[["CPU",1],["IO",435],["CPU",1]]},{"arrivalTime":75789,"deadline":83279,"priority":"low","slices":[["CPU",1],["IO",633],["CPU",1]]},{"arrivalTime":76920,"deadline":79490,"priority":"low","slices":[["CPU",112],["IO",266],["CPU",1]]},{"arrivalTime":78015,"deadline":79059,"priority":"low","slices":[["CPU",1],["IO",89],["CPU",68]]},{"arrivalTime":79104,"deadline":82879,"priority":"low","slices":[["CPU",1]]},{"arrivalTime":80193,"deadline":88049,"priority":"low","slices":[["CPU",1]]},{"arrivalTime":81287,"deadline":87236,"priority":"low","slices":[["CPU",1],["IO",471],["CPU",1]]},{"arrivalTime":82404,"deadline":86582,"priority":"low","slices":[["CPU",1],["IO",373],["CPU",114]]},{"arrivalTime":83468,"deadline":85740,"priority":"high","slices":[["CPU",612]]},{"arrivalTime":84542,"deadline":88140,"priority":"high","slices":[["CPU",1],["IO",247],["CPU",1]]},{"arrivalTime":85639,"deadline":92730,"priority":"high","slices":[["CPU",1]]},{"arrivalTime":86748,"deadline":92807,"priority":"low","slices":[["CPU",390],["IO",597],["CPU",390]]},{"arrivalTime":87853,"deadline":89543,"priority":"high","slices":[["CPU",490]]},{"arrivalTime":88951,"deadline":92528,"priority":"high","slices":[["CPU",1],["IO",305],["CPU",256]]},{"arrivalTime":90108,"deadline":93750,"priority":"high","slices":[["CPU",898]]},{"arrivalTime":91219,"deadline":100120,"priority":"high","slices":[["CPU",1]]},{"arrivalTime":92296,"deadline":94016,"priority":"low","slices":[["CPU",1],["IO",183],["CPU",1]]},{"arrivalTime":93407,"deadline":102733,"priority":"high","slices":[["CPU",1916]]},{"arrivalTime":94503,"deadline":99014,"priority":"high","slices":[["CPU",1]]},{"arrivalTime":95597,"deadline":98846,"priority":"low","slices":[["CPU",1]]},{"arrivalTime":96704,"deadline":98136,"priority":"low","slices":[["CPU",372]]},{"arrivalTime":97830,"deadline":98796,"priority":"low","slices":[["CPU",1],["IO",78],["CPU",34]]},{"arrivalTime":98952,"deadline":105597,"priority":"low","slices":[["CPU",1610]]},{"arrivalTime":100093,"deadline":103619,"priority":"low","slices":[["CPU",1],["IO",252],["CPU",128]]},{"arrivalTime":101211,"deadline":104766,"priority":"high","slices":[["CPU",834]]},{"arrivalTime":102322,"deadline":107742,"priority":"high","slices":[["CPU",168],["IO",509],["CPU",1]]},{"arrivalTime":103427,"deadline":104605,"priority":"low","slices":[["CPU",378]]},{"arrivalTime":104527,"deadline":106958,"priority":"high","slices":[["CPU",1],["IO",238],["CPU",1]]},{"arrivalTime":105630,"deadline":108055,"priority":"low","slices":[["CPU",494]]},{"arrivalTime":106733,"deadline":114614,"priority":"high","slices":[["CPU",1]]},{"arrivalTime":107808,"deadline":113689,"priority":"high","slices":[["CPU",262],["IO",547],["CPU",1]]},{"arrivalTime":108888,"deadline":111039,"priority":"high","slices":[["CPU",698]]},{"arrivalTime":110001,"deadline":118440,"priority":"low","slices":[["CPU",1776]]},{"arrivalTime":111123,"deadline":117145,"priority":"high","slices":[["CPU",1990]]},{"arrivalTime":112215,"deadline":113794,"priority":"high","slices":[["CPU",1]]},{"arrivalTime":113294,"deadline":116407,"priority":"high","slices":[["CPU",632]]},{"arrivalTime":114397,"deadline":116116,"priority":"high","slices":[["CPU",472]]},{"arrivalTime":115493,"deadline":121004,"priority":"high","slices":[["CPU",1502]]},{"arrivalTime":116577,"deadline":123069,"priority":"high","slices":[["CPU",1]]},{"arrivalTime":117692,"deadline":124775,"priority":"low","slices":[["CPU",1],["IO",445],["CPU",288]]},{"arrivalTime":118814,"deadline":123867,"priority":"high","slices":[["CPU",1],["IO",335],["CPU",288]]},{"arrivalTime":119947,"deadline":125989,"priority":"low","slices":[["CPU",1232]]},{"arrivalTime":121046,"deadline":122808,"priority":"low","slices":[["CPU",1]]},{"arrivalTime":122135,"deadline":126996,"priority":"high","slices":[["CPU",1]]},{"arrivalTime":123238,"deadline":128374,"priority":"high","slices":[["CPU",262],["IO",395],["CPU",1]]},{"arrivalTime":124342,"deadline":126854,"priority":"low","slices":[["CPU",1],["IO",226],["CPU",1]]},{"arrivalTime":125455,"deadline":132493,"priority":"high","slices":[["CPU",140],["IO",671],["CPU",140]]},{"arrivalTime":126579,"deadline":136062,"priority":"low","slices":[["CPU",1]]},{"arrivalTime":127708,"deadline":132819,"priority":"high","slices":[["CPU",1],["IO",544],["CPU",1]]},{"arrivalTime":128783,"deadline":133861,"priority":"high","slices":[["CPU",1578]]},{"arrivalTime":129865,"deadline":134207,"priority":"high","slices":[["CPU",1],["IO",376],["CPU",1]]},{"arrivalTime":130961,"deadline":132361,"priority":"low","slices":[["CPU",1],["IO",132],["CPU",1]]},{"arrivalTime":132081,"deadline":137994,"priority":"high","slices":[["CPU",1410]]},{"arrivalTime":133174,"deadline":135266,"priority":"low","slices":[["CPU",1],["IO",154],["CPU",1]]},{"arrivalTime":134285,"deadline":135393,"priority":"low","slices":[["CPU",66],["IO",73],["CPU",1]]},{"arrivalTime":135410,"deadline":142165,"priority":"low","slices":[["CPU",414],["IO",477],["CPU",414]]},{"arrivalTime":136531,"deadline":143680,"priority":"high","slices":[["CPU",1528]]},{"arrivalTime":137609,"deadline":142742,"priority":"high","slices":[["CPU",1286]]},{"arrivalTime":138696,"deadline":143802,"priority":"high","slices":[["CPU",138],["IO",412],["CPU",138]]},{"arrivalTime":139758,"deadline":145709,"priority":"low","slices":[["CPU",1476]]},{"arrivalTime":140844,"deadline":146720,"priority":"low","slices":[["CPU",1324]]},{"arrivalTime":141954,"deadline":144645,"priority":"low","slices":[["CPU",580]]},{"arrivalTime":143045,"deadline":145229,"priority":"low","slices":[["CPU",534]]},{"arrivalTime":144121,"deadline":146536,"priority":"low","slices":[["CPU",120],["IO",215],["CPU",1]]},{"arrivalTime":145204,"deadline":146873,"priority":"low","slices":[["CPU",1]]},{"arrivalTime":146288,"deadline":147016,"priority":"high","slices":[["CPU",1]]},{"arrivalTime":147382,"deadline":151163,"priority":"high","slices":[["CPU",1]]},{"arrivalTime":148456,"deadline":151628,"priority":"low","slices":[["CPU",104],["IO",240],["CPU",104]]},{"arrivalTime":149568,"deadline":155702,"priority":"low","slices":[["CPU",1]]},{"arrivalTime":150693,"deadline":151616,"priority":"high","slices":[["CPU",284]]},{"arrivalTime":151775,"deadline":154713,"priority":"high","slices":[["CPU",1],["IO",273],["CPU",136]]},{"arrivalTime":152905,"deadline":159558,"priority":"high","slices":[["CPU",1],["IO",476],["CPU",378]]},{"arrivalTime":153963,"deadline":158357,"priority":"high","slices":[["CPU",966]]},{"arrivalTime":155067,"deadline":158735,"priority":"low","slices":[["CPU",1],["IO",395],["CPU",132]]},{"arrivalTime":156196,"deadline":164684,"priority":"low","slices":[["CPU",374],["IO",499],["CPU",1]]},{"arrivalTime":157294,"deadline":159964,"priority":"high","slices":[["CPU",1],["IO",217],["CPU",1]]},{"arrivalTime":158392,"deadline":159361,"priority":"low","slices":[["CPU",32],["IO",115],["CPU",32]]},{"arrivalTime":159497,"deadline":162568,"priority":"low","slices":[["CPU",1]]},{"arrivalTime":160610,"deadline":162309,"priority":"high","slices":[["CPU",78],["IO",135],["CPU",78]]},{"arrivalTime":161679,"deadline":166348,"priority":"high","slices":[["CPU",1]]},{"arrivalTime":162784,"deadline":165310,"priority":"high","slices":[["CPU",1]]},{"arrivalTime":163868,"deadline":168061,"priority":"low","slices":[["CPU",232],["IO",289],["CPU",1]]},{"arrivalTime":164978,"deadline":168782,"priority":"low","slices":[["CPU",1],["IO",428],["CPU",92]]},{"arrivalTime":166068,"deadline":168289,"priority":"low","slices":[["CPU",680]]},{"arrivalTime":167177,"deadline":171518,"priority":"high","slices":[["CPU",1]]},{"arrivalTime":168284,"deadline":175191,"priority":"high","slices":[["CPU",1],["IO",660],["CPU",1]]},{"arrivalTime":169391,"deadline":171318,"priority":"high","slices":[["CPU",1],["IO",110],["CPU",1]]},{"arrivalTime":170504,"deadline":175789,"priority":"high","slices":[["CPU",1744]]},{"arrivalTime":171583,"deadline":173975,"priority":"low","slices":[["CPU",38],["IO",214],["CPU",38]]},{"arrivalTime":172659,"deadline":176776,"priority":"high","slices":[["CPU",1]]},{"arrivalTime":173757,"deadline":180748,"priority":"low","slices":[["CPU",1460]]},{"arrivalTime":174861,"deadline":178772,"priority":"high","slices":[["CPU",1]]},{"arrivalTime":175962,"deadline":181776,"priority":"high","slices":[["CPU",1],["IO",442],["CPU",166]]},{"arrivalTime":177084,"deadline":184386,"priority":"high","slices":[["CPU",1],["IO",599],["CPU",348]]},{"arrivalTime":178203,"deadline":184022,"priority":"high","slices":[["CPU",1]]},{"arrivalTime":179307,"deadline":184972,"priority":"low","slices":[["CPU",1364]]},{"arrivalTime":180396,"deadline":185381,"priority":"high","slices":[["CPU",1]]},{"arrivalTime":181511,"deadline":184815,"priority":"low","slices":[["CPU",698]]},{"arrivalTime":182606,"deadline":183552,"priority":"high","slices":[["CPU",38],["IO",96],["CPU",1]]},{"arrivalTime":183715,"deadline":185235,"priority":"low","slices":[["CPU",1],["IO",101],["CPU",52]]},{"arrivalTime":184787,"deadline":188026,"priority":"high","slices":[["CPU",652]]},{"arrivalTime":185872,"deadline":187445,"priority":"high","slices":[["CPU",1]]},{"arrivalTime":186945,"deadline":189417,"priority":"high","slices":[["CPU",708]]},{"arrivalTime":188036,"deadline":190491,"priority":"low","slices":[["CPU",1],["IO",146],["CPU",1]]},{"arrivalTime":189163,"deadline":191726,"priority":"high","slices":[["CPU",112],["IO",226],["CPU",1]]},{"arrivalTime":190279,"deadline":193562,"priority":"high","slices":[["CPU",152],["IO",183],["CPU",1]]},{"arrivalTime":191379,"deadline":195849,"priority":"low","slices":[["CPU",158],["IO",293],["CPU",158]]},{"arrivalTime":192459,"deadline":200810,"priority":"high","slices":[["CPU",324],["IO",527],["CPU",324]]},{"arrivalTime":193578,"deadline":196563,"priority":"high","slices":[["CPU",1]]},{"arrivalTime":194704,"deadline":200514,"priority":"low","slices":[["CPU",1],["IO",676],["CPU",1]]},{"arrivalTime":195774,"deadline":199400,"priority":"high","slices":[["CPU",774]]},{"arrivalTime":196884,"deadline":202898,"priority":"low","slices":[["CPU",1]]},{"arrivalTime":197965,"deadline":203247,"priority":"low","slices":[["CPU",1404]]},{"arrivalTime":199066,"deadline":202254,"priority":"high","slices":[["CPU",1],["IO",196],["CPU",1]]},{"arrivalTime":200145,"deadline":205097,"priority":"low","slices":[["CPU",182],["IO",593],["CPU",1]]},{"arrivalTime":201258,"deadline":210802,"priority":"high","slices":[["CPU",1914]]},{"arrivalTime":202373,"deadline":209388,"priority":"high","slices":[["CPU",1]]},{"arrivalTime":203505,"deadline":207795,"priority":"high","slices":[["CPU",1]]},{"arrivalTime":204614,"deadline":207009,"priority":"high","slices":[["CPU",1],["IO",190],["CPU",1]]},{"arrivalTime":205725,"deadline":214890,"priority":"low","slices":[["CPU",1]]},{"arrivalTime":206814,"deadline":210082,"priority":"high","slices":[["CPU",126],["IO",292],["CPU",1]]},{"arrivalTime":207916,"deadline":210573,"priority":"low","slices":[["CPU",50],["IO",282],["CPU",50]]},{"arrivalTime":209013,"deadline":216893,"priority":"high","slices":[["CPU",440],["IO",494],["CPU",440]]},{"arrivalTime":210124,"deadline":215584,"priority":"low","slices":[["CPU",222],["IO",687],["CPU",1]]},{"arrivalTime":211192,"deadline":219457,"priority":"high","slices":[["CPU",1962]]},{"arrivalTime":212298,"deadline":213237,"priority":"low","slices":[["CPU",1]]},{"arrivalTime":213375,"deadline":215828,"priority":"high","slices":[["CPU",638]]},{"arrivalTime":214464,"deadline":223894,"priority":"low","slices":[["CPU",208],["IO",754],["CPU",1]]},{"arrivalTime":215553,"deadline":223513,"priority":"low","slices":[["CPU",1944]]},{"arrivalTime":216648,"deadline":225400,"priority":"high","slices":[["CPU",1],["IO",778],["CPU",192]]},{"arrivalTime":217762,"deadline":219146,"priority":"low","slices":[["CPU",1],["IO",131],["CPU",52]]},{"arrivalTime":218885,"deadline":223352,"priority":"high","slices":[["CPU",164],["IO",350],["CPU",1]]},{"arrivalTime":219976,"deadline":223221,"priority":"low","slices":[["CPU",778]]},{"arrivalTime":221061,"deadline":226897,"priority":"low","slices":[["CPU",1]]},{"arrivalTime":222163,"deadline":226550,"priority":"high","slices":[["CPU",1],["IO",526],["CPU",180]]},{"arrivalTime":223259,"deadline":230358,"priority":"high","slices":[["CPU",1472]]},{"arrivalTime":224361,"deadline":227332,"priority":"low","slices":[["CPU",872]]},{"arrivalTime":225462,"deadline":227960,"priority":"low","slices":[["CPU",624]]},{"arrivalTime":226578,"deadline":230075,"priority":"low","slices":[["CPU",98],["IO",313],["CPU",98]]},{"arrivalTime":227644,"deadline":228774,"priority":"low","slices":[["CPU",46],["IO",76],["CPU",46]]},{"arrivalTime":228738,"deadline":234206,"priority":"low","slices":[["CPU",1],["IO",382],["CPU",1]]},{"arrivalTime":229805,"deadline":234666,"priority":"high","slices":[["CPU",346],["IO",389],["CPU",346]]},{"arrivalTime":230908,"deadline":232449,"priority":"high","slices":[["CPU",1],["IO",166],["CPU",36]]},{"arrivalTime":232000,"deadline":240269,"priority":"low","slices":[["CPU",438],["IO",548],["CPU",438]]},{"arrivalTime":233064,"deadline":239400,"priority":"low","slices":[["CPU",1318]]},{"arrivalTime":234164,"deadline":238030,"priority":"low","slices":[["CPU",1]]},{"arrivalTime":235304,"deadline":241887,"priority":"high","slices":[["CPU",160],["IO",569],["CPU",160]]},{"arrivalTime":236403,"deadline":241932,"priority":"low","slices":[["CPU",1]]},{"arrivalTime":237508,"deadline":246457,"priority":"high","slices":[["CPU",1],["IO",718],["CPU",182]]},{"arrivalTime":238573,"deadline":239702,"priority":"high","slices":[["CPU",1],["IO",84],["CPU",76]]},{"arrivalTime":239687,"deadline":247477,"priority":"low","slices":[["CPU",1884]]},{"arrivalTime":240789,"deadline":244002,"priority":"low","slices":[["CPU",1],["IO",240],["CPU",1]]},{"arrivalTime":241864,"deadline":250226,"priority":"low","slices":[["CPU",1]]},{"arrivalTime":242942,"deadline":250754,"priority":"low","slices":[["CPU",1]]},{"arrivalTime":244044,"deadline":246359,"priority":"low","slices":[["CPU",1]]},{"arrivalTime":245136,"deadline":249872,"priority":"low","slices":[["CPU",1298]]},{"arrivalTime":246216,"deadline":250524,"priority":"low","slices":[["CPU",1],["IO",366],["CPU",1]]},{"arrivalTime":247314,"deadline":252889,"priority":"low","slices":[["CPU",250],["IO",568],["CPU",250]]},{"arrivalTime":248416,"deadline":251956,"priority":"low","slices":[["CPU",1],["IO",428],["CPU",1]]},{"arrivalTime":249530,"deadline":252058,"priority":"low","slices":[["CPU",1]]},{"arrivalTime":250628,"deadline":253542,"priority":"low","slices":[["CPU",168],["IO",280],["CPU",168]]},{"arrivalTime":251706,"deadline":256342,"priority":"high","slices":[["CPU",1]]},{"arrivalTime":252785,"deadline":253773,"priority":"high","slices":[["CPU",1],["IO",65],["CPU",38]]},{"arrivalTime":253865,"deadline":255348,"priority":"low","slices":[["CPU",494]]},{"arrivalTime":254972,"deadline":258897,"priority":"high","slices":[["CPU",908]]},{"arrivalTime":256076,"deadline":261517,"priority":"high","slices":[["CPU",298],["IO",359],["CPU",1]]},{"arrivalTime":257199,"deadline":259148,"priority":"low","slices":[["CPU",1]]},{"arrivalTime":258303,"deadline":260439,"priority":"high","slices":[["CPU",1],["IO",262],["CPU",1]]},{"arrivalTime":259399,"deadline":263139,"priority":"high","slices":[["CPU",1]]},{"arrivalTime":260501,"deadline":265169,"priority":"high","slices":[["CPU",972]]},{"arrivalTime":261642,"deadline":267024,"priority":"low","slices":[["CPU",102],["IO",672],["CPU",102]]},{"arrivalTime":262747,"deadline":267445,"priority":"low","slices":[["CPU",1]]},{"arrivalTime":263839,"deadline":269986,"priority":"low","slices":[["CPU",1],["IO",428],["CPU",1]]},{"arrivalTime":264970,"deadline":271173,"priority":"low","slices":[["CPU",1]]},{"arrivalTime":266047,"deadline":271123,"priority":"high","slices":[["CPU",1],["IO",293],["CPU",1]]},{"arrivalTime":267167,"deadline":268523,"priority":"high","slices":[["CPU",1],["IO",150],["CPU",1]]},{"arrivalTime":268234,"deadline":271279,"priority":"high","slices":[["CPU",112],["IO",209],["CPU",1]]},{"arrivalTime":269349,"deadline":276645,"priority":"low","slices":[["CPU",1]]},{"arrivalTime":270427,"deadline":273790,"priority":"low","slices":[["CPU",1],["IO",298],["CPU",104]]},{"arrivalTime":271526,"deadline":275890,"priority":"high","slices":[["CPU",1],["IO",364],["CPU",1]]},{"arrivalTime":272619,"deadline":277890,"priority":"high","slices":[["CPU",1],["IO",475],["CPU",296]]},{"arrivalTime":273707,"deadline":278308,"priority":"high","slices":[["CPU",258],["IO",340],["CPU",258]]},{"arrivalTime":274803,"deadline":277393,"priority":"low","slices":[["CPU",1]]},{"arrivalTime":275896,"deadline":277079,"priority":"low","slices":[["CPU",1]]},{"arrivalTime":277018,"deadline":280918,"priority":"low","slices":[["CPU",130],["IO",445],["CPU",130]]},{"arrivalTime":278112,"deadline":287494,"priority":"low","slices":[["CPU",140],["IO",835],["CPU",1]]},{"arrivalTime":279209,"deadline":287309,"priority":"low","slices":[["CPU",1860]]},{"arrivalTime":280321,"deadline":282895,"priority":"high","slices":[["CPU",784]]},{"arrivalTime":281421,"deadline":283514,"priority":"low","slices":[["CPU",1],["IO",213],["CPU",78]]},{"arrivalTime":282521,"deadline":288488,"priority":"high","slices":[["CPU",1]]},{"arrivalTime":283589,"deadline":292655,"priority":"high","slices":[["CPU",236],["IO",723],["CPU",236]]},{"arrivalTime":284711,"deadline":290434,"priority":"high","slices":[["CPU",1]]},{"arrivalTime":285795,"deadline":291774,"priority":"low","slices":[["CPU",1306]]},{"arrivalTime":286920,"deadline":291544,"priority":"low","slices":[["CPU",964]]},{"arrivalTime":288018,"deadline":290913,"priority":"low","slices":[["CPU",1]]},{"arrivalTime":289131,"deadline":290026,"priority":"high","slices":[["CPU",1],["IO",84],["CPU",18]]},{"arrivalTime":290245,"deadline":296403,"priority":"high","slices":[["CPU",334],["IO",559],["CPU",334]]},{"arrivalTime":291350,"deadline":298096,"priority":"low","slices":[["CPU",1528]]},{"arrivalTime":292429,"deadline":294229,"priority":"low","slices":[["CPU",396]]},{"arrivalTime":293498,"deadline":294910,"priority":"low","slices":[["CPU",26],["IO",151],["CPU",1]]},{"arrivalTime":294618,"deadline":295721,"priority":"low","slices":[["CPU",1]]},{"arrivalTime":295719,"deadline":301492,"priority":"high","slices":[["CPU",1],["IO",351],["CPU",252]]},{"arrivalTime":296811,"deadline":301184,"priority":"low","slices":[["CPU",1],["IO",317],["CPU",190]]},{"arrivalTime":297900,"deadline":300639,"priority":"low","slices":[["CPU",1]]},{"arrivalTime":298990,"deadline":305960,"priority":"low","slices":[["CPU",1]]},{"arrivalTime":300084,"deadline":303223,"priority":"high","slices":[["CPU",202],["IO",240],["CPU",202]]},{"arrivalTime":301222,"deadline":303525,"priority":"high","slices":[["CPU",1],["IO",252],["CPU",1]]},{"arrivalTime":302296,"deadline":304564,"priority":"high","slices":[["CPU",480]]},{"arrivalTime":303402,"deadline":306241,"priority":"low","slices":[["CPU",692]]},{"arrivalTime":304527,"deadline":310834,"priority":"low","slices":[["CPU",1]]},{"arrivalTime":305635,"deadline":310884,"priority":"high","slices":[["CPU",1],["IO",417],["CPU",1]]},{"arrivalTime":306755,"deadline":310718,"priority":"low","slices":[["CPU",1]]},{"arrivalTime":307837,"deadline":308895,"priority":"low","slices":[["CPU",1],["IO",97],["CPU",42]]},{"arrivalTime":308925,"deadline":310666,"priority":"low","slices":[["CPU",70],["IO",181],["CPU",70]]},{"arrivalTime":310021,"deadline":311681,"priority":"low","slices":[["CPU",1],["IO",169],["CPU",82]]},{"arrivalTime":311120,"deadline":320756,"priority":"low","slices":[["CPU",444],["IO",520],["CPU",1]]},{"arrivalTime":312197,"deadline":316156,"priority":"high","slices":[["CPU",1266]]},{"arrivalTime":313307,"deadline":319981,"priority":"high","slices":[["CPU",1834]]},{"arrivalTime":314435,"deadline":320856,"priority":"low","slices":[["CPU",206],["IO",514],["CPU",206]]},{"arrivalTime":315514,"deadline":317608,"priority":"high","slices":[["CPU",1],["IO",237],["CPU",1]]},{"arrivalTime":316574,"deadline":323875,"priority":"low","slices":[["CPU",1]]},{"arrivalTime":317688,"deadline":324372,"priority":"low","slices":[["CPU",280],["IO",581],["CPU",280]]},{"arrivalTime":318784,"deadline":328253,"priority":"high","slices":[["CPU",1],["IO",784],["CPU",178]]},{"arrivalTime":319875,"deadline":322238,"priority":"high","slices":[["CPU",1],["IO",179],["CPU",1]]},{"arrivalTime":321006,"deadline":326128,"priority":"low","slices":[["CPU",312],["IO",519],["CPU",1]]},{"arrivalTime":322121,"deadline":324370,"priority":"low","slices":[["CPU",1]]},{"arrivalTime":323214,"deadline":325356,"priority":"high","slices":[["CPU",96],["IO",221],["CPU",1]]},{"arrivalTime":324328,"deadline":328819,"priority":"high","slices":[["CPU",1]]},{"arrivalTime":325423,"deadline":328232,"priority":"high","slices":[["CPU",1]]},{"arrivalTime":326550,"deadline":332198,"priority":"high","slices":[["CPU",1],["IO",371],["CPU",1]]},{"arrivalTime":327631,"deadline":334610,"priority":"low","slices":[["CPU",1],["IO",412],["CPU",1]]},{"arrivalTime":328735,"deadline":335753,"priority":"low","slices":[["CPU",320],["IO",388],["CPU",320]]},{"arrivalTime":329825,"deadline":332646,"priority":"low","slices":[["CPU",1]]},{"arrivalTime":330942,"deadline":332691,"priority":"low","slices":[["CPU",476]]},{"arrivalTime":332030,"deadline":333530,"priority":"high","slices":[["CPU",312]]},{"arrivalTime":333112,"deadline":336124,"priority":"low","slices":[["CPU",1]]},{"arrivalTime":334246,"deadline":338250,"priority":"low","slices":[["CPU",1]]},{"arrivalTime":335327,"deadline":337095,"priority":"high","slices":[["CPU",1]]},{"arrivalTime":336429,"deadline":337134,"priority":"low","slices":[["CPU",1],["IO",76],["CPU",38]]},{"arrivalTime":337515,"deadline":346799,"priority":"high","slices":[["CPU",396],["IO",535],["CPU",396]]},{"arrivalTime":338647,"deadline":346141,"priority":"high","slices":[["CPU",180],["IO",636],["CPU",180]]},{"arrivalTime":339748,"deadline":347332,"priority":"high","slices":[["CPU",138],["IO",715],["CPU",1]]},{"arrivalTime":340812,"deadline":344368,"priority":"high","slices":[["CPU",1]]},{"arrivalTime":341920,"deadline":343641,"priority":"high","slices":[["CPU",1],["IO",157],["CPU",1]]},{"arrivalTime":343040,"deadline":350836,"priority":"high","slices":[["CPU",1]]},{"arrivalTime":344117,"deadline":348232,"priority":"high","slices":[["CPU",80],["IO",523],["CPU",1]]},{"arrivalTime":345220,"deadline":348038,"priority":"low","slices":[["CPU",1]]},{"arrivalTime":346329,"deadline":350728,"priority":"high","slices":[["CPU",1018]]},{"arrivalTime":347428,"deadline":354152,"priority":"low","slices":[["CPU",128],["IO",824],["CPU",128]]},{"arrivalTime":348490,"deadline":353582,"priority":"low","slices":[["CPU",1122]]},{"arrivalTime":349616,"deadline":351191,"priority":"high","slices":[["CPU",1],["IO",192],["CPU",32]]},{"arrivalTime":350703,"deadline":354888,"priority":"low","slices":[["CPU",1]]},{"arrivalTime":351814,"deadline":356884,"priority":"low","slices":[["CPU",1368]]},{"arrivalTime":352906,"deadline":355997,"priority":"high","slices":[["CPU",680]]},{"arrivalTime":353986,"deadline":356252,"priority":"high","slices":[["CPU",1]]},{"arrivalTime":355077,"deadline":360120,"priority":"high","slices":[["CPU",1],["IO",315],["CPU",268]]},{"arrivalTime":356168,"deadline":360597,"priority":"low","slices":[["CPU",1]]},{"arrivalTime":357254,"deadline":362435,"priority":"high","slices":[["CPU",1224]]},{"arrivalTime":358344,"deadline":360330,"priority":"high","slices":[["CPU",440]]},{"arrivalTime":359437,"deadline":364096,"priority":"high","slices":[["CPU",1024]]},{"arrivalTime":360540,"deadline":361588,"priority":"high","slices":[["CPU",1]]},{"arrivalTime":361650,"deadline":366268,"priority":"high","slices":[["CPU",110],["IO",658],["CPU",110]]},{"arrivalTime":362747,"deadline":364463,"priority":"low","slices":[["CPU",40],["IO",134],["CPU",1]]},{"arrivalTime":363869,"deadline":368125,"priority":"high","slices":[["CPU",114],["IO",345],["CPU",114]]},{"arrivalTime":364943,"deadline":371396,"priority":"high","slices":[["CPU",1520]]},{"arrivalTime":366057,"deadline":371707,"priority":"low","slices":[["CPU",1],["IO",515],["CPU",78]]},{"arrivalTime":367181,"deadline":374041,"priority":"low","slices":[["CPU",1404]]},{"arrivalTime":368293,"deadline":370759,"priority":"low","slices":[["CPU",1]]},{"arrivalTime":369398,"deadline":374331,"priority":"high","slices":[["CPU",174],["IO",542],["CPU",174]]},{"arrivalTime":370472,"deadline":372159,"priority":"high","slices":[["CPU",352]]},{"arrivalTime":371603,"deadline":373270,"priority":"low","slices":[["CPU",472]]},{"arrivalTime":372703,"deadline":379364,"priority":"low","slices":[["CPU",1896]]},{"arrivalTime":373816,"deadline":375599,"priority":"low","slices":[["CPU",410]]},{"arrivalTime":374888,"deadline":380560,"priority":"low","slices":[["CPU",1]]},{"arrivalTime":376005,"deadline":379399,"priority":"high","slices":[["CPU",1],["IO",315],["CPU",1]]},{"arrivalTime":377100,"deadline":378617,"priority":"high","slices":[["CPU",70],["IO",160],["CPU",1]]},{"arrivalTime":378233,"deadline":380045,"priority":"low","slices":[["CPU",1]]},{"arrivalTime":379309,"deadline":380193,"priority":"high","slices":[["CPU",1],["IO",99],["CPU",1]]},{"arrivalTime":380429,"deadline":382106,"priority":"high","slices":[["CPU",46],["IO",125],["CPU",46]]},{"arrivalTime":381533,"deadline":387686,"priority":"low","slices":[["CPU",428],["IO",542],["CPU",1]]},{"arrivalTime":382596,"deadline":389914,"priority":"high","slices":[["CPU",1],["IO",704],["CPU",1]]},{"arrivalTime":383672,"deadline":390045,"priority":"high","slices":[["CPU",1]]},{"arrivalTime":384771,"deadline":386286,"priority":"high","slices":[["CPU",70],["IO",143],["CPU",1]]},{"arrivalTime":385871,"deadline":388739,"priority":"low","slices":[["CPU",1],["IO",290],["CPU",142]]},{"arrivalTime":386932,"deadline":393156,"priority":"high","slices":[["CPU",1],["IO",573],["CPU",1]]},{"arrivalTime":388022,"deadline":391836,"priority":"low","slices":[["CPU",1],["IO",241],["CPU",162]]},{"arrivalTime":389137,"deadline":394111,"priority":"low","slices":[["CPU",1]]},{"arrivalTime":390244,"deadline":398126,"priority":"high","slices":[["CPU",1],["IO",656],["CPU",140]]},{"arrivalTime":391331,"deadline":393135,"priority":"high","slices":[["CPU",1]]},{"arrivalTime":392403,"deadline":401783,"priority":"low","slices":[["CPU",1],["IO",589],["CPU",356]]},{"arrivalTime":393491,"deadline":399251,"priority":"high","slices":[["CPU",1],["IO",610],["CPU",1]]},{"arrivalTime":394595,"deadline":395957,"priority":"low","slices":[["CPU",278]]},{"arrivalTime":395716,"deadline":399998,"priority":"low","slices":[["CPU",180],["IO",314],["CPU",180]]},{"arrivalTime":396831,"deadline":398791,"priority":"high","slices":[["CPU",126],["IO",141],["CPU",1]]},{"arrivalTime":397911,"deadline":404420,"priority":"high","slices":[["CPU",106],["IO",612],["CPU",1]]},{"arrivalTime":398997,"deadline":401588,"priority":"low","slices":[["CPU",1]]},{"arrivalTime":400107,"deadline":406030,"priority":"high","slices":[["CPU",1368]]},{"arrivalTime":401245,"deadline":408804,"priority":"low","slices":[["CPU",1],["IO",672],["CPU",1]]},{"arrivalTime":402361,"deadline":404312,"priority":"low","slices":[["CPU",1]]},{"arrivalTime":403463,"deadline":405929,"priority":"low","slices":[["CPU",814]]},{"arrivalTime":404550,"deadline":412789,"priority":"high","slices":[["CPU",1]]},{"arrivalTime":405665,"deadline":407744,"priority":"low","slices":[["CPU",416]]},{"arrivalTime":406774,"deadline":412547,"priority":"low","slices":[["CPU",1]]},{"arrivalTime":407867,"deadline":409895,"priority":"high","slices":[["CPU",576]]},{"arrivalTime":408976,"deadline":416701,"priority":"low","slices":[["CPU",246],["IO",652],["CPU",246]]},{"arrivalTime":410066,"deadline":414432,"priority":"low","slices":[["CPU",1006]]},{"arrivalTime":411169,"deadline":412984,"priority":"low","slices":[["CPU",1]]},{"arrivalTime":412257,"deadline":421071,"priority":"high","slices":[["CPU",1],["IO",625],["CPU",346]]},{"arrivalTime":413365,"deadline":416536,"priority":"low","slices":[["CPU",146],["IO",247],["CPU",1]]},{"arrivalTime":414471,"deadline":417218,"priority":"high","slices":[["CPU",62],["IO",222],["CPU",62]]},{"arrivalTime":415579,"deadline":416389,"priority":"low","slices":[["CPU",1]]},{"arrivalTime":416673,"deadline":420467,"priority":"high","slices":[["CPU",1],["IO",344],["CPU",1]]},{"arrivalTime":417771,"deadline":422214,"priority":"high","slices":[["CPU",1]]},{"arrivalTime":418892,"deadline":425716,"priority":"high","slices":[["CPU",1]]},{"arrivalTime":419985,"deadline":427374,"priority":"high","slices":[["CPU",1]]},{"arrivalTime":421090,"deadline":427243,"priority":"low","slices":[["CPU",1]]},{"arrivalTime":422245,"deadline":425502,"priority":"high","slices":[["CPU",788]]},{"arrivalTime":423314,"deadline":426928,"priority":"low","slices":[["CPU",1],["IO",237],["CPU",1]]},{"arrivalTime":424363,"deadline":427290,"priority":"low","slices":[["CPU",1]]},{"arrivalTime":425468,"deadline":430413,"priority":"high","slices":[["CPU",128],["IO",537],["CPU",1]]},{"arrivalTime":426586,"deadline":428965,"priority":"high","slices":[["CPU",560]]},{"arrivalTime":427672,"deadline":431598,"priority":"low","slices":[["CPU",100],["IO",311],["CPU",1]]},{"arrivalTime":428769,"deadline":431248,"priority":"high","slices":[["CPU",60],["IO",195],["CPU",1]]},{"arrivalTime":429862,"deadline":433525,"priority":"high","slices":[["CPU",810]]},{"arrivalTime":430985,"deadline":436629,"priority":"low","slices":[["CPU",1]]},{"arrivalTime":432052,"deadline":437230,"priority":"low","slices":[["CPU",200],["IO",390],["CPU",1]]},{"arrivalTime":433148,"deadline":437307,"priority":"low","slices":[["CPU",1]]},{"arrivalTime":434237,"deadline":435098,"priority":"low","slices":[["CPU",230]]},{"arrivalTime":435330,"deadline":436835,"priority":"low","slices":[["CPU",1]]},{"arrivalTime":436416,"deadline":443434,"priority":"low","slices":[["CPU",1944]]},{"arrivalTime":437547,"deadline":438468,"priority":"high","slices":[["CPU",1],["IO",79],["CPU",26]]},{"arrivalTime":438614,"deadline":445930,"priority":"high","slices":[["CPU",1],["IO",700],["CPU",1]]},{"arrivalTime":439710,"deadline":440656,"priority":"high","slices":[["CPU",28],["IO",81],["CPU",28]]},{"arrivalTime":440829,"deadline":445228,"priority":"low","slices":[["CPU",1424]]},{"arrivalTime":441932,"deadline":442958,"priority":"high","slices":[["CPU",1]]},{"arrivalTime":443012,"deadline":448389,"priority":"low","slices":[["CPU",124],["IO",487],["CPU",124]]},{"arrivalTime":444085,"deadline":449105,"priority":"high","slices":[["CPU",214],["IO",427],["CPU",1]]},{"arrivalTime":445158,"deadline":446219,"priority":"low","slices":[["CPU",1]]},{"arrivalTime":446238,"deadline":447286,"priority":"low","slices":[["CPU",1]]},{"arrivalTime":447355,"deadline":454153,"priority":"low","slices":[["CPU",1],["IO",530],["CPU",1]]},{"arrivalTime":448451,"deadline":449948,"priority":"high","slices":[["CPU",52],["IO",121],["CPU",1]]},{"arrivalTime":449565,"deadline":454029,"priority":"low","slices":[["CPU",1]]},{"arrivalTime":450671,"deadline":453062,"priority":"low","slices":[["CPU",560]]},{"arrivalTime":451788,"deadline":459222,"priority":"low","slices":[["CPU",1],["IO",603],["CPU",226]]},{"arrivalTime":452883,"deadline":458252,"priority":"low","slices":[["CPU",1],["IO",444],["CPU",168]]},{"arrivalTime":454010,"deadline":456234,"priority":"low","slices":[["CPU",702]]},{"arrivalTime":455102,"deadline":458248,"priority":"high","slices":[["CPU",1],["IO",197],["CPU",1]]},{"arrivalTime":456194,"deadline":460283,"priority":"low","slices":[["CPU",1],["IO",364],["CPU",260]]},{"arrivalTime":457307,"deadline":461531,"priority":"high","slices":[["CPU",1],["IO",292],["CPU",248]]},{"arrivalTime":458401,"deadline":460896,"priority":"high","slices":[["CPU",1]]},{"arrivalTime":459484,"deadline":463218,"priority":"high","slices":[["CPU",1]]},{"arrivalTime":460585,"deadline":467328,"priority":"low","slices":[["CPU",1],["IO",409],["CPU",324]]},{"arrivalTime":461684,"deadline":464540,"priority":"high","slices":[["CPU",168],["IO",206],["CPU",168]]},{"arrivalTime":462828,"deadline":465527,"priority":"high","slices":[["CPU",822]]},{"arrivalTime":463912,"deadline":470423,"priority":"low","slices":[["CPU",1762]]},{"arrivalTime":464996,"deadline":467860,"priority":"low","slices":[["CPU",1]]},{"arrivalTime":466073,"deadline":471756,"priority":"high","slices":[["CPU",1],["IO",701],["CPU",1]]},{"arrivalTime":467161,"deadline":473486,"priority":"low","slices":[["CPU",1]]},{"arrivalTime":468259,"deadline":470275,"priority":"low","slices":[["CPU",1],["IO",192],["CPU",1]]},{"arrivalTime":469364,"deadline":473309,"priority":"low","slices":[["CPU",1]]},{"arrivalTime":470453,"deadline":475955,"priority":"low","slices":[["CPU",1442]]},{"arrivalTime":471563,"deadline":473313,"priority":"high","slices":[["CPU",1],["IO",102],["CPU",1]]},{"arrivalTime":472716,"deadline":473900,"priority":"high","slices":[["CPU",334]]},{"arrivalTime":473841,"deadline":475582,"priority":"low","slices":[["CPU",54],["IO",170],["CPU",1]]},{"arrivalTime":474926,"deadline":481094,"priority":"low","slices":[["CPU",1]]},{"arrivalTime":476043,"deadline":482177,"priority":"high","slices":[["CPU",1],["IO",506],["CPU",1]]},{"arrivalTime":477131,"deadline":483991,"priority":"low","slices":[["CPU",1],["IO",565],["CPU",1]]},{"arrivalTime":478218,"deadline":479781,"priority":"low","slices":[["CPU",58],["IO",163],["CPU",1]]},{"arrivalTime":479319,"deadline":480199,"priority":"low","slices":[["CPU",240]]},{"arrivalTime":480434,"deadline":482916,"priority":"low","slices":[["CPU",70],["IO",252],["CPU",1]]},{"arrivalTime":481516,"deadline":488087,"priority":"low","slices":[["CPU",1684]]},{"arrivalTime":482577,"deadline":486357,"priority":"high","slices":[["CPU",1]]},{"arrivalTime":483670,"deadline":486543,"priority":"high","slices":[["CPU",106],["IO",365],["CPU",106]]},{"arrivalTime":484767,"deadline":486229,"priority":"low","slices":[["CPU",1],["IO",94],["CPU",1]]},{"arrivalTime":485882,"deadline":493362,"priority":"high","slices":[["CPU",1],["IO",675],["CPU",1]]},{"arrivalTime":487000,"deadline":488303,"priority":"high","slices":[["CPU",46],["IO",162],["CPU",46]]},{"arrivalTime":488100,"deadline":491152,"priority":"high","slices":[["CPU",1]]},{"arrivalTime":489198,"deadline":496452,"priority":"high","slices":[["CPU",294],["IO",448],["CPU",1]]},{"arrivalTime":490304,"deadline":495069,"priority":"high","slices":[["CPU",1],["IO",427],["CPU",1]]},{"arrivalTime":491392,"deadline":493059,"priority":"low","slices":[["CPU",42],["IO",133],["CPU",1]]},{"arrivalTime":492483,"deadline":499735,"priority":"low","slices":[["CPU",240],["IO",488],["CPU",240]]},{"arrivalTime":493553,"deadline":495848,"priority":"high","slices":[["CPU",480]]},{"arrivalTime":494624,"deadline":502034,"priority":"low","slices":[["CPU",1]]},{"arrivalTime":495698,"deadline":500019,"priority":"low","slices":[["CPU",1]]},{"arrivalTime":496809,"deadline":499017,"priority":"high","slices":[["CPU",1]]},{"arrivalTime":497893,"deadline":504798,"priority":"high","slices":[["CPU",1]]},{"arrivalTime":498990,"deadline":503022,"priority":"low","slices":[["CPU",152],["IO",255],["CPU",152]]},{"arrivalTime":500122,"deadline":505097,"priority":"high","slices":[["CPU",1074]]},{"arrivalTime":501172,"deadline":504590,"priority":"high","slices":[["CPU",122],["IO",415],["CPU",1]]},{"arrivalTime":502273,"deadline":504212,"priority":"low","slices":[["CPU",1],["IO",146],["CPU",78]]},{"arrivalTime":503370,"deadline":507663,"priority":"low","slices":[["CPU",146],["IO",296],["CPU",1]]},{"arrivalTime":504467,"deadline":506863,"priority":"high","slices":[["CPU",1]]},{"arrivalTime":505574,"deadline":510940,"priority":"low","slices":[["CPU",1390]]},{"arrivalTime":506677,"deadline":508804,"priority":"high","slices":[["CPU",520]]},{"arrivalTime":507763,"deadline":508667,"priority":"low","slices":[["CPU",1]]},{"arrivalTime":508856,"deadline":515094,"priority":"high","slices":[["CPU",1]]},{"arrivalTime":509933,"deadline":517874,"priority":"high","slices":[["CPU",1],["IO",643],["CPU",1]]},{"arrivalTime":511018,"deadline":519414,"priority":"low","slices":[["CPU",1],["IO",675],["CPU",292]]},{"arrivalTime":512120,"deadline":517992,"priority":"low","slices":[["CPU",242],["IO",498],["CPU",1]]},{"arrivalTime":513208,"deadline":522790,"priority":"high","slices":[["CPU",1956]]},{"arrivalTime":514290,"deadline":522083,"priority":"low","slices":[["CPU",1],["IO",533],["CPU",278]]},{"arrivalTime":515372,"deadline":522563,"priority":"high","slices":[["CPU",188],["IO",576],["CPU",188]]},{"arrivalTime":516496,"deadline":522462,"priority":"low","slices":[["CPU",82],["IO",540],["CPU",82]]},{"arrivalTime":517594,"deadline":522035,"priority":"low","slices":[["CPU",190],["IO",518],["CPU",1]]},{"arrivalTime":518707,"deadline":520402,"priority":"high","slices":[["CPU",1]]},{"arrivalTime":519807,"deadline":524550,"priority":"high","slices":[["CPU",210],["IO",337],["CPU",1]]},{"arrivalTime":520900,"deadline":525650,"priority":"high","slices":[["CPU",1],["IO",660],["CPU",122]]},{"arrivalTime":521974,"deadline":527234,"priority":"low","slices":[["CPU",1]]},{"arrivalTime":523086,"deadline":527865,"priority":"low","slices":[["CPU",1]]},{"arrivalTime":524176,"deadline":526786,"priority":"high","slices":[["CPU",704]]},{"arrivalTime":525255,"deadline":530161,"priority":"high","slices":[["CPU",1],["IO",379],["CPU",300]]},{"arrivalTime":526350,"deadline":533288,"priority":"high","slices":[["CPU",150],["IO",805],["CPU",1]]},{"arrivalTime":527454,"deadline":532969,"priority":"high","slices":[["CPU",1]]},{"arrivalTime":528565,"deadline":534109,"priority":"high","slices":[["CPU",1]]},{"arrivalTime":529676,"deadline":534120,"priority":"low","slices":[["CPU",1],["IO",263],["CPU",234]]},{"arrivalTime":530778,"deadline":539178,"priority":"high","slices":[["CPU",1850]]},{"arrivalTime":531838,"deadline":539207,"priority":"low","slices":[["CPU",1],["IO",480],["CPU",1]]},{"arrivalTime":532920,"deadline":535018,"priority":"high","slices":[["CPU",674]]},{"arrivalTime":534036,"deadline":537743,"priority":"low","slices":[["CPU",1]]},{"arrivalTime":535128,"deadline":541112,"priority":"low","slices":[["CPU",1],["IO",603],["CPU",1]]},{"arrivalTime":536232,"deadline":540083,"priority":"high","slices":[["CPU",1]]},{"arrivalTime":537309,"deadline":540301,"priority":"high","slices":[["CPU",130],["IO",234],["CPU",130]]},{"arrivalTime":538386,"deadline":544475,"priority":"high","slices":[["CPU",106],["IO",598],["CPU",106]]},{"arrivalTime":539507,"deadline":541169,"priority":"low","slices":[["CPU",44],["IO",133],["CPU",44]]},{"arrivalTime":540609,"deadline":542596,"priority":"low","slices":[["CPU",1],["IO",107],["CPU",94]]},{"arrivalTime":541722,"deadline":550794,"priority":"high","slices":[["CPU",1],["IO",506],["CPU",432]]},{"arrivalTime":542805,"deadline":546737,"priority":"low","slices":[["CPU",1]]},{"arrivalTime":543902,"deadline":551839,"priority":"low","slices":[["CPU",1]]},{"arrivalTime":545008,"deadline":549743,"priority":"high","slices":[["CPU",1],["IO",285],["CPU",1]]},{"arrivalTime":546122,"deadline":547544,"priority":"low","slices":[["CPU",1]]},{"arrivalTime":547214,"deadline":554326,"priority":"high","slices":[["CPU",1]]},{"arrivalTime":548302,"deadline":549858,"priority":"high","slices":[["CPU",68],["IO",115],["CPU",68]]},{"arrivalTime":549402,"deadline":551045,"priority":"low","slices":[["CPU",1],["IO",116],["CPU",100]]},{"arrivalTime":550505,"deadline":557010,"priority":"low","slices":[["CPU",1],["IO",579],["CPU",292]]},{"arrivalTime":551618,"deadline":552790,"priority":"high","slices":[["CPU",1]]},{"arrivalTime":552719,"deadline":557329,"priority":"high","slices":[["CPU",1],["IO",556],["CPU",194]]},{"arrivalTime":553821,"deadline":554808,"priority":"high","slices":[["CPU",1]]},{"arrivalTime":554919,"deadline":560694,"priority":"low","slices":[["CPU",1],["IO",490],["CPU",256]]},{"arrivalTime":555967,"deadline":557950,"priority":"high","slices":[["CPU",1]]},{"arrivalTime":557065,"deadline":560972,"priority":"low","slices":[["CPU",1]]},{"arrivalTime":558149,"deadline":567128,"priority":"high","slices":[["CPU",264],["IO",716],["CPU",264]]},{"arrivalTime":559246,"deadline":562816,"priority":"low","slices":[["CPU",1148]]},{"arrivalTime":560357,"deadline":566513,"priority":"low","slices":[["CPU",1438]]},{"arrivalTime":561456,"deadline":566333,"priority":"high","slices":[["CPU",1342]]},{"arrivalTime":562545,"deadline":565130,"priority":"high","slices":[["CPU",1],["IO",250],["CPU",110]]},{"arrivalTime":563651,"deadline":571241,"priority":"high","slices":[["CPU",1732]]},{"arrivalTime":564763,"deadline":570415,"priority":"low","slices":[["CPU",1194]]},{"arrivalTime":565853,"deadline":571643,"priority":"high","slices":[["CPU",1836]]},{"arrivalTime":566921,"deadline":572935,"priority":"high","slices":[["CPU",1],["IO",607],["CPU",1]]},{"arrivalTime":567999,"deadline":571405,"priority":"high","slices":[["CPU",828]]},{"arrivalTime":569083,"deadline":577256,"priority":"high","slices":[["CPU",1],["IO",791],["CPU",154]]},{"arrivalTime":570145,"deadline":577976,"priority":"high","slices":[["CPU",234],["IO",607],["CPU",234]]},{"arrivalTime":571267,"deadline":576984,"priority":"low","slices":[["CPU",1886]]},{"arrivalTime":572391,"deadline":575921,"priority":"low","slices":[["CPU",1082]]},{"arrivalTime":573473,"deadline":576837,"priority":"high","slices":[["CPU",970]]},{"arrivalTime":574584,"deadline":581045,"priority":"low","slices":[["CPU",1],["IO",560],["CPU",1]]},{"arrivalTime":575696,"deadline":584050,"priority":"high","slices":[["CPU",1908]]},{"arrivalTime":576805,"deadline":578995,"priority":"low","slices":[["CPU",1],["IO",180],["CPU",78]]},{"arrivalTime":577966,"deadline":584502,"priority":"high","slices":[["CPU",1]]},{"arrivalTime":579082,"deadline":586571,"priority":"low","slices":[["CPU",224],["IO",607],["CPU",1]]},{"arrivalTime":580184,"deadline":582345,"priority":"low","slices":[["CPU",1],["IO",292],["CPU",52]]},{"arrivalTime":581294,"deadline":584167,"priority":"low","slices":[["CPU",1],["IO",361],["CPU",72]]},{"arrivalTime":582379,"deadline":584898,"priority":"high","slices":[["CPU",792]]},{"arrivalTime":583504,"deadline":586713,"priority":"low","slices":[["CPU",1]]},{"arrivalTime":584634,"deadline":586389,"priority":"low","slices":[["CPU",1]]},{"arrivalTime":585734,"deadline":591821,"priority":"low","slices":[["CPU",236],["IO",530],["CPU",236]]},{"arrivalTime":586828,"deadline":591994,"priority":"high","slices":[["CPU",1],["IO",579],["CPU",192]]},{"arrivalTime":587950,"deadline":596301,"priority":"high","slices":[["CPU",1],["IO",552],["CPU",438]]},{"arrivalTime":589042,"deadline":595584,"priority":"high","slices":[["CPU",1]]},{"arrivalTime":590150,"deadline":594788,"priority":"low","slices":[["CPU",1]]},{"arrivalTime":591245,"deadline":599957,"priority":"low","slices":[["CPU",408],["IO",584],["CPU",408]]},{"arrivalTime":592331,"deadline":594363,"priority":"high","slices":[["CPU",1]]},{"arrivalTime":593461,"deadline":594399,"priority":"high","slices":[["CPU",220]]},{"arrivalTime":594589,"deadline":601682,"priority":"low","slices":[["CPU",286],["IO",490],["CPU",1]]},{"arrivalTime":595690,"deadline":603260,"priority":"low","slices":[["CPU",284],["IO",658],["CPU",1]]},{"arrivalTime":596793,"deadline":600217,"priority":"high","slices":[["CPU",868]]},{"arrivalTime":597907,"deadline":601727,"priority":"high","slices":[["CPU",86],["IO",420],["CPU",86]]},{"arrivalTime":599014,"deadline":604971,"priority":"high","slices":[["CPU",158],["IO",667],["CPU",1]]},{"arrivalTime":600067,"deadline":604889,"priority":"high","slices":[["CPU",256],["IO",353],["CPU",256]]},{"arrivalTime":601180,"deadline":602191,"priority":"low","slices":[["CPU",252]]},{"arrivalTime":602278,"deadline":606642,"priority":"high","slices":[["CPU",910]]},{"arrivalTime":603346,"deadline":609109,"priority":"high","slices":[["CPU",1]]},{"arrivalTime":604447,"deadline":607326,"priority":"high","slices":[["CPU",722]]},{"arrivalTime":605546,"deadline":610358,"priority":"low","slices":[["CPU",1012]]},{"arrivalTime":606642,"deadline":611389,"priority":"high","slices":[["CPU",88],["IO",527],["CPU",88]]},{"arrivalTime":607755,"deadline":614158,"priority":"high","slices":[["CPU",1],["IO",789],["CPU",1]]},{"arrivalTime":608892,"deadline":610538,"priority":"low","slices":[["CPU",34],["IO",169],["CPU",1]]},{"arrivalTime":609988,"deadline":618122,"priority":"low","slices":[["CPU",1]]},{"arrivalTime":611087,"deadline":613822,"priority":"low","slices":[["CPU",86],["IO",237],["CPU",86]]},{"arrivalTime":612171,"deadline":614135,"priority":"high","slices":[["CPU",1]]},{"arrivalTime":613251,"deadline":619266,"priority":"high","slices":[["CPU",1506]]},{"arrivalTime":614361,"deadline":620378,"priority":"low","slices":[["CPU",282],["IO",337],["CPU",282]]},{"arrivalTime":615496,"deadline":619229,"priority":"high","slices":[["CPU",800]]},{"arrivalTime":616614,"deadline":618763,"priority":"high","slices":[["CPU",1]]},{"arrivalTime":617717,"deadline":619734,"priority":"low","slices":[["CPU",1],["IO",167],["CPU",62]]},{"arrivalTime":618796,"deadline":619930,"priority":"high","slices":[["CPU",1],["IO",102],["CPU",76]]},{"arrivalTime":619892,"deadline":624867,"priority":"high","slices":[["CPU",1]]},{"arrivalTime":620998,"deadline":624141,"priority":"high","slices":[["CPU",1],["IO",286],["CPU",1]]},{"arrivalTime":622122,"deadline":627503,"priority":"high","slices":[["CPU",1],["IO",434],["CPU",342]]},{"arrivalTime":623222,"deadline":627004,"priority":"low","slices":[["CPU",1],["IO",391],["CPU",1]]},{"arrivalTime":624321,"deadline":628056,"priority":"low","slices":[["CPU",748]]},{"arrivalTime":625429,"deadline":632107,"priority":"high","slices":[["CPU",1],["IO",564],["CPU",328]]},{"arrivalTime":626536,"deadline":635495,"priority":"low","slices":[["CPU",1870]]},{"arrivalTime":627633,"deadline":630628,"priority":"low","slices":[["CPU",734]]},{"arrivalTime":628747,"deadline":637073,"priority":"high","slices":[["CPU",1],["IO",530],["CPU",1]]},{"arrivalTime":629848,"deadline":634075,"priority":"low","slices":[["CPU",1]]},{"arrivalTime":630939,"deadline":633514,"priority":"high","slices":[["CPU",1],["IO",184],["CPU",1]]},{"arrivalTime":632068,"deadline":634836,"priority":"low","slices":[["CPU",1]]},{"arrivalTime":633169,"deadline":634141,"priority":"low","slices":[["CPU",1],["IO",86],["CPU",26]]},{"arrivalTime":634298,"deadline":639754,"priority":"low","slices":[["CPU",272],["IO",382],["CPU",272]]},{"arrivalTime":635400,"deadline":640356,"priority":"high","slices":[["CPU",1128]]},{"arrivalTime":636516,"deadline":637665,"priority":"high","slices":[["CPU",30],["IO",143],["CPU",30]]},{"arrivalTime":637619,"deadline":641760,"priority":"high","slices":[["CPU",1],["IO",317],["CPU",1]]},{"arrivalTime":638733,"deadline":642279,"priority":"low","slices":[["CPU",1018]]},{"arrivalTime":639827,"deadline":642143,"priority":"high","slices":[["CPU",516]]},{"arrivalTime":640931,"deadline":646367,"priority":"low","slices":[["CPU",1490]]},{"arrivalTime":642034,"deadline":645860,"priority":"low","slices":[["CPU",180],["IO",271],["CPU",180]]},{"arrivalTime":643142,"deadline":651121,"priority":"high","slices":[["CPU",188],["IO",715],["CPU",188]]},{"arrivalTime":644265,"deadline":649680,"priority":"high","slices":[["CPU",1768]]},{"arrivalTime":645377,"deadline":647171,"priority":"high","slices":[["CPU",500]]},{"arrivalTime":646511,"deadline":648224,"priority":"high","slices":[["CPU",1]]},{"arrivalTime":647638,"deadline":650090,"priority":"low","slices":[["CPU",1],["IO",316],["CPU",1]]},{"arrivalTime":648730,"deadline":656444,"priority":"low","slices":[["CPU",1],["IO",600],["CPU",296]]},{"arrivalTime":649840,"deadline":654253,"priority":"low","slices":[["CPU",198],["IO",265],["CPU",1]]},{"arrivalTime":650943,"deadline":655190,"priority":"low","slices":[["CPU",908]]},{"arrivalTime":652037,"deadline":654677,"priority":"high","slices":[["CPU",118],["IO",229],["CPU",118]]},{"arrivalTime":653145,"deadline":661946,"priority":"high","slices":[["CPU",1902]]},{"arrivalTime":654271,"deadline":655644,"priority":"high","slices":[["CPU",74],["IO",116],["CPU",1]]},{"arrivalTime":655367,"deadline":656908,"priority":"high","slices":[["CPU",1],["IO",149],["CPU",72]]},{"arrivalTime":656477,"deadline":663804,"priority":"high","slices":[["CPU",1]]},{"arrivalTime":657581,"deadline":662404,"priority":"low","slices":[["CPU",1],["IO",390],["CPU",94]]},{"arrivalTime":658687,"deadline":661353,"priority":"high","slices":[["CPU",1]]},{"arrivalTime":659775,"deadline":664738,"priority":"low","slices":[["CPU",1224]]},{"arrivalTime":660871,"deadline":663474,"priority":"high","slices":[["CPU",178],["IO",234],["CPU",1]]},{"arrivalTime":661967,"deadline":664904,"priority":"high","slices":[["CPU",1],["IO",211],["CPU",138]]},{"arrivalTime":663066,"deadline":670212,"priority":"low","slices":[["CPU",1]]},{"arrivalTime":664153,"deadline":668291,"priority":"low","slices":[["CPU",1]]},{"arrivalTime":665232,"deadline":672284,"priority":"high","slices":[["CPU",1],["IO",604],["CPU",184]]},{"arrivalTime":666357,"deadline":672857,"priority":"high","slices":[["CPU",1458]]},{"arrivalTime":667433,"deadline":671229,"priority":"low","slices":[["CPU",1],["IO",322],["CPU",68]]},{"arrivalTime":668542,"deadline":673783,"priority":"high","slices":[["CPU",186],["IO",406],["CPU",1]]},{"arrivalTime":669634,"deadline":670634,"priority":"low","slices":[["CPU",1],["IO",65],["CPU",52]]},{"arrivalTime":670754,"deadline":679000,"priority":"high","slices":[["CPU",1]]},{"arrivalTime":671820,"deadline":673130,"priority":"high","slices":[["CPU",1]]},{"arrivalTime":672951,"deadline":679460,"priority":"high","slices":[["CPU",1]]},{"arrivalTime":674022,"deadline":675847,"priority":"low","slices":[["CPU",62],["IO",130],["CPU",62]]},{"arrivalTime":675105,"deadline":679116,"priority":"high","slices":[["CPU",1054]]},{"arrivalTime":676188,"deadline":677125,"priority":"low","slices":[["CPU",1]]},{"arrivalTime":677311,"deadline":684422,"priority":"high","slices":[["CPU",1]]},{"arrivalTime":678389,"deadline":683206,"priority":"low","slices":[["CPU",1]]},{"arrivalTime":679484,"deadline":684863,"priority":"low","slices":[["CPU",1756]]},{"arrivalTime":680590,"deadline":687587,"priority":"low","slices":[["CPU",124],["IO",601],["CPU",124]]},{"arrivalTime":681695,"deadline":683838,"priority":"low","slices":[["CPU",46],["IO",230],["CPU",1]]},{"arrivalTime":682801,"deadline":686900,"priority":"high","slices":[["CPU",1],["IO",298],["CPU",248]]},{"arrivalTime":683920,"deadline":686328,"priority":"low","slices":[["CPU",1],["IO",333],["CPU",1]]},{"arrivalTime":685047,"deadline":687110,"priority":"low","slices":[["CPU",78],["IO",192],["CPU",1]]},{"arrivalTime":686175,"deadline":690939,"priority":"low","slices":[["CPU",1458]]},{"arrivalTime":687285,"deadline":691710,"priority":"high","slices":[["CPU",1],["IO",412],["CPU",154]]},{"arrivalTime":688413,"deadline":695057,"priority":"high","slices":[["CPU",1618]]},{"arrivalTime":689502,"deadline":694260,"priority":"high","slices":[["CPU",1],["IO",387],["CPU",124]]},{"arrivalTime":690613,"deadline":695487,"priority":"low","slices":[["CPU",222],["IO",277],["CPU",1]]},{"arrivalTime":691679,"deadline":693899,"priority":"high","slices":[["CPU",1],["IO",165],["CPU",136]]},{"arrivalTime":692761,"deadline":695098,"priority":"low","slices":[["CPU",666]]},{"arrivalTime":693878,"deadline":698472,"priority":"high","slices":[["CPU",996]]},{"arrivalTime":694979,"deadline":696781,"priority":"low","slices":[["CPU",1]]},{"arrivalTime":696086,"deadline":701587,"priority":"high","slices":[["CPU",296],["IO",518],["CPU",296]]},{"arrivalTime":697210,"deadline":702493,"priority":"low","slices":[["CPU",182],["IO",430],["CPU",182]]},{"arrivalTime":698310,"deadline":700306,"priority":"high","slices":[["CPU",100],["IO",217],["CPU",1]]},{"arrivalTime":699387,"deadline":707496,"priority":"low","slices":[["CPU",332],["IO",538],["CPU",332]]},{"arrivalTime":700496,"deadline":702680,"priority":"low","slices":[["CPU",58],["IO",195],["CPU",1]]},{"arrivalTime":701597,"deadline":705061,"priority":"high","slices":[["CPU",1]]},{"arrivalTime":702713,"deadline":709226,"priority":"low","slices":[["CPU",1]]},{"arrivalTime":703821,"deadline":710758,"priority":"high","slices":[["CPU",1],["IO",554],["CPU",272]]},{"arrivalTime":704951,"deadline":709115,"priority":"high","slices":[["CPU",1],["IO",372],["CPU",58]]},{"arrivalTime":706057,"deadline":708221,"priority":"low","slices":[["CPU",1]]},{"arrivalTime":707118,"deadline":709986,"priority":"low","slices":[["CPU",1],["IO",285],["CPU",68]]},{"arrivalTime":708209,"deadline":711601,"priority":"low","slices":[["CPU",1],["IO",259],["CPU",1]]},{"arrivalTime":709299,"deadline":714710,"priority":"low","slices":[["CPU",260],["IO",377],["CPU",1]]},{"arrivalTime":710418,"deadline":712479,"priority":"high","slices":[["CPU",1],["IO",158],["CPU",116]]},{"arrivalTime":711518,"deadline":718085,"priority":"low","slices":[["CPU",1470]]},{"arrivalTime":712624,"deadline":714803,"priority":"low","slices":[["CPU",1],["IO",174],["CPU",1]]},{"arrivalTime":713718,"deadline":717190,"priority":"high","slices":[["CPU",150],["IO",416],["CPU",1]]},{"arrivalTime":714799,"deadline":719750,"priority":"high","slices":[["CPU",1092]]},{"arrivalTime":715888,"deadline":717279,"priority":"high","slices":[["CPU",1],["IO",129],["CPU",1]]},{"arrivalTime":716946,"deadline":718224,"priority":"low","slices":[["CPU",1],["IO",128],["CPU",1]]},{"arrivalTime":718008,"deadline":722460,"priority":"low","slices":[["CPU",1050]]},{"arrivalTime":719095,"deadline":726026,"priority":"high","slices":[["CPU",1580]]},{"arrivalTime":720172,"deadline":724424,"priority":"high","slices":[["CPU",76],["IO",356],["CPU",1]]},{"arrivalTime":721257,"deadline":722443,"priority":"low","slices":[["CPU",44],["IO",108],["CPU",1]]},{"arrivalTime":722349,"deadline":728539,"priority":"low","slices":[["CPU",166],["IO",498],["CPU",166]]},{"arrivalTime":723407,"deadline":726574,"priority":"high","slices":[["CPU",1]]},{"arrivalTime":724532,"deadline":726675,"priority":"high","slices":[["CPU",1]]},{"arrivalTime":725668,"deadline":734154,"priority":"low","slices":[["CPU",376],["IO",602],["CPU",1]]},{"arrivalTime":726778,"deadline":732363,"priority":"low","slices":[["CPU",1],["IO",448],["CPU",312]]},{"arrivalTime":727923,"deadline":729857,"priority":"low","slices":[["CPU",36],["IO",178],["CPU",1]]},{"arrivalTime":729019,"deadline":736645,"priority":"high","slices":[["CPU",1],["IO",459],["CPU",1]]},{"arrivalTime":730087,"deadline":736279,"priority":"low","slices":[["CPU",406],["IO",467],["CPU",406]]},{"arrivalTime":731181,"deadline":733594,"priority":"low","slices":[["CPU",802]]},{"arrivalTime":732284,"deadline":738451,"priority":"high","slices":[["CPU",1]]},{"arrivalTime":733403,"deadline":736844,"priority":"high","slices":[["CPU",1],["IO",204],["CPU",178]]},{"arrivalTime":734471,"deadline":741711,"priority":"high","slices":[["CPU",1]]},{"arrivalTime":735573,"deadline":740925,"priority":"high","slices":[["CPU",132],["IO",466],["CPU",1]]},{"arrivalTime":736630,"deadline":739109,"priority":"high","slices":[["CPU",1]]},{"arrivalTime":737734,"deadline":741671,"priority":"high","slices":[["CPU",1]]},{"arrivalTime":738864,"deadline":739968,"priority":"low","slices":[["CPU",284]]},{"arrivalTime":739959,"deadline":747868,"priority":"low","slices":[["CPU",1634]]},{"arrivalTime":741045,"deadline":747313,"priority":"high","slices":[["CPU",1]]},{"arrivalTime":742129,"deadline":743252,"priority":"low","slices":[["CPU",52],["IO",81],["CPU",1]]},{"arrivalTime":743221,"deadline":745164,"priority":"low","slices":[["CPU",106],["IO",125],["CPU",1]]},{"arrivalTime":744313,"deadline":745231,"priority":"low","slices":[["CPU",48],["IO",57],["CPU",48]]},{"arrivalTime":745426,"deadline":752156,"priority":"low","slices":[["CPU",142],["IO",588],["CPU",142]]},{"arrivalTime":746520,"deadline":752738,"priority":"high","slices":[["CPU",96],["IO",530],["CPU",96]]},{"arrivalTime":747601,"deadline":750078,"priority":"low","slices":[["CPU",1]]},{"arrivalTime":748707,"deadline":753935,"priority":"low","slices":[["CPU",1]]},{"arrivalTime":749821,"deadline":750989,"priority":"high","slices":[["CPU",264]]},{"arrivalTime":750908,"deadline":756543,"priority":"low","slices":[["CPU",1],["IO",644],["CPU",124]]},{"arrivalTime":751963,"deadline":754842,"priority":"low","slices":[["CPU",1],["IO",300],["CPU",1]]},{"arrivalTime":753082,"deadline":756432,"priority":"low","slices":[["CPU",1],["IO",252],["CPU",84]]},{"arrivalTime":754178,"deadline":760960,"priority":"high","slices":[["CPU",1],["IO",753],["CPU",212]]},{"arrivalTime":755278,"deadline":763176,"priority":"high","slices":[["CPU",308],["IO",519],["CPU",308]]},{"arrivalTime":756374,"deadline":763258,"priority":"high","slices":[["CPU",1552]]},{"arrivalTime":757462,"deadline":760212,"priority":"high","slices":[["CPU",1],["IO",266],["CPU",96]]},{"arrivalTime":758583,"deadline":760000,"priority":"low","slices":[["CPU",38],["IO",197],["CPU",1]]},{"arrivalTime":759680,"deadline":765675,"priority":"low","slices":[["CPU",1]]},{"arrivalTime":760779,"deadline":769523,"priority":"low","slices":[["CPU",1972]]},{"arrivalTime":761871,"deadline":767521,"priority":"low","slices":[["CPU",1],["IO",400],["CPU",344]]},{"arrivalTime":762953,"deadline":764771,"priority":"high","slices":[["CPU",38],["IO",174],["CPU",1]]},{"arrivalTime":764054,"deadline":765518,"priority":"high","slices":[["CPU",308]]},{"arrivalTime":765126,"deadline":772537,"priority":"high","slices":[["CPU",1]]},{"arrivalTime":766189,"deadline":768576,"priority":"low","slices":[["CPU",120],["IO",213],["CPU",1]]},{"arrivalTime":767301,"deadline":769281,"priority":"high","slices":[["CPU",530]]},{"arrivalTime":768388,"deadline":770843,"priority":"low","slices":[["CPU",58],["IO",243],["CPU",1]]},{"arrivalTime":769504,"deadline":778116,"priority":"low","slices":[["CPU",364],["IO",566],["CPU",364]]},{"arrivalTime":770589,"deadline":773220,"priority":"high","slices":[["CPU",66],["IO",213],["CPU",1]]},{"arrivalTime":771724,"deadline":775477,"priority":"high","slices":[["CPU",1]]},{"arrivalTime":772830,"deadline":778570,"priority":"low","slices":[["CPU",1],["IO",538],["CPU",296]]},{"arrivalTime":773893,"deadline":779911,"priority":"low","slices":[["CPU",326],["IO",589],["CPU",1]]},{"arrivalTime":774999,"deadline":781669,"priority":"high","slices":[["CPU",1],["IO",662],["CPU",1]]},{"arrivalTime":776088,"deadline":780357,"priority":"low","slices":[["CPU",944]]},{"arrivalTime":777202,"deadline":780764,"priority":"low","slices":[["CPU",1],["IO",416],["CPU",152]]},{"arrivalTime":778316,"deadline":779604,"priority":"low","slices":[["CPU",1],["IO",83],["CPU",54]]},{"arrivalTime":779432,"deadline":784080,"priority":"low","slices":[["CPU",1],["IO",516],["CPU",178]]},{"arrivalTime":780515,"deadline":788124,"priority":"low","slices":[["CPU",1],["IO",619],["CPU",1]]},{"arrivalTime":781585,"deadline":790276,"priority":"high","slices":[["CPU",1806]]},{"arrivalTime":782687,"deadline":784676,"priority":"high","slices":[["CPU",1]]},{"arrivalTime":783813,"deadline":784689,"priority":"low","slices":[["CPU",228]]},{"arrivalTime":784913,"deadline":791989,"priority":"low","slices":[["CPU",1],["IO",577],["CPU",368]]},{"arrivalTime":786013,"deadline":790863,"priority":"high","slices":[["CPU",1052]]},{"arrivalTime":787099,"deadline":790303,"priority":"high","slices":[["CPU",1]]},{"arrivalTime":788199,"deadline":793046,"priority":"high","slices":[["CPU",1172]]},{"arrivalTime":789305,"deadline":792362,"priority":"high","slices":[["CPU",180],["IO",233],["CPU",180]]},{"arrivalTime":790432,"deadline":794251,"priority":"low","slices":[["CPU",1]]},{"arrivalTime":791516,"deadline":800768,"priority":"high","slices":[["CPU",1]]},{"arrivalTime":792625,"deadline":796675,"priority":"low","slices":[["CPU",1],["IO",385],["CPU",136]]},{"arrivalTime":793721,"deadline":800873,"priority":"low","slices":[["CPU",1]]},{"arrivalTime":794803,"deadline":799563,"priority":"high","slices":[["CPU",1],["IO",506],["CPU",242]]},{"arrivalTime":795897,"deadline":802283,"priority":"high","slices":[["CPU",1]]},{"arrivalTime":796990,"deadline":798085,"priority":"low","slices":[["CPU",1],["IO",85],["CPU",62]]},{"arrivalTime":798113,"deadline":805047,"priority":"high","slices":[["CPU",1],["IO",514],["CPU",1]]},{"arrivalTime":799223,"deadline":803667,"priority":"high","slices":[["CPU",1]]},{"arrivalTime":800327,"deadline":803704,"priority":"high","slices":[["CPU",1]]},{"arrivalTime":801458,"deadline":806997,"priority":"low","slices":[["CPU",1744]]},{"arrivalTime":802554,"deadline":804007,"priority":"low","slices":[["CPU",1]]},{"arrivalTime":803645,"deadline":809660,"priority":"high","slices":[["CPU",1]]},{"arrivalTime":804725,"deadline":806798,"priority":"high","slices":[["CPU",58],["IO",261],["CPU",58]]},{"arrivalTime":805822,"deadline":808666,"priority":"low","slices":[["CPU",112],["IO",176],["CPU",1]]},{"arrivalTime":806928,"deadline":807961,"priority":"high","slices":[["CPU",1]]},{"arrivalTime":808048,"deadline":814496,"priority":"low","slices":[["CPU",1]]},{"arrivalTime":809119,"deadline":812173,"priority":"high","slices":[["CPU",1],["IO",193],["CPU",120]]},{"arrivalTime":810225,"deadline":811540,"priority":"low","slices":[["CPU",432]]},{"arrivalTime":811333,"deadline":817958,"priority":"high","slices":[["CPU",1756]]},{"arrivalTime":812464,"deadline":818205,"priority":"high","slices":[["CPU",198],["IO",441],["CPU",198]]},{"arrivalTime":813550,"deadline":817147,"priority":"high","slices":[["CPU",754]]},{"arrivalTime":814676,"deadline":820826,"priority":"high","slices":[["CPU",1],["IO",691],["CPU",286]]},{"arrivalTime":815770,"deadline":818293,"priority":"high","slices":[["CPU",560]]},{"arrivalTime":816843,"deadline":822626,"priority":"high","slices":[["CPU",422],["IO",501],["CPU",1]]},{"arrivalTime":817974,"deadline":826113,"priority":"high","slices":[["CPU",1]]},{"arrivalTime":819093,"deadline":824815,"priority":"high","slices":[["CPU",1]]},{"arrivalTime":820195,"deadline":821057,"priority":"high","slices":[["CPU",250]]},{"arrivalTime":821299,"deadline":825014,"priority":"high","slices":[["CPU",1054]]},{"arrivalTime":822410,"deadline":824310,"priority":"low","slices":[["CPU",492]]},{"arrivalTime":823553,"deadline":825210,"priority":"low","slices":[["CPU",76],["IO",157],["CPU",1]]},{"arrivalTime":824645,"deadline":832183,"priority":"low","slices":[["CPU",1706]]},{"arrivalTime":825777,"deadline":835570,"priority":"high","slices":[["CPU",1]]},{"arrivalTime":826901,"deadline":831473,"priority":"high","slices":[["CPU",1],["IO",389],["CPU",128]]},{"arrivalTime":828007,"deadline":830470,"priority":"low","slices":[["CPU",766]]},{"arrivalTime":829094,"deadline":832911,"priority":"low","slices":[["CPU",1],["IO",449],["CPU",120]]},{"arrivalTime":830190,"deadline":831695,"priority":"high","slices":[["CPU",1]]},{"arrivalTime":831321,"deadline":837197,"priority":"high","slices":[["CPU",162],["IO",540],["CPU",162]]},{"arrivalTime":832426,"deadline":833150,"priority":"high","slices":[["CPU",202]]},{"arrivalTime":833517,"deadline":837696,"priority":"high","slices":[["CPU",1046]]},{"arrivalTime":834600,"deadline":836683,"priority":"high","slices":[["CPU",510]]},{"arrivalTime":835699,"deadline":843250,"priority":"high","slices":[["CPU",1]]},{"arrivalTime":836812,"deadline":843231,"priority":"low","slices":[["CPU",1],["IO",513],["CPU",1]]},{"arrivalTime":837911,"deadline":843888,"priority":"low","slices":[["CPU",1],["IO",699],["CPU",1]]},{"arrivalTime":839032,"deadline":841616,"priority":"low","slices":[["CPU",164],["IO",213],["CPU",1]]},{"arrivalTime":840138,"deadline":841193,"priority":"low","slices":[["CPU",30],["IO",75],["CPU",30]]},{"arrivalTime":841279,"deadline":847620,"priority":"high","slices":[["CPU",1]]},{"arrivalTime":842367,"deadline":843730,"priority":"low","slices":[["CPU",1],["IO",109],["CPU",1]]},{"arrivalTime":843499,"deadline":850832,"priority":"low","slices":[["CPU",1]]},{"arrivalTime":844607,"deadline":845968,"priority":"high","slices":[["CPU",426]]},{"arrivalTime":845722,"deadline":848935,"priority":"low","slices":[["CPU",70],["IO",349],["CPU",1]]},{"arrivalTime":846814,"deadline":852304,"priority":"high","slices":[["CPU",1],["IO",334],["CPU",260]]},{"arrivalTime":847910,"deadline":849548,"priority":"low","slices":[["CPU",388]]},{"arrivalTime":849030,"deadline":851503,"priority":"high","slices":[["CPU",1]]},{"arrivalTime":850169,"deadline":851345,"priority":"low","slices":[["CPU",1]]},{"arrivalTime":851293,"deadline":854565,"priority":"high","slices":[["CPU",1]]},{"arrivalTime":852425,"deadline":858887,"priority":"high","slices":[["CPU",1916]]},{"arrivalTime":853506,"deadline":855798,"priority":"low","slices":[["CPU",724]]},{"arrivalTime":854604,"deadline":857319,"priority":"high","slices":[["CPU",1]]},{"arrivalTime":855721,"deadline":857571,"priority":"high","slices":[["CPU",1]]},{"arrivalTime":856819,"deadline":862961,"priority":"low","slices":[["CPU",1800]]},{"arrivalTime":857892,"deadline":859144,"priority":"low","slices":[["CPU",356]]},{"arrivalTime":859016,"deadline":866102,"priority":"high","slices":[["CPU",126],["IO",684],["CPU",1]]},{"arrivalTime":860150,"deadline":864037,"priority":"low","slices":[["CPU",1]]},{"arrivalTime":861221,"deadline":863702,"priority":"low","slices":[["CPU",796]]},{"arrivalTime":862307,"deadline":868475,"priority":"low","slices":[["CPU",1],["IO",697],["CPU",264]]},{"arrivalTime":863421,"deadline":870882,"priority":"low","slices":[["CPU",208],["IO",617],["CPU",1]]},{"arrivalTime":864533,"deadline":865564,"priority":"high","slices":[["CPU",1],["IO",85],["CPU",1]]},{"arrivalTime":865624,"deadline":866976,"priority":"low","slices":[["CPU",54],["IO",87],["CPU",54]]},{"arrivalTime":866743,"deadline":873237,"priority":"low","slices":[["CPU",1],["IO",697],["CPU",104]]},{"arrivalTime":867873,"deadline":875189,"priority":"high","slices":[["CPU",1]]},{"arrivalTime":868964,"deadline":873653,"priority":"high","slices":[["CPU",172],["IO",398],["CPU",1]]},{"arrivalTime":870052,"deadline":874989,"priority":"low","slices":[["CPU",1],["IO",483],["CPU",122]]},{"arrivalTime":871166,"deadline":874667,"priority":"low","slices":[["CPU",1],["IO",378],["CPU",1]]},{"arrivalTime":872269,"deadline":879024,"priority":"high","slices":[["CPU",1]]},{"arrivalTime":873365,"deadline":877585,"priority":"low","slices":[["CPU",116],["IO",558],["CPU",116]]},{"arrivalTime":874468,"deadline":878040,"priority":"low","slices":[["CPU",1],["IO",250],["CPU",1]]},{"arrivalTime":875589,"deadline":878177,"priority":"high","slices":[["CPU",1],["IO",222],["CPU",84]]},{"arrivalTime":876681,"deadline":883598,"priority":"low","slices":[["CPU",1],["IO",592],["CPU",1]]},{"arrivalTime":877800,"deadline":879611,"priority":"high","slices":[["CPU",1]]},{"arrivalTime":878875,"deadline":885016,"priority":"high","slices":[["CPU",1],["IO",541],["CPU",236]]},{"arrivalTime":879979,"deadline":881916,"priority":"high","slices":[["CPU",580]]},{"arrivalTime":881106,"deadline":882388,"priority":"low","slices":[["CPU",338]]},{"arrivalTime":882189,"deadline":889296,"priority":"high","slices":[["CPU",1614]]},{"arrivalTime":883248,"deadline":888638,"priority":"high","slices":[["CPU",1156]]},{"arrivalTime":884331,"deadline":887246,"priority":"low","slices":[["CPU",66],["IO",288],["CPU",1]]},{"arrivalTime":885411,"deadline":887173,"priority":"high","slices":[["CPU",408]]},{"arrivalTime":886520,"deadline":893881,"priority":"low","slices":[["CPU",1],["IO",499],["CPU",1]]},{"arrivalTime":887607,"deadline":894822,"priority":"low","slices":[["CPU",1530]]},{"arrivalTime":888692,"deadline":895294,"priority":"low","slices":[["CPU",1]]},{"arrivalTime":889761,"deadline":898183,"priority":"low","slices":[["CPU",1]]},{"arrivalTime":890844,"deadline":892033,"priority":"high","slices":[["CPU",1]]},{"arrivalTime":891918,"deadline":897360,"priority":"high","slices":[["CPU",1]]},{"arrivalTime":893029,"deadline":899959,"priority":"high","slices":[["CPU",1],["IO",570],["CPU",1]]},{"arrivalTime":894141,"deadline":899994,"priority":"high","slices":[["CPU",1846]]},{"arrivalTime":895231,"deadline":901181,"priority":"low","slices":[["CPU",318],["IO",568],["CPU",1]]},{"arrivalTime":896347,"deadline":901117,"priority":"low","slices":[["CPU",1]]},{"arrivalTime":897480,"deadline":901393,"priority":"high","slices":[["CPU",246],["IO",374],["CPU",246]]},{"arrivalTime":898582,"deadline":907600,"priority":"low","slices":[["CPU",1]]},{"arrivalTime":899685,"deadline":901062,"priority":"high","slices":[["CPU",1],["IO",145],["CPU",74]]},{"arrivalTime":900763,"deadline":906476,"priority":"high","slices":[["CPU",1],["IO",340],["CPU",1]]},{"arrivalTime":901885,"deadline":903553,"priority":"low","slices":[["CPU",472]]},{"arrivalTime":902982,"deadline":912577,"priority":"low","slices":[["CPU",1],["IO",516],["CPU",1]]},{"arrivalTime":904097,"deadline":912731,"priority":"high","slices":[["CPU",208],["IO",722],["CPU",208]]},{"arrivalTime":905204,"deadline":911856,"priority":"low","slices":[["CPU",1484]]},{"arrivalTime":906323,"deadline":911772,"priority":"high","slices":[["CPU",1406]]},{"arrivalTime":907423,"deadline":909154,"priority":"high","slices":[["CPU",1]]},{"arrivalTime":908512,"deadline":913203,"priority":"high","slices":[["CPU",1062]]},{"arrivalTime":909598,"deadline":914599,"priority":"low","slices":[["CPU",1]]},{"arrivalTime":910678,"deadline":911611,"priority":"low","slices":[["CPU",270]]},{"arrivalTime":911780,"deadline":913363,"priority":"high","slices":[["CPU",1]]},{"arrivalTime":912850,"deadline":913996,"priority":"low","slices":[["CPU",240]]},{"arrivalTime":913935,"deadline":921525,"priority":"low","slices":[["CPU",1760]]},{"arrivalTime":915024,"deadline":915904,"priority":"low","slices":[["CPU",1],["IO",86],["CPU",1]]},{"arrivalTime":916115,"deadline":922783,"priority":"high","slices":[["CPU",1]]},{"arrivalTime":917214,"deadline":921855,"priority":"high","slices":[["CPU",92],["IO",478],["CPU",1]]},{"arrivalTime":918298,"deadline":920195,"priority":"high","slices":[["CPU",1]]},{"arrivalTime":919394,"deadline":924564,"priority":"low","slices":[["CPU",1444]]},{"arrivalTime":920505,"deadline":925363,"priority":"low","slices":[["CPU",1]]},{"arrivalTime":921602,"deadline":929835,"priority":"high","slices":[["CPU",1],["IO",580],["CPU",1]]},{"arrivalTime":922698,"deadline":924402,"priority":"low","slices":[["CPU",354]]},{"arrivalTime":923766,"deadline":926947,"priority":"high","slices":[["CPU",1]]},{"arrivalTime":924867,"deadline":925712,"priority":"low","slices":[["CPU",1],["IO",80],["CPU",38]]},{"arrivalTime":925972,"deadline":929225,"priority":"low","slices":[["CPU",1],["IO",241],["CPU",1]]},{"arrivalTime":927086,"deadline":928582,"priority":"low","slices":[["CPU",1],["IO",133],["CPU",1]]},{"arrivalTime":928241,"deadline":933391,"priority":"low","slices":[["CPU",170],["IO",406],["CPU",1]]},{"arrivalTime":929356,"deadline":931988,"priority":"high","slices":[["CPU",1]]},{"arrivalTime":930443,"deadline":932399,"priority":"high","slices":[["CPU",1],["IO",144],["CPU",1]]},{"arrivalTime":931533,"deadline":938340,"priority":"high","slices":[["CPU",332],["IO",372],["CPU",332]]},{"arrivalTime":932616,"deadline":939362,"priority":"low","slices":[["CPU",120],["IO",636],["CPU",1]]},{"arrivalTime":933721,"deadline":943544,"priority":"low","slices":[["CPU",1966]]},{"arrivalTime":934831,"deadline":941899,"priority":"high","slices":[["CPU",120],["IO",602],["CPU",120]]},{"arrivalTime":935930,"deadline":943368,"priority":"low","slices":[["CPU",1]]},{"arrivalTime":937038,"deadline":944775,"priority":"high","slices":[["CPU",1],["IO",744],["CPU",1]]},{"arrivalTime":938119,"deadline":942805,"priority":"low","slices":[["CPU",1],["IO",306],["CPU",1]]},{"arrivalTime":939199,"deadline":946515,"priority":"low","slices":[["CPU",1],["IO",597],["CPU",264]]},{"arrivalTime":940270,"deadline":945599,"priority":"high","slices":[["CPU",114],["IO",483],["CPU",1]]},{"arrivalTime":941361,"deadline":947693,"priority":"high","slices":[["CPU",136],["IO",631],["CPU",136]]},{"arrivalTime":942434,"deadline":948620,"priority":"high","slices":[["CPU",1],["IO",759],["CPU",168]]},{"arrivalTime":943536,"deadline":951456,"priority":"high","slices":[["CPU",1624]]},{"arrivalTime":944675,"deadline":950842,"priority":"high","slices":[["CPU",1]]},{"arrivalTime":945745,"deadline":954792,"priority":"low","slices":[["CPU",1]]},{"arrivalTime":946873,"deadline":950156,"priority":"low","slices":[["CPU",144],["IO",195],["CPU",1]]},{"arrivalTime":947947,"deadline":954483,"priority":"low","slices":[["CPU",1594]]},{"arrivalTime":949072,"deadline":956051,"priority":"low","slices":[["CPU",1],["IO",646],["CPU",1]]},{"arrivalTime":950186,"deadline":954459,"priority":"high","slices":[["CPU",1],["IO",480],["CPU",1]]},{"arrivalTime":951307,"deadline":956169,"priority":"high","slices":[["CPU",1002]]},{"arrivalTime":952410,"deadline":955173,"priority":"low","slices":[["CPU",1]]},{"arrivalTime":953523,"deadline":956655,"priority":"high","slices":[["CPU",1]]},{"arrivalTime":954579,"deadline":957704,"priority":"high","slices":[["CPU",1]]},{"arrivalTime":955668,"deadline":961741,"priority":"low","slices":[["CPU",1220]]},{"arrivalTime":956767,"deadline":957876,"priority":"low","slices":[["CPU",1],["IO",84],["CPU",60]]},{"arrivalTime":957843,"deadline":964367,"priority":"low","slices":[["CPU",1]]},{"arrivalTime":958960,"deadline":961441,"priority":"low","slices":[["CPU",58],["IO",267],["CPU",58]]},{"arrivalTime":960073,"deadline":960880,"priority":"low","slices":[["CPU",24],["IO",84],["CPU",1]]},{"arrivalTime":961168,"deadline":967567,"priority":"low","slices":[["CPU",1],["IO",491],["CPU",1]]},{"arrivalTime":962254,"deadline":966741,"priority":"high","slices":[["CPU",1]]},{"arrivalTime":963378,"deadline":967970,"priority":"low","slices":[["CPU",1]]},{"arrivalTime":964470,"deadline":967303,"priority":"low","slices":[["CPU",126],["IO",333],["CPU",126]]},{"arrivalTime":965579,"deadline":970013,"priority":"high","slices":[["CPU",296],["IO",418],["CPU",296]]},{"arrivalTime":966673,"deadline":970817,"priority":"high","slices":[["CPU",840]]},{"arrivalTime":967773,"deadline":971690,"priority":"low","slices":[["CPU",1]]},{"arrivalTime":968887,"deadline":972564,"priority":"high","slices":[["CPU",104],["IO",372],["CPU",1]]},{"arrivalTime":969982,"deadline":973154,"priority":"high","slices":[["CPU",1],["IO",263],["CPU",188]]},{"arrivalTime":971074,"deadline":973269,"priority":"low","slices":[["CPU",1],["IO",245],["CPU",1]]},{"arrivalTime":972175,"deadline":976593,"priority":"low","slices":[["CPU",1],["IO",293],["CPU",1]]},{"arrivalTime":973269,"deadline":977744,"priority":"low","slices":[["CPU",992]]},{"arrivalTime":974340,"deadline":975888,"priority":"high","slices":[["CPU",1]]},{"arrivalTime":975449,"deadline":981503,"priority":"low","slices":[["CPU",188],["IO",537],["CPU",1]]},{"arrivalTime":976574,"deadline":980121,"priority":"low","slices":[["CPU",1022]]},{"arrivalTime":977659,"deadline":981923,"priority":"high","slices":[["CPU",1212]]},{"arrivalTime":978747,"deadline":984664,"priority":"low","slices":[["CPU",1]]},{"arrivalTime":979859,"deadline":981626,"priority":"low","slices":[["CPU",430]]},{"arrivalTime":980973,"deadline":984079,"priority":"high","slices":[["CPU",1]]},{"arrivalTime":982099,"deadline":985270,"priority":"high","slices":[["CPU",120],["IO",209],["CPU",1]]},{"arrivalTime":983197,"deadline":986970,"priority":"low","slices":[["CPU",970]]},{"arrivalTime":984354,"deadline":985960,"priority":"high","slices":[["CPU",1]]},{"arrivalTime":985466,"deadline":993124,"priority":"high","slices":[["CPU",312],["IO",674],["CPU",312]]},{"arrivalTime":986531,"deadline":991647,"priority":"low","slices":[["CPU",172],["IO",519],["CPU",172]]},{"arrivalTime":987633,"deadline":990583,"priority":"low","slices":[["CPU",1]]},{"arrivalTime":988699,"deadline":995640,"priority":"low","slices":[["CPU",1]]},{"arrivalTime":989827,"deadline":995383,"priority":"low","slices":[["CPU",1294]]},{"arrivalTime":990945,"deadline":993253,"priority":"high","slices":[["CPU",1],["IO",192],["CPU",80]]},{"arrivalTime":992019,"deadline":993411,"priority":"high","slices":[["CPU",318]]},{"arrivalTime":993132,"deadline":1001844,"priority":"high","slices":[["CPU",1750]]},{"arrivalTime":994221,"deadline":995339,"priority":"high","slices":[["CPU",1],["IO",93],["CPU",1]]},{"arrivalTime":995321,"deadline":999264,"priority":"high","slices":[["CPU",1]]},{"arrivalTime":996446,"deadline":1000745,"priority":"high","slices":[["CPU",942]]},{"arrivalTime":997564,"deadline":1000817,"priority":"high","slices":[["CPU",1]]},{"arrivalTime":998644,"deadline":1000500,"priority":"low","slices":[["CPU",1]]},{"arrivalTime":999722,"deadline":1003378,"priority":"low","slices":[["CPU",1],["IO",312],["CPU",1]]}]
