[{"arrivalTime":0,"deadline":5154,"priority":"low","slices":[["CPU",1],["IO",341],["CPU",278]]},{"arrivalTime":5106,"deadline":71810,"priority":"high","slices":[["CPU",1],["IO",85],["CPU",4286],["IO",603],["CPU",1],["IO",478],["CPU",4286]]},{"arrivalTime":10184,"deadline":15213,"priority":"low","slices":[["CPU",1],["IO",414],["CPU",1]]},{"arrivalTime":15238,"deadline":21901,"priority":"high","slices":[["CPU",256],["IO",728],["CPU",1]]},{"arrivalTime":20267,"deadline":22022,"priority":"high","slices":[["CPU",1]]},{"arrivalTime":25355,"deadline":27359,"priority":"high","slices":[["CPU",1]]},{"arrivalTime":30402,"deadline":40612,"priority":"low","slices":[["CPU",74],["IO",24],["CPU",74],["IO",88],["CPU",1],["IO",15],["CPU",74],["IO",119],["CPU",74],["IO",17],["CPU",1],["IO",23],["CPU",74],["IO",19],["CPU",1],["IO",19],["CPU",74],["IO",21],["CPU",74],["IO",89],["CPU",74],["IO",117],["CPU",74],["IO",107],["CPU",74],["IO",16],["CPU",74],["IO",96],["CPU",1],["IO",21],["CPU",74],["IO",18],["CPU",74],["IO",89],["CPU",74],["IO",20],["CPU",74],["IO",24],["CPU",1],["IO",23],["CPU",74],["IO",24],["CPU",74],["IO",21],["CPU",1],["IO",85],["CPU",1]]},{"arrivalTime":35459,"deadline":48072,"priority":"high","slices":[["CPU",1],["IO",107],["CPU",544],["IO",15],["CPU",1],["IO",21],["CPU",1],["IO",19],["CPU",544],["IO",16],["CPU",544],["IO",2],["CPU",544]]},{"arrivalTime":40456,"deadline":45448,"priority":"high","slices":[["CPU",1],["IO",590],["CPU",1]]},{"arrivalTime":45510,"deadline":95263,"priority":"high","slices":[["CPU",4896],["IO",476],["CPU",4896],["IO",323],["CPU",1]]},{"arrivalTime":50665,"deadline":106996,"priority":"low","slices":[["CPU",380],["IO",67],["CPU",380],["IO",87],["CPU",380],["IO",91],["CPU",1],["IO",84],["CPU",380],["IO",94],["CPU",380],["IO",102],["CPU",1],["IO",82],["CPU",380],["IO",456],["CPU",380],["IO",363],["CPU",1],["IO",73],["CPU",1],["IO",493],["CPU",380],["IO",69],["CPU",380],["IO",102],["CPU",1],["IO",102],["CPU",380],["IO",511],["CPU",380],["IO",450],["CPU",1],["IO",374],["CPU",1],["IO",72],["CPU",1],["IO",347],["CPU",1],["IO",102],["CPU",380],["IO",39],["CPU",1]]},{"arrivalTime":55657,"deadline":97692,"priority":"high","slices":[["CPU",3120],["IO",98],["CPU",1],["IO",504],["CPU",3120],["IO",84],["CPU",3120],["IO",46],["CPU",3120]]},{"arrivalTime":60746,"deadline":61681,"priority":"high","slices":[["CPU",22],["IO",107],["CPU",22]]},{"arrivalTime":65761,"deadline":71796,"priority":"high","slices":[["CPU",1],["IO",587],["CPU",1]]},{"arrivalTime":70781,"deadline":78588,"priority":"high","slices":[["CPU",116],["IO",710],["CPU",116]]},{"arrivalTime":75880,"deadline":79346,"priority":"high","slices":[["CPU",1],["IO",253],["CPU",1]]},{"arrivalTime":81005,"deadline":83400,"priority":"low","slices":[["CPU",1],["IO",207],["CPU",40]]},{"arrivalTime":86001,"deadline":91773,"priority":"low","slices":[["CPU",1],["IO",524],["CPU",1]]},{"arrivalTime":91034,"deadline":91930,"priority":"high","slices":[["CPU",250]]},{"arrivalTime":96086,"deadline":101592,"priority":"low","slices":[["CPU",1566]]},{"arrivalTime":101171,"deadline":118658,"priority":"low","slices":[["CPU",74],["IO",32],["CPU",74],["IO",192],["CPU",74],["IO",151],["CPU",74],["IO",151],["CPU",1],["IO",22],["CPU",74],["IO",157],["CPU",1],["IO",152],["CPU",1],["IO",23],["CPU",1],["IO",160],["CPU",1],["IO",168],["CPU",74],["IO",191],["CPU",74],["IO",28],["CPU",74],["IO",133],["CPU",74],["IO",26],["CPU",1],["IO",34],["CPU",1],["IO",143],["CPU",74],["IO",165],["CPU",1],["IO",142],["CPU",74],["IO",156],["CPU",1],["IO",32],["CPU",74],["IO",24],["CPU",74]]},{"arrivalTime":106324,"deadline":155833,"priority":"low","slices":[["CPU",1],["IO",91],["CPU",1],["IO",371],["CPU",1],["IO",393],["CPU",224],["IO",473],["CPU",1],["IO",89],["CPU",224],["IO",326],["CPU",224],["IO",62],["CPU",224],["IO",89],["CPU",1],["IO",369],["CPU",1],["IO",79],["CPU",224],["IO",335],["CPU",1],["IO",369],["CPU",224],["IO",71],["CPU",1],["IO",67],["CPU",1],["IO",88],["CPU",224],["IO",87],["CPU",224],["IO",352],["CPU",1],["IO",75],["CPU",1],["IO",433],["CPU",1],["IO",356],["CPU",1],["IO",78],["CPU",224],["IO",73],["CPU",1],["IO",83],["CPU",224],["IO",87],["CPU",1],["IO",323],["CPU",224]]},{"arrivalTime":111371,"deadline":114484,"priority":"low","slices":[["CPU",820]]},{"arrivalTime":116478,"deadline":158895,"priority":"low","slices":[["CPU",204],["IO",298],["CPU",1],["IO",469],["CPU",204],["IO",63],["CPU",204],["IO",412],["CPU",1],["IO",419],["CPU",1],["IO",85],["CPU",1],["IO",70],["CPU",1],["IO",68],["CPU",1],["IO",59],["CPU",1],["IO",87],["CPU",204],["IO",441],["CPU",204],["IO",360],["CPU",204],["IO",69],["CPU",1],["IO",63],["CPU",1],["IO",69],["CPU",204],["IO",468],["CPU",204],["IO",405],["CPU",1],["IO",79],["CPU",204],["IO",401],["CPU",1],["IO",447],["CPU",1],["IO",71],["CPU",1],["IO",327],["CPU",1]]},{"arrivalTime":121594,"deadline":144580,"priority":"low","slices":[["CPU",1],["IO",48],["CPU",1746],["IO",235],["CPU",1],["IO",179],["CPU",1]]},{"arrivalTime":126643,"deadline":149359,"priority":"low","slices":[["CPU",1196],["IO",37],["CPU",1196],["IO",24],["CPU",1],["IO",139],["CPU",1],["IO",93],["CPU",1]]},{"arrivalTime":131725,"deadline":165792,"priority":"low","slices":[["CPU",1],["IO",422],["CPU",1],["IO",367],["CPU",1]]},{"arrivalTime":136819,"deadline":141437,"priority":"high","slices":[["CPU",930]]},{"arrivalTime":141825,"deadline":147758,"priority":"high","slices":[["CPU",1],["IO",412],["CPU",1]]},{"arrivalTime":146928,"deadline":148074,"priority":"high","slices":[["CPU",26],["IO",121],["CPU",1]]},{"arrivalTime":152023,"deadline":189879,"priority":"high","slices":[["CPU",1],["IO",73],["CPU",520],["IO",409],["CPU",520],["IO",501],["CPU",520],["IO",75],["CPU",1],["IO",478],["CPU",520],["IO",99],["CPU",1],["IO",84],["CPU",1],["IO",66],["CPU",1],["IO",427],["CPU",520],["IO",351],["CPU",1],["IO",315],["CPU",1],["IO",60],["CPU",1],["IO",455],["CPU",520],["IO",393],["CPU",520],["IO",122],["CPU",520]]},{"arrivalTime":157100,"deadline":185619,"priority":"low","slices":[["CPU",1],["IO",35],["CPU",2170],["IO",237],["CPU",2170],["IO",109],["CPU",2170]]},{"arrivalTime":162165,"deadline":168849,"priority":"high","slices":[["CPU",1],["IO",479],["CPU",1]]},{"arrivalTime":167237,"deadline":179468,"priority":"low","slices":[["CPU",66],["IO",16],["CPU",1],["IO",16],["CPU",1],["IO",23],["CPU",66],["IO",19],["CPU",66],["IO",23],["CPU",66],["IO",21],["CPU",1],["IO",80],["CPU",1],["IO",83],["CPU",66],["IO",103],["CPU",1],["IO",21],["CPU",1],["IO",20],["CPU",1],["IO",112],["CPU",1],["IO",18],["CPU",1],["IO",18],["CPU",66],["IO",15],["CPU",66],["IO",23],["CPU",1],["IO",20],["CPU",66],["IO",106],["CPU",1],["IO",85],["CPU",66],["IO",14],["CPU",66],["IO",111],["CPU",1],["IO",76],["CPU",66],["IO",94],["CPU",66]]},{"arrivalTime":172375,"deadline":186299,"priority":"high","slices":[["CPU",926],["IO",33],["CPU",926],["IO",30],["CPU",926],["IO",25],["CPU",926],["IO",131],["CPU",1],["IO",96],["CPU",1]]},{"arrivalTime":177442,"deadline":178938,"priority":"high","slices":[["CPU",1]]},{"arrivalTime":182490,"deadline":215605,"priority":"high","slices":[["CPU",3214],["IO",313],["CPU",3214],["IO",254],["CPU",3214]]},{"arrivalTime":187497,"deadline":193691,"priority":"high","slices":[["CPU",1480]]},{"arrivalTime":192550,"deadline":195007,"priority":"high","slices":[["CPU",688]]},{"arrivalTime":197638,"deadline":260756,"priority":"high","slices":[["CPU",1],["IO",93],["CPU",2632],["IO",467],["CPU",2632],["IO",104],["CPU",1],["IO",68],["CPU",1],["IO",41],["CPU",2632]]},{"arrivalTime":202706,"deadline":241708,"priority":"high","slices":[["CPU",272],["IO",79],["CPU",1],["IO",328],["CPU",1],["IO",394],["CPU",1],["IO",396],["CPU",1],["IO",60],["CPU",1],["IO",473],["CPU",1],["IO",296],["CPU",272],["IO",339],["CPU",1],["IO",353],["CPU",272],["IO",454],["CPU",272],["IO",358],["CPU",1],["IO",85],["CPU",272],["IO",316],["CPU",1],["IO",406],["CPU",272],["IO",428],["CPU",272],["IO",82],["CPU",272],["IO",419],["CPU",1]]},{"arrivalTime":207858,"deadline":215271,"priority":"low","slices":[["CPU",192],["IO",566],["CPU",192]]},{"arrivalTime":212903,"deadline":220760,"priority":"low","slices":[["CPU",1]]},{"arrivalTime":217986,"deadline":219044,"priority":"low","slices":[["CPU",1],["IO",108],["CPU",1]]},{"arrivalTime":223148,"deadline":252128,"priority":"low","slices":[["CPU",1918],["IO",311],["CPU",1918],["IO",43],["CPU",1918],["IO",58],["CPU",1],["IO",203],["CPU",1918]]},{"arrivalTime":228172,"deadline":233852,"priority":"high","slices":[["CPU",1198]]},{"arrivalTime":233219,"deadline":237028,"priority":"high","slices":[["CPU",1]]},{"arrivalTime":238249,"deadline":245156,"priority":"low","slices":[["CPU",1]]},{"arrivalTime":243293,"deadline":249417,"priority":"low","slices":[["CPU",1760]]},{"arrivalTime":248355,"deadline":255127,"priority":"low","slices":[["CPU",1]]},{"arrivalTime":253374,"deadline":262061,"priority":"low","slices":[["CPU",1],["IO",14],["CPU",292],["IO",60],["CPU",292],["IO",13],["CPU",292],["IO",10],["CPU",292],["IO",12],["CPU",1],["IO",16],["CPU",292],["IO",34],["CPU",292]]},{"arrivalTime":258427,"deadline":288829,"priority":"low","slices":[["CPU",1],["IO",45],["CPU",1],["IO",296],["CPU",1],["IO",47],["CPU",1],["IO",248],["CPU",1],["IO",218],["CPU",148],["IO",217],["CPU",1],["IO",214],["CPU",148],["IO",59],["CPU",148],["IO",58],["CPU",148],["IO",41],["CPU",148],["IO",46],["CPU",148],["IO",204],["CPU",1],["IO",52],["CPU",1],["IO",48],["CPU",1],["IO",59],["CPU",1],["IO",51],["CPU",148],["IO",49],["CPU",1],["IO",63],["CPU",148],["IO",250],["CPU",1],["IO",46],["CPU",1],["IO",244],["CPU",1],["IO",252],["CPU",1],["IO",283],["CPU",148],["IO",62],["CPU",148],["IO",49],["CPU",148],["IO",43],["CPU",148]]},{"arrivalTime":263545,"deadline":291665,"priority":"high","slices":[["CPU",2324],["IO",62],["CPU",1],["IO",262],["CPU",1],["IO",283],["CPU",2324]]},{"arrivalTime":268588,"deadline":270645,"priority":"low","slices":[["CPU",34],["IO",223],["CPU",34]]},{"arrivalTime":273593,"deadline":277101,"priority":"high","slices":[["CPU",1]]},{"arrivalTime":278608,"deadline":281488,"priority":"low","slices":[["CPU",1]]},{"arrivalTime":283700,"deadline":290598,"priority":"low","slices":[["CPU",1]]},{"arrivalTime":288737,"deadline":290212,"priority":"low","slices":[["CPU",1],["IO",125],["CPU",108]]},{"arrivalTime":293745,"deadline":328790,"priority":"high","slices":[["CPU",1],["IO",357],["CPU",1],["IO",81],["CPU",1],["IO",439],["CPU",1],["IO",57],["CPU",130],["IO",71],["CPU",1],["IO",77],["CPU",130],["IO",425],["CPU",1],["IO",363],["CPU",1],["IO",64],["CPU",130],["IO",62],["CPU",1],["IO",440],["CPU",130],["IO",63],["CPU",130],["IO",65],["CPU",1],["IO",347],["CPU",1],["IO",279],["CPU",130],["IO",57],["CPU",1],["IO",364],["CPU",1],["IO",61],["CPU",1],["IO",82],["CPU",130],["IO",391],["CPU",1],["IO",314],["CPU",130],["IO",67],["CPU",1],["IO",75],["CPU",1],["IO",77],["CPU",130],["IO",309],["CPU",130],["IO",66],["CPU",1],["IO",296],["CPU",1],["IO",206],["CPU",130]]},{"arrivalTime":298827,"deadline":304058,"priority":"high","slices":[["CPU",1]]},{"arrivalTime":303911,"deadline":308751,"priority":"high","slices":[["CPU",176],["IO",522],["CPU",1]]},{"arrivalTime":309034,"deadline":317014,"priority":"low","slices":[["CPU",1],["IO",749],["CPU",1]]},{"arrivalTime":314058,"deadline":323488,"priority":"low","slices":[["CPU",1980]]},{"arrivalTime":318991,"deadline":321395,"priority":"low","slices":[["CPU",1],["IO",275],["CPU",98]]},{"arrivalTime":324083,"deadline":341708,"priority":"low","slices":[["CPU",1],["IO",23],["CPU",1082],["IO",34],["CPU",1],["IO",181],["CPU",1082],["IO",72],["CPU",1]]},{"arrivalTime":329184,"deadline":330908,"priority":"low","slices":[["CPU",500]]},{"arrivalTime":334231,"deadline":340475,"priority":"low","slices":[["CPU",1],["IO",555],["CPU",1]]},{"arrivalTime":339358,"deadline":344452,"priority":"high","slices":[["CPU",1432]]},{"arrivalTime":344471,"deadline":349853,"priority":"high","slices":[["CPU",1740]]},{"arrivalTime":349552,"deadline":354475,"priority":"high","slices":[["CPU",1370]]},{"arrivalTime":354587,"deadline":357154,"priority":"high","slices":[["CPU",1],["IO",228],["CPU",1]]},{"arrivalTime":359670,"deadline":363444,"priority":"low","slices":[["CPU",1160]]},{"arrivalTime":364860,"deadline":368450,"priority":"high","slices":[["CPU",154],["IO",317],["CPU",1]]},{"arrivalTime":369945,"deadline":407331,"priority":"low","slices":[["CPU",138],["IO",215],["CPU",138],["IO",45],["CPU",1],["IO",51],["CPU",138],["IO",49],["CPU",138],["IO",279],["CPU",1],["IO",62],["CPU",138],["IO",46],["CPU",1],["IO",58],["CPU",1],["IO",46],["CPU",138],["IO",250],["CPU",1],["IO",63],["CPU",1],["IO",44],["CPU",1],["IO",316],["CPU",138],["IO",59],["CPU",1],["IO",218],["CPU",138],["IO",273],["CPU",138],["IO",43],["CPU",1],["IO",298],["CPU",1],["IO",229],["CPU",138],["IO",55],["CPU",138],["IO",337],["CPU",138],["IO",327],["CPU",1],["IO",304],["CPU",138],["IO",67],["CPU",138],["IO",50],["CPU",138]]},{"arrivalTime":375040,"deadline":418625,"priority":"high","slices":[["CPU",3910],["IO",333],["CPU",1],["IO",181],["CPU",3910]]},{"arrivalTime":380125,"deadline":382032,"priority":"high","slices":[["CPU",548]]},{"arrivalTime":385180,"deadline":446284,"priority":"low","slices":[["CPU",5796],["IO",587],["CPU",5796],["IO",379],["CPU",5796]]},{"arrivalTime":390264,"deadline":396800,"priority":"high","slices":[["CPU",1770]]},{"arrivalTime":395429,"deadline":400349,"priority":"low","slices":[["CPU",1],["IO",553],["CPU",214]]},{"arrivalTime":400422,"deadline":425069,"priority":"low","slices":[["CPU",132],["IO",178],["CPU",1],["IO",217],["CPU",1],["IO",52],["CPU",1],["IO",41],["CPU",132],["IO",233],["CPU",1],["IO",50],["CPU",132],["IO",55],["CPU",132],["IO",42],["CPU",132],["IO",190],["CPU",132],["IO",248],["CPU",1],["IO",53],["CPU",132],["IO",265],["CPU",132],["IO",44],["CPU",132],["IO",278],["CPU",132],["IO",258],["CPU",132],["IO",279],["CPU",132],["IO",53],["CPU",1],["IO",205],["CPU",132],["IO",36],["CPU",132],["IO",206],["CPU",132],["IO",128],["CPU",1]]},{"arrivalTime":405538,"deadline":421593,"priority":"high","slices":[["CPU",1],["IO",140],["CPU",1034],["IO",27],["CPU",1034],["IO",109],["CPU",1],["IO",53],["CPU",1034]]},{"arrivalTime":410634,"deadline":414913,"priority":"low","slices":[["CPU",214],["IO",451],["CPU",1]]},{"arrivalTime":415740,"deadline":416539,"priority":"high","slices":[["CPU",1]]},{"arrivalTime":420765,"deadline":423560,"priority":"low","slices":[["CPU",1]]},{"arrivalTime":425867,"deadline":427010,"priority":"low","slices":[["CPU",1]]},{"arrivalTime":430918,"deadline":431725,"priority":"high","slices":[["CPU",1]]},{"arrivalTime":436035,"deadline":443518,"priority":"low","slices":[["CPU",1]]},{"arrivalTime":441108,"deadline":443771,"priority":"high","slices":[["CPU",1],["IO",181],["CPU",1]]},{"arrivalTime":446196,"deadline":448907,"priority":"low","slices":[["CPU",1],["IO",277],["CPU",1]]},{"arrivalTime":451289,"deadline":520053,"priority":"low","slices":[["CPU",4490],["IO",86],["CPU",1],["IO",421],["CPU",4490],["IO",437],["CPU",1]]},{"arrivalTime":456382,"deadline":460908,"priority":"low","slices":[["CPU",68],["IO",426],["CPU",1]]},{"arrivalTime":461371,"deadline":463682,"priority":"high","slices":[["CPU",54],["IO",186],["CPU",1]]},{"arrivalTime":466512,"deadline":467462,"priority":"high","slices":[["CPU",204]]},{"arrivalTime":471574,"deadline":476547,"priority":"high","slices":[["CPU",1],["IO",284],["CPU",1]]},{"arrivalTime":476619,"deadline":482716,"priority":"low","slices":[["CPU",1],["IO",675],["CPU",1]]},{"arrivalTime":481747,"deadline":512990,"priority":"low","slices":[["CPU",2612],["IO",296],["CPU",1],["IO",276],["CPU",1],["IO",79],["CPU",2612]]},{"arrivalTime":486797,"deadline":505563,"priority":"high","slices":[["CPU",1],["IO",197],["CPU",172],["IO",40],["CPU",1],["IO",200],["CPU",1],["IO",36],["CPU",172],["IO",170],["CPU",172],["IO",199],["CPU",1],["IO",30],["CPU",1],["IO",136],["CPU",172],["IO",164],["CPU",1],["IO",184],["CPU",1],["IO",201],["CPU",172],["IO",37],["CPU",1],["IO",179],["CPU",172],["IO",171],["CPU",172],["IO",10],["CPU",1]]},{"arrivalTime":491828,"deadline":522574,"priority":"high","slices":[["CPU",412],["IO",55],["CPU",1],["IO",307],["CPU",1],["IO",347],["CPU",412],["IO",260],["CPU",1],["IO",71],["CPU",1],["IO",386],["CPU",1],["IO",255],["CPU",1],["IO",380],["CPU",412],["IO",61],["CPU",412],["IO",55],["CPU",412],["IO",362],["CPU",1],["IO",61],["CPU",412],["IO",48],["CPU",1],["IO",54],["CPU",1],["IO",74],["CPU",412],["IO",203],["CPU",1]]},{"arrivalTime":496873,"deadline":505609,"priority":"low","slices":[["CPU",1]]},{"arrivalTime":501963,"deadline":513688,"priority":"high","slices":[["CPU",1],["IO",26],["CPU",1],["IO",150],["CPU",1178],["IO",59],["CPU",1178]]},{"arrivalTime":507028,"deadline":538607,"priority":"low","slices":[["CPU",1],["IO",49],["CPU",1],["IO",68],["CPU",1],["IO",284],["CPU",1808],["IO",51],["CPU",1],["IO",266],["CPU",1]]},{"arrivalTime":512199,"deadline":563958,"priority":"high","slices":[["CPU",1],["IO",446],["CPU",446],["IO",80],["CPU",1],["IO",466],["CPU",1],["IO",468],["CPU",1],["IO",119],["CPU",446],["IO",589],["CPU",446],["IO",388],["CPU",446],["IO",98],["CPU",446],["IO",90],["CPU",446],["IO",403],["CPU",446],["IO",469],["CPU",1],["IO",108],["CPU",446],["IO",92],["CPU",446],["IO",504],["CPU",446],["IO",92],["CPU",1],["IO",452],["CPU",1],["IO",93],["CPU",1],["IO",88],["CPU",1],["IO",194],["CPU",446]]},{"arrivalTime":517302,"deadline":551761,"priority":"low","slices":[["CPU",3360],["IO",405],["CPU",3360],["IO",319],["CPU",1],["IO",18],["CPU",1]]},{"arrivalTime":522369,"deadline":528032,"priority":"high","slices":[["CPU",1232]]},{"arrivalTime":527466,"deadline":579893,"priority":"low","slices":[["CPU",1],["IO",357],["CPU",1],["IO",81],["CPU",274],["IO",78],["CPU",274],["IO",72],["CPU",274],["IO",392],["CPU",1],["IO",380],["CPU",274],["IO",375],["CPU",274],["IO",60],["CPU",1],["IO",90],["CPU",1],["IO",84],["CPU",274],["IO",83],["CPU",274],["IO",391],["CPU",1],["IO",59],["CPU",274],["IO",87],["CPU",1],["IO",345],["CPU",274],["IO",86],["CPU",1],["IO",64],["CPU",1],["IO",307],["CPU",274],["IO",300],["CPU",1],["IO",334],["CPU",1],["IO",79],["CPU",1],["IO",78],["CPU",1],["IO",364],["CPU",1]]},{"arrivalTime":532559,"deadline":564949,"priority":"low","slices":[["CPU",132],["IO",196],["CPU",1],["IO",44],["CPU",132],["IO",51],["CPU",1],["IO",36],["CPU",132],["IO",36],["CPU",132],["IO",32],["CPU",132],["IO",49],["CPU",132],["IO",204],["CPU",132],["IO",36],["CPU",1],["IO",39],["CPU",1],["IO",36],["CPU",1],["IO",46],["CPU",1],["IO",182],["CPU",132],["IO",269],["CPU",1],["IO",202],["CPU",132],["IO",195],["CPU",132],["IO",39],["CPU",1],["IO",34],["CPU",1],["IO",33],["CPU",1],["IO",39],["CPU",1],["IO",177],["CPU",132],["IO",53],["CPU",132],["IO",231],["CPU",132],["IO",221],["CPU",1],["IO",176],["CPU",132]]},{"arrivalTime":537611,"deadline":557924,"priority":"low","slices":[["CPU",1150],["IO",44],["CPU",1],["IO",34],["CPU",1],["IO",41],["CPU",1],["IO",147],["CPU",1150],["IO",41],["CPU",1]]},{"arrivalTime":542753,"deadline":545823,"priority":"high","slices":[["CPU",850]]},{"arrivalTime":547829,"deadline":555322,"priority":"high","slices":[["CPU",124],["IO",821],["CPU",1]]},{"arrivalTime":552902,"deadline":558963,"priority":"high","slices":[["CPU",1]]},{"arrivalTime":558025,"deadline":566122,"priority":"low","slices":[["CPU",1724]]},{"arrivalTime":563155,"deadline":571124,"priority":"high","slices":[["CPU",258],["IO",706],["CPU",258]]},{"arrivalTime":568132,"deadline":570190,"priority":"high","slices":[["CPU",572]]},{"arrivalTime":573274,"deadline":574226,"priority":"low","slices":[["CPU",1],["IO",103],["CPU",1]]},{"arrivalTime":578356,"deadline":643737,"priority":"low","slices":[["CPU",288],["IO",431],["CPU",1],["IO",72],["CPU",288],["IO",389],["CPU",1],["IO",380],["CPU",1],["IO",455],["CPU",288],["IO",460],["CPU",1],["IO",540],["CPU",1],["IO",408],["CPU",288],["IO",107],["CPU",288],["IO",543],["CPU",288],["IO",83],["CPU",1],["IO",443],["CPU",288],["IO",390],["CPU",1],["IO",103],["CPU",288],["IO",105],["CPU",1],["IO",73],["CPU",1],["IO",339],["CPU",288],["IO",74],["CPU",1],["IO",354],["CPU",288],["IO",47],["CPU",1]]},{"arrivalTime":583504,"deadline":588720,"priority":"high","slices":[["CPU",1],["IO",710],["CPU",136]]},{"arrivalTime":588584,"deadline":642358,"priority":"low","slices":[["CPU",1],["IO",108],["CPU",3536],["IO",79],["CPU",1],["IO",490],["CPU",1],["IO",42],["CPU",3536]]},{"arrivalTime":593674,"deadline":596940,"priority":"low","slices":[["CPU",762]]},{"arrivalTime":598814,"deadline":622292,"priority":"low","slices":[["CPU",1],["IO",250],["CPU",198],["IO",187],["CPU",198],["IO",174],["CPU",1],["IO",218],["CPU",198],["IO",253],["CPU",198],["IO",189],["CPU",198],["IO",44],["CPU",198],["IO",47],["CPU",198],["IO",211],["CPU",198],["IO",258],["CPU",1],["IO",251],["CPU",1],["IO",46],["CPU",1],["IO",174],["CPU",1],["IO",248],["CPU",198],["IO",34],["CPU",198],["IO",21],["CPU",1]]},{"arrivalTime":603943,"deadline":608421,"priority":"high","slices":[["CPU",1]]},{"arrivalTime":609044,"deadline":613754,"priority":"high","slices":[["CPU",1],["IO",349],["CPU",318]]},{"arrivalTime":614123,"deadline":615625,"priority":"high","slices":[["CPU",334]]},{"arrivalTime":619203,"deadline":623895,"priority":"high","slices":[["CPU",1354]]},{"arrivalTime":624372,"deadline":628617,"priority":"high","slices":[["CPU",1],["IO",436],["CPU",1]]},{"arrivalTime":629421,"deadline":631428,"priority":"high","slices":[["CPU",478]]},{"arrivalTime":634541,"deadline":683960,"priority":"low","slices":[["CPU",1],["IO",382],["CPU",1],["IO",113],["CPU",1],["IO",80],["CPU",2820],["IO",502],["CPU",1],["IO",4],["CPU",2820]]},{"arrivalTime":639671,"deadline":647972,"priority":"low","slices":[["CPU",446],["IO",60],["CPU",1],["IO",15],["CPU",1],["IO",16],["CPU",446],["IO",12],["CPU",1],["IO",46],["CPU",446]]},{"arrivalTime":644710,"deadline":688118,"priority":"high","slices":[["CPU",1],["IO",61],["CPU",1926],["IO",52],["CPU",1],["IO",70],["CPU",1926],["IO",390],["CPU",1],["IO",134],["CPU",1]]},{"arrivalTime":649745,"deadline":655815,"priority":"low","slices":[["CPU",1],["IO",652],["CPU",94]]},{"arrivalTime":654884,"deadline":661180,"priority":"low","slices":[["CPU",1360]]},{"arrivalTime":659921,"deadline":664759,"priority":"high","slices":[["CPU",290],["IO",380],["CPU",1]]},{"arrivalTime":665027,"deadline":670330,"priority":"low","slices":[["CPU",1244]]},{"arrivalTime":670101,"deadline":687120,"priority":"low","slices":[["CPU",1],["IO",144],["CPU",58],["IO",19],["CPU",58],["IO",97],["CPU",58],["IO",92],["CPU",58],["IO",22],["CPU",58],["IO",106],["CPU",58],["IO",27],["CPU",1],["IO",17],["CPU",58],["IO",116],["CPU",58],["IO",24],["CPU",1],["IO",138],["CPU",1],["IO",143],["CPU",58],["IO",110],["CPU",1],["IO",137],["CPU",58],["IO",23],["CPU",58],["IO",28],["CPU",1],["IO",107],["CPU",58],["IO",27],["CPU",1],["IO",25],["CPU",58],["IO",106],["CPU",58],["IO",112],["CPU",1],["IO",20],["CPU",58],["IO",19],["CPU",58]]},{"arrivalTime":675155,"deadline":676407,"priority":"low","slices":[["CPU",1],["IO",106],["CPU",34]]},{"arrivalTime":680133,"deadline":721502,"priority":"high","slices":[["CPU",1],["IO",571],["CPU",1],["IO",236],["CPU",5584]]},{"arrivalTime":685198,"deadline":687763,"priority":"high","slices":[["CPU",804]]},{"arrivalTime":690270,"deadline":699467,"priority":"low","slices":[["CPU",1],["IO",59],["CPU",486],["IO",13],["CPU",1],["IO",10],["CPU",486],["IO",61],["CPU",1]]},{"arrivalTime":695360,"deadline":699516,"priority":"high","slices":[["CPU",224],["IO",326],["CPU",1]]},{"arrivalTime":700460,"deadline":742738,"priority":"high","slices":[["CPU",1],["IO",64],["CPU",242],["IO",64],["CPU",1],["IO",55],["CPU",1],["IO",243],["CPU",242],["IO",70],["CPU",242],["IO",65],["CPU",242],["IO",313],["CPU",1],["IO",315],["CPU",242],["IO",51],["CPU",1],["IO",333],["CPU",242],["IO",61],["CPU",1],["IO",392],["CPU",1],["IO",72],["CPU",1],["IO",70],["CPU",1],["IO",65],["CPU",242],["IO",304],["CPU",1],["IO",263],["CPU",1],["IO",322],["CPU",242],["IO",298],["CPU",242],["IO",48],["CPU",242],["IO",348],["CPU",1]]},{"arrivalTime":705520,"deadline":713025,"priority":"high","slices":[["CPU",1942]]},{"arrivalTime":710554,"deadline":715609,"priority":"high","slices":[["CPU",228],["IO",354],["CPU",228]]},{"arrivalTime":715619,"deadline":723691,"priority":"low","slices":[["CPU",1740]]},{"arrivalTime":720690,"deadline":722245,"priority":"high","slices":[["CPU",1],["IO",169],["CPU",68]]},{"arrivalTime":725786,"deadline":730947,"priority":"low","slices":[["CPU",1306]]},{"arrivalTime":730915,"deadline":740957,"priority":"low","slices":[["CPU",52],["IO",87],["CPU",1],["IO",18],["CPU",52],["IO",20],["CPU",52],["IO",20],["CPU",52],["IO",94],["CPU",1],["IO",90],["CPU",52],["IO",17],["CPU",1],["IO",77],["CPU",52],["IO",18],["CPU",52],["IO",66],["CPU",52],["IO",108],["CPU",52],["IO",80],["CPU",1],["IO",16],["CPU",52],["IO",70],["CPU",1],["IO",15],["CPU",52],["IO",19],["CPU",52],["IO",74],["CPU",52],["IO",106],["CPU",1],["IO",65],["CPU",52],["IO",17],["CPU",1],["IO",19],["CPU",1],["IO",48],["CPU",1]]},{"arrivalTime":736033,"deadline":738600,"priority":"low","slices":[["CPU",1],["IO",354],["CPU",68]]},{"arrivalTime":741144,"deadline":744595,"priority":"low","slices":[["CPU",204],["IO",256],["CPU",204]]},{"arrivalTime":746242,"deadline":751568,"priority":"low","slices":[["CPU",1]]},{"arrivalTime":751332,"deadline":756017,"priority":"high","slices":[["CPU",1],["IO",470],["CPU",1]]},{"arrivalTime":756411,"deadline":758293,"priority":"low","slices":[["CPU",492]]},{"arrivalTime":761504,"deadline":780214,"priority":"low","slices":[["CPU",984],["IO",29],["CPU",1],["IO",140],["CPU",1],["IO",29],["CPU",984],["IO",70],["CPU",984]]},{"arrivalTime":766572,"deadline":779842,"priority":"low","slices":[["CPU",1],["IO",144],["CPU",1],["IO",25],["CPU",1],["IO",124],["CPU",1100]]},{"arrivalTime":771602,"deadline":773857,"priority":"low","slices":[["CPU",128],["IO",158],["CPU",1]]},{"arrivalTime":776632,"deadline":777991,"priority":"low","slices":[["CPU",1]]},{"arrivalTime":781650,"deadline":832516,"priority":"low","slices":[["CPU",3586],["IO",408],["CPU",3586],["IO",445],["CPU",1],["IO",26],["CPU",1]]},{"arrivalTime":786706,"deadline":791787,"priority":"high","slices":[["CPU",1558]]},{"arrivalTime":791760,"deadline":842024,"priority":"low","slices":[["CPU",1],["IO",328],["CPU",376],["IO",485],["CPU",376],["IO",419],["CPU",1],["IO",413],["CPU",376],["IO",71],["CPU",376],["IO",72],["CPU",1],["IO",336],["CPU",1],["IO",387],["CPU",376],["IO",446],["CPU",376],["IO",79],["CPU",376],["IO",328],["CPU",376],["IO",320],["CPU",376],["IO",65],["CPU",376],["IO",436],["CPU",1],["IO",450],["CPU",1],["IO",353],["CPU",376]]},{"arrivalTime":796855,"deadline":825012,"priority":"low","slices":[["CPU",1],["IO",194],["CPU",1],["IO",32],["CPU",1],["IO",29],["CPU",100],["IO",40],["CPU",100],["IO",174],["CPU",100],["IO",29],["CPU",100],["IO",191],["CPU",100],["IO",174],["CPU",100],["IO",152],["CPU",100],["IO",37],["CPU",1],["IO",40],["CPU",100],["IO",45],["CPU",100],["IO",187],["CPU",100],["IO",36],["CPU",100],["IO",211],["CPU",100],["IO",222],["CPU",1],["IO",44],["CPU",1],["IO",231],["CPU",100],["IO",169],["CPU",1],["IO",226],["CPU",100],["IO",200],["CPU",1]]},{"arrivalTime":801939,"deadline":803796,"priority":"high","slices":[["CPU",40],["IO",222],["CPU",40]]},{"arrivalTime":807016,"deadline":864416,"priority":"high","slices":[["CPU",208],["IO",513],["CPU",1],["IO",85],["CPU",1],["IO",537],["CPU",1],["IO",537],["CPU",208],["IO",481],["CPU",208],["IO",89],["CPU",208],["IO",101],["CPU",208],["IO",401],["CPU",208],["IO",457],["CPU",208],["IO",423],["CPU",1],["IO",478],["CPU",208],["IO",83],["CPU",208],["IO",363],["CPU",1],["IO",461],["CPU",208],["IO",109],["CPU",1],["IO",81],["CPU",1],["IO",507],["CPU",1],["IO",87],["CPU",208],["IO",412],["CPU",1],["IO",435],["CPU",208],["IO",89],["CPU",208],["IO",355],["CPU",208]]},{"arrivalTime":812123,"deadline":814919,"priority":"high","slices":[["CPU",1],["IO",215],["CPU",1]]},{"arrivalTime":817172,"deadline":824250,"priority":"high","slices":[["CPU",1486]]},{"arrivalTime":822225,"deadline":823452,"priority":"low","slices":[["CPU",1],["IO",90],["CPU",1]]},{"arrivalTime":827335,"deadline":830800,"priority":"high","slices":[["CPU",1]]},{"arrivalTime":832417,"deadline":837871,"priority":"low","slices":[["CPU",1]]},{"arrivalTime":837475,"deadline":846246,"priority":"high","slices":[["CPU",1986]]},{"arrivalTime":842502,"deadline":845447,"priority":"high","slices":[["CPU",720]]},{"arrivalTime":847620,"deadline":885636,"priority":"high","slices":[["CPU",1],["IO",55],["CPU",1],["IO",242],["CPU",2446],["IO",262],["CPU",1]]},{"arrivalTime":852650,"deadline":895850,"priority":"low","slices":[["CPU",416],["IO",66],["CPU",1],["IO",356],["CPU",416],["IO",71],["CPU",1],["IO",388],["CPU",416],["IO",71],["CPU",1],["IO",294],["CPU",416],["IO",384],["CPU",416],["IO",73],["CPU",1],["IO",313],["CPU",416],["IO",51],["CPU",1],["IO",76],["CPU",1],["IO",73],["CPU",416],["IO",56],["CPU",1],["IO",349],["CPU",416],["IO",378],["CPU",1]]},{"arrivalTime":857702,"deadline":918870,"priority":"high","slices":[["CPU",1],["IO",355],["CPU",610],["IO",102],["CPU",1],["IO",350],["CPU",1],["IO",347],["CPU",1],["IO",440],["CPU",610],["IO",442],["CPU",1],["IO",325],["CPU",1],["IO",66],["CPU",1],["IO",446],["CPU",610],["IO",93],["CPU",610],["IO",526],["CPU",1],["IO",75],["CPU",610],["IO",77],["CPU",1],["IO",246],["CPU",610]]},{"arrivalTime":862867,"deadline":866524,"priority":"high","slices":[["CPU",958]]},{"arrivalTime":867952,"deadline":871791,"priority":"low","slices":[["CPU",1056]]},{"arrivalTime":873050,"deadline":925924,"priority":"low","slices":[["CPU",222],["IO",74],["CPU",222],["IO",375],["CPU",222],["IO",410],["CPU",222],["IO",85],["CPU",222],["IO",77],["CPU",222],["IO",79],["CPU",1],["IO",421],["CPU",222],["IO",455],["CPU",222],["IO",59],["CPU",222],["IO",382],["CPU",1],["IO",79],["CPU",222],["IO",460],["CPU",222],["IO",329],["CPU",222],["IO",433],["CPU",222],["IO",79],["CPU",1],["IO",406],["CPU",222],["IO",78],["CPU",1],["IO",63],["CPU",1],["IO",69],["CPU",222],["IO",346],["CPU",222],["IO",73],["CPU",222],["IO",345],["CPU",222],["IO",60],["CPU",222]]},{"arrivalTime":878169,"deadline":883356,"priority":"low","slices":[["CPU",1]]},{"arrivalTime":883279,"deadline":953155,"priority":"low","slices":[["CPU",5688],["IO",578],["CPU",5688],["IO",402],["CPU",1]]},{"arrivalTime":888329,"deadline":892177,"priority":"low","slices":[["CPU",1270]]},{"arrivalTime":893353,"deadline":895072,"priority":"high","slices":[["CPU",1],["IO",150],["CPU",1]]},{"arrivalTime":898367,"deadline":899235,"priority":"low","slices":[["CPU",1]]},{"arrivalTime":903488,"deadline":920373,"priority":"high","slices":[["CPU",1],["IO",26],["CPU",1],["IO",106],["CPU",60],["IO",20],["CPU",1],["IO",111],["CPU",1],["IO",22],["CPU",1],["IO",18],["CPU",60],["IO",93],["CPU",60],["IO",132],["CPU",1],["IO",141],["CPU",1],["IO",104],["CPU",1],["IO",124],["CPU",1],["IO",144],["CPU",60],["IO",25],["CPU",60],["IO",22],["CPU",1],["IO",144],["CPU",60],["IO",24],["CPU",60],["IO",20],["CPU",60],["IO",22],["CPU",1],["IO",99],["CPU",1],["IO",127],["CPU",60],["IO",23],["CPU",60],["IO",92],["CPU",60],["IO",35],["CPU",60]]},{"arrivalTime":908488,"deadline":912172,"priority":"high","slices":[["CPU",820]]},{"arrivalTime":913531,"deadline":926216,"priority":"low","slices":[["CPU",738],["IO",21],["CPU",1],["IO",27],["CPU",1],["IO",97],["CPU",1],["IO",27],["CPU",738],["IO",74],["CPU",738]]},{"arrivalTime":918654,"deadline":968435,"priority":"high","slices":[["CPU",1910],["IO",63],["CPU",1],["IO",65],["CPU",1910],["IO",80],["CPU",1],["IO",65],["CPU",1910],["IO",304],["CPU",1910],["IO",353],["CPU",1]]},{"arrivalTime":923695,"deadline":959261,"priority":"low","slices":[["CPU",210],["IO",292],["CPU",1],["IO",264],["CPU",210],["IO",47],["CPU",210],["IO",64],["CPU",210],["IO",59],["CPU",1],["IO",279],["CPU",210],["IO",221],["CPU",1],["IO",50],["CPU",210],["IO",46],["CPU",1],["IO",53],["CPU",210],["IO",54],["CPU",1],["IO",54],["CPU",1],["IO",64],["CPU",210],["IO",236],["CPU",210],["IO",61],["CPU",1],["IO",290],["CPU",1],["IO",302],["CPU",210],["IO",55],["CPU",210],["IO",57],["CPU",1],["IO",270],["CPU",210],["IO",106],["CPU",1]]},{"arrivalTime":928675,"deadline":995278,"priority":"low","slices":[["CPU",1],["IO",486],["CPU",5792],["IO",253],["CPU",1]]},{"arrivalTime":933742,"deadline":938555,"priority":"high","slices":[["CPU",1]]},{"arrivalTime":938846,"deadline":944988,"priority":"high","slices":[["CPU",1],["IO",510],["CPU",134]]},{"arrivalTime":943873,"deadline":988161,"priority":"low","slices":[["CPU",1],["IO",61],["CPU",3070],["IO",408],["CPU",3070],["IO",111],["CPU",1]]},{"arrivalTime":948908,"deadline":956476,"priority":"low","slices":[["CPU",1]]},{"arrivalTime":954028,"deadline":993227,"priority":"high","slices":[["CPU",1],["IO",54],["CPU",1],["IO",64],["CPU",120],["IO",281],["CPU",1],["IO",85],["CPU",1],["IO",58],["CPU",120],["IO",395],["CPU",1],["IO",67],["CPU",1],["IO",69],["CPU",1],["IO",376],["CPU",1],["IO",56],["CPU",120],["IO",421],["CPU",120],["IO",393],["CPU",120],["IO",417],["CPU",120],["IO",344],["CPU",120],["IO",63],["CPU",120],["IO",55],["CPU",120],["IO",62],["CPU",1],["IO",435],["CPU",120],["IO",65],["CPU",120],["IO",80],["CPU",1],["IO",381],["CPU",120],["IO",56],["CPU",120],["IO",64],["CPU",1],["IO",72],["CPU",120],["IO",311],["CPU",1],["IO",62],["CPU",1],["IO",399],["CPU",1],["IO",64],["CPU",1]]},{"arrivalTime":959120,"deadline":965719,"priority":"high","slices":[["CPU",1],["IO",407],["CPU",1]]},{"arrivalTime":964157,"deadline":998076,"priority":"high","slices":[["CPU",1],["IO",208],["CPU",2002],["IO",250],["CPU",1],["IO",59],["CPU",2002],["IO",51],["CPU",1]]},{"arrivalTime":969253,"deadline":974512,"priority":"low","slices":[["CPU",1]]},{"arrivalTime":974294,"deadline":1034241,"priority":"low","slices":[["CPU",454],["IO",72],["CPU",454],["IO",410],["CPU",454],["IO",434],["CPU",454],["IO",501],["CPU",1],["IO",95],["CPU",454],["IO",71],["CPU",1],["IO",508],["CPU",454],["IO",98],["CPU",1],["IO",369],["CPU",454],["IO",437],["CPU",454],["IO",539],["CPU",1],["IO",518],["CPU",1],["IO",438],["CPU",1],["IO",76],["CPU",454],["IO",110],["CPU",1],["IO",97],["CPU",454],["IO",95],["CPU",454],["IO",31],["CPU",1]]},{"arrivalTime":979341,"deadline":984438,"priority":"high","slices":[["CPU",1338]]},{"arrivalTime":984385,"deadline":993955,"priority":"high","slices":[["CPU",1]]},{"arrivalTime":989535,"deadline":992920,"priority":"high","slices":[["CPU",152],["IO",215],["CPU",1]]},{"arrivalTime":994594,"deadline":996132,"priority":"high","slices":[["CPU",26],["IO",140],["CPU",1]]},{"arrivalTime":999667,"deadline":1004109,"priority":"low","slices":[["CPU",1154]]}]
