[{"arrivalTime":0,"deadline":2540,"priority":"high","slices":[["CPU",1]]},{"arrivalTime":16090,"deadline":65919,"priority":"high","slices":[["CPU",3002],["IO",78],["CPU",3002],["IO",435],["CPU",1],["IO",90],["CPU",3002],["IO",49],["CPU",1]]},{"arrivalTime":32199,"deadline":58521,"priority":"low","slices":[["CPU",1],["IO",188],["CPU",1228],["IO",47],["CPU",1],["IO",35],["CPU",1],["IO",44],["CPU",1228],["IO",40],["CPU",1228]]},{"arrivalTime":48321,"deadline":66312,"priority":"high","slices":[["CPU",1],["IO",158],["CPU",1],["IO",135],["CPU",116],["IO",22],["CPU",1],["IO",131],["CPU",1],["IO",158],["CPU",116],["IO",25],["CPU",1],["IO",24],["CPU",1],["IO",109],["CPU",1],["IO",161],["CPU",116],["IO",28],["CPU",116],["IO",128],["CPU",116],["IO",117],["CPU",116],["IO",178],["CPU",116],["IO",21],["CPU",1],["IO",138],["CPU",116],["IO",155],["CPU",116],["IO",134],["CPU",116]]},{"arrivalTime":64390,"deadline":95143,"priority":"high","slices":[["CPU",142],["IO",259],["CPU",142],["IO",48],["CPU",1],["IO",33],["CPU",142],["IO",170],["CPU",142],["IO",191],["CPU",1],["IO",251],["CPU",1],["IO",38],["CPU",1],["IO",199],["CPU",1],["IO",159],["CPU",142],["IO",177],["CPU",1],["IO",36],["CPU",1],["IO",178],["CPU",142],["IO",257],["CPU",1],["IO",34],["CPU",142],["IO",240],["CPU",142],["IO",167],["CPU",142],["IO",206],["CPU",142],["IO",35],["CPU",1],["IO",144],["CPU",1]]},{"arrivalTime":80470,"deadline":118225,"priority":"high","slices":[["CPU",264],["IO",66],["CPU",264],["IO",65],["CPU",264],["IO",50],["CPU",1],["IO",364],["CPU",264],["IO",334],["CPU",1],["IO",280],["CPU",264],["IO",77],["CPU",264],["IO",67],["CPU",264],["IO",267],["CPU",1],["IO",408],["CPU",264],["IO",56],["CPU",1],["IO",66],["CPU",1],["IO",64],["CPU",1],["IO",76],["CPU",1],["IO",298],["CPU",264],["IO",80],["CPU",264],["IO",56],["CPU",264],["IO",281],["CPU",264],["IO",261],["CPU",1],["IO",401],["CPU",264],["IO",187],["CPU",1]]},{"arrivalTime":96658,"deadline":138676,"priority":"low","slices":[["CPU",362],["IO",79],["CPU",1],["IO",85],["CPU",362],["IO",77],["CPU",1],["IO",364],["CPU",362],["IO",96],["CPU",1],["IO",449],["CPU",362],["IO",495],["CPU",1],["IO",64],["CPU",362],["IO",387],["CPU",1],["IO",78],["CPU",1],["IO",89],["CPU",1],["IO",504],["CPU",1],["IO",477],["CPU",362],["IO",350],["CPU",1],["IO",70],["CPU",1],["IO",92],["CPU",1],["IO",337],["CPU",1],["IO",336],["CPU",362],["IO",137],["CPU",362]]},{"arrivalTime":112734,"deadline":122144,"priority":"high","slices":[["CPU",848],["IO",20],["CPU",848],["IO",109],["CPU",848],["IO",19],["CPU",848]]},{"arrivalTime":128957,"deadline":154951,"priority":"low","slices":[["CPU",1],["IO",59],["CPU",1],["IO",205],["CPU",1914],["IO",221],["CPU",1914],["IO",65],["CPU",1914]]},{"arrivalTime":145120,"deadline":146646,"priority":"low","slices":[["CPU",1]]},{"arrivalTime":161253,"deadline":169365,"priority":"high","slices":[["CPU",68],["IO",13],["CPU",68],["IO",15],["CPU",68],["IO",54],["CPU",1],["IO",52],["CPU",68],["IO",12],["CPU",68],["IO",14],["CPU",68],["IO",78],["CPU",68],["IO",11],["CPU",1],["IO",15],["CPU",1],["IO",70],["CPU",1],["IO",11],["CPU",1],["IO",69],["CPU",68],["IO",51],["CPU",1],["IO",61],["CPU",1],["IO",57],["CPU",1],["IO",11],["CPU",68],["IO",74],["CPU",68],["IO",4],["CPU",1]]},{"arrivalTime":177507,"deadline":242321,"priority":"low","slices":[["CPU",1],["IO",368],["CPU",262],["IO",353],["CPU",1],["IO",83],["CPU",1],["IO",387],["CPU",262],["IO",71],["CPU",1],["IO",77],["CPU",262],["IO",106],["CPU",1],["IO",550],["CPU",262],["IO",457],["CPU",1],["IO",100],["CPU",1],["IO",579],["CPU",262],["IO",492],["CPU",262],["IO",433],["CPU",262],["IO",79],["CPU",1],["IO",92],["CPU",262],["IO",437],["CPU",1],["IO",89],["CPU",1],["IO",114],["CPU",262],["IO",429],["CPU",1],["IO",91],["CPU",262],["IO",96],["CPU",1],["IO",83],["CPU",1],["IO",440],["CPU",1],["IO",37],["CPU",262]]},{"arrivalTime":193766,"deadline":194779,"priority":"low","slices":[["CPU",34],["IO",133],["CPU",34]]},{"arrivalTime":209963,"deadline":218415,"priority":"low","slices":[["CPU",1716]]},{"arrivalTime":226076,"deadline":258909,"priority":"high","slices":[["CPU",1],["IO",45],["CPU",1],["IO",307],["CPU",1482],["IO",50],["CPU",1],["IO",58],["CPU",1482],["IO",41],["CPU",1482]]},{"arrivalTime":242235,"deadline":294132,"priority":"low","slices":[["CPU",1],["IO",91],["CPU",1],["IO",81],["CPU",2252],["IO",75],["CPU",2252],["IO",303],["CPU",1],["IO",250],["CPU",1]]},{"arrivalTime":258344,"deadline":266297,"priority":"low","slices":[["CPU",398],["IO",536],["CPU",398]]},{"arrivalTime":274535,"deadline":275628,"priority":"high","slices":[["CPU",44],["IO",101],["CPU",1]]},{"arrivalTime":290589,"deadline":293341,"priority":"low","slices":[["CPU",812]]},{"arrivalTime":306735,"deadline":312160,"priority":"low","slices":[["CPU",1780]]},{"arrivalTime":322860,"deadline":370146,"priority":"high","slices":[["CPU",194],["IO",74],["CPU",1],["IO",356],["CPU",194],["IO",73],["CPU",194],["IO",59],["CPU",1],["IO",60],["CPU",194],["IO",364],["CPU",1],["IO",68],["CPU",1],["IO",326],["CPU",194],["IO",407],["CPU",1],["IO",410],["CPU",1],["IO",479],["CPU",1],["IO",478],["CPU",194],["IO",439],["CPU",1],["IO",63],["CPU",194],["IO",413],["CPU",194],["IO",57],["CPU",194],["IO",345],["CPU",194],["IO",73],["CPU",1],["IO",323],["CPU",1],["IO",72],["CPU",194],["IO",388],["CPU",1],["IO",67],["CPU",1],["IO",45],["CPU",1]]},{"arrivalTime":339013,"deadline":357144,"priority":"high","slices":[["CPU",1],["IO",29],["CPU",112],["IO",121],["CPU",112],["IO",24],["CPU",1],["IO",107],["CPU",112],["IO",120],["CPU",112],["IO",28],["CPU",1],["IO",26],["CPU",1],["IO",116],["CPU",112],["IO",141],["CPU",112],["IO",133],["CPU",112],["IO",22],["CPU",112],["IO",19],["CPU",1],["IO",127],["CPU",1],["IO",30],["CPU",112],["IO",24],["CPU",1],["IO",20],["CPU",112],["IO",137],["CPU",1],["IO",148],["CPU",1],["IO",55],["CPU",1]]},{"arrivalTime":355161,"deadline":361070,"priority":"high","slices":[["CPU",316],["IO",369],["CPU",316]]},{"arrivalTime":371234,"deadline":412165,"priority":"high","slices":[["CPU",248],["IO",44],["CPU",248],["IO",50],["CPU",248],["IO",216],["CPU",1],["IO",234],["CPU",1],["IO",318],["CPU",248],["IO",62],["CPU",248],["IO",56],["CPU",248],["IO",313],["CPU",248],["IO",66],["CPU",1],["IO",57],["CPU",248],["IO",57],["CPU",1],["IO",276],["CPU",248],["IO",210],["CPU",248],["IO",46],["CPU",1],["IO",68],["CPU",248],["IO",47],["CPU",1],["IO",52],["CPU",1],["IO",275],["CPU",248],["IO",250],["CPU",248],["IO",51],["CPU",248],["IO",47],["CPU",248]]},{"arrivalTime":387442,"deadline":454600,"priority":"high","slices":[["CPU",1],["IO",524],["CPU",1],["IO",81],["CPU",696],["IO",417],["CPU",696],["IO",353],["CPU",696],["IO",457],["CPU",1],["IO",563],["CPU",696],["IO",89],["CPU",1],["IO",503],["CPU",1],["IO",372],["CPU",1],["IO",92],["CPU",696],["IO",532],["CPU",696],["IO",398],["CPU",696],["IO",60],["CPU",1]]},{"arrivalTime":403680,"deadline":436537,"priority":"high","slices":[["CPU",1936],["IO",306],["CPU",1936],["IO",54],["CPU",1936],["IO",48],["CPU",1936],["IO",11],["CPU",1936]]},{"arrivalTime":419695,"deadline":450480,"priority":"low","slices":[["CPU",1],["IO",302],["CPU",1],["IO",333],["CPU",1],["IO",52],["CPU",116],["IO",54],["CPU",1],["IO",314],["CPU",1],["IO",44],["CPU",116],["IO",43],["CPU",1],["IO",52],["CPU",116],["IO",263],["CPU",1],["IO",54],["CPU",1],["IO",59],["CPU",1],["IO",228],["CPU",1],["IO",57],["CPU",116],["IO",57],["CPU",116],["IO",273],["CPU",116],["IO",317],["CPU",116],["IO",291],["CPU",1],["IO",41],["CPU",1],["IO",45],["CPU",116],["IO",40],["CPU",116],["IO",52],["CPU",1],["IO",52],["CPU",116],["IO",220],["CPU",116],["IO",294],["CPU",116],["IO",63],["CPU",1],["IO",190],["CPU",1]]},{"arrivalTime":435794,"deadline":439481,"priority":"high","slices":[["CPU",1]]},{"arrivalTime":451937,"deadline":491247,"priority":"high","slices":[["CPU",2196],["IO",55],["CPU",1],["IO",301],["CPU",2196],["IO",61],["CPU",2196],["IO",318],["CPU",1]]},{"arrivalTime":467990,"deadline":871086,"priority":"high","slices":[["CPU",1],["IO",68],["CPU",1],["IO",104],["CPU",42898],["IO",614],["CPU",42898]]},{"arrivalTime":484143,"deadline":510999,"priority":"low","slices":[["CPU",1],["IO",58],["CPU",1],["IO",240],["CPU",1],["IO",51],["CPU",1],["IO",63],["CPU",1],["IO",56],["CPU",1],["IO",63],["CPU",1],["IO",248],["CPU",1],["IO",42],["CPU",160],["IO",48],["CPU",1],["IO",259],["CPU",1],["IO",226],["CPU",160],["IO",291],["CPU",160],["IO",307],["CPU",1],["IO",55],["CPU",160],["IO",42],["CPU",160],["IO",54],["CPU",1],["IO",52],["CPU",160],["IO",42],["CPU",160],["IO",63],["CPU",160],["IO",273],["CPU",1],["IO",49],["CPU",160],["IO",46],["CPU",1],["IO",60],["CPU",160],["IO",44],["CPU",1],["IO",239],["CPU",160],["IO",41],["CPU",1],["IO",23],["CPU",160]]},{"arrivalTime":500194,"deadline":537266,"priority":"low","slices":[["CPU",340],["IO",283],["CPU",340],["IO",207],["CPU",1],["IO",267],["CPU",340],["IO",196],["CPU",1],["IO",271],["CPU",340],["IO",289],["CPU",340],["IO",48],["CPU",1],["IO",48],["CPU",340],["IO",216],["CPU",1],["IO",199],["CPU",1],["IO",292],["CPU",1],["IO",284],["CPU",340],["IO",10],["CPU",1]]},{"arrivalTime":516190,"deadline":566865,"priority":"low","slices":[["CPU",172],["IO",60],["CPU",1],["IO",66],["CPU",172],["IO",79],["CPU",1],["IO",74],["CPU",172],["IO",58],["CPU",172],["IO",77],["CPU",1],["IO",71],["CPU",172],["IO",74],["CPU",172],["IO",66],["CPU",172],["IO",59],["CPU",1],["IO",374],["CPU",172],["IO",451],["CPU",172],["IO",400],["CPU",1],["IO",362],["CPU",1],["IO",437],["CPU",172],["IO",389],["CPU",172],["IO",455],["CPU",1],["IO",70],["CPU",1],["IO",287],["CPU",1],["IO",82],["CPU",172],["IO",394],["CPU",172],["IO",58],["CPU",172],["IO",87],["CPU",172],["IO",389],["CPU",172],["IO",77],["CPU",172],["IO",254],["CPU",1]]},{"arrivalTime":532351,"deadline":578716,"priority":"high","slices":[["CPU",1],["IO",335],["CPU",4024],["IO",249],["CPU",4024]]},{"arrivalTime":548386,"deadline":590969,"priority":"low","slices":[["CPU",500],["IO",342],["CPU",1],["IO",101],["CPU",1],["IO",400],["CPU",1],["IO",407],["CPU",1],["IO",403],["CPU",1],["IO",360],["CPU",500],["IO",412],["CPU",1],["IO",95],["CPU",500],["IO",382],["CPU",1],["IO",84],["CPU",500],["IO",68],["CPU",1],["IO",497],["CPU",1],["IO",463],["CPU",1],["IO",389],["CPU",1],["IO",494],["CPU",500]]},{"arrivalTime":564629,"deadline":962327,"priority":"low","slices":[["CPU",69454],["IO",858],["CPU",69454]]},{"arrivalTime":580874,"deadline":587839,"priority":"low","slices":[["CPU",1],["IO",11],["CPU",80],["IO",78],["CPU",1],["IO",69],["CPU",1],["IO",14],["CPU",1],["IO",62],["CPU",80],["IO",57],["CPU",1],["IO",12],["CPU",80],["IO",54],["CPU",1],["IO",73],["CPU",1],["IO",69],["CPU",1],["IO",55],["CPU",80],["IO",13],["CPU",1],["IO",56],["CPU",80],["IO",41],["CPU",1]]},{"arrivalTime":597013,"deadline":604498,"priority":"low","slices":[["CPU",348],["IO",590],["CPU",1]]},{"arrivalTime":613149,"deadline":620994,"priority":"low","slices":[["CPU",1],["IO",63],["CPU",1],["IO",68],["CPU",60],["IO",14],["CPU",60],["IO",11],["CPU",1],["IO",12],["CPU",60],["IO",11],["CPU",1],["IO",82],["CPU",1],["IO",15],["CPU",60],["IO",73],["CPU",60],["IO",66],["CPU",1],["IO",13],["CPU",1],["IO",58],["CPU",60],["IO",78],["CPU",1],["IO",17],["CPU",1],["IO",81],["CPU",60],["IO",12],["CPU",60],["IO",13],["CPU",60],["IO",74],["CPU",1],["IO",10],["CPU",60],["IO",70],["CPU",60]]},{"arrivalTime":629280,"deadline":637853,"priority":"low","slices":[["CPU",1],["IO",49],["CPU",62],["IO",51],["CPU",1],["IO",12],["CPU",62],["IO",13],["CPU",1],["IO",50],["CPU",62],["IO",11],["CPU",62],["IO",67],["CPU",62],["IO",11],["CPU",62],["IO",73],["CPU",1],["IO",10],["CPU",62],["IO",10],["CPU",1],["IO",11],["CPU",1],["IO",62],["CPU",62],["IO",69],["CPU",62],["IO",49],["CPU",1],["IO",11],["CPU",1],["IO",14],["CPU",62],["IO",12],["CPU",62],["IO",2],["CPU",1]]},{"arrivalTime":645321,"deadline":647780,"priority":"high","slices":[["CPU",92],["IO",232],["CPU",92]]},{"arrivalTime":661432,"deadline":711852,"priority":"high","slices":[["CPU",332],["IO",83],["CPU",1],["IO",89],["CPU",332],["IO",364],["CPU",1],["IO",70],["CPU",332],["IO",67],["CPU",1],["IO",93],["CPU",1],["IO",438],["CPU",1],["IO",75],["CPU",332],["IO",77],["CPU",332],["IO",337],["CPU",1],["IO",374],["CPU",332],["IO",82],["CPU",1],["IO",420],["CPU",1],["IO",314],["CPU",1],["IO",91],["CPU",332],["IO",65],["CPU",332],["IO",297],["CPU",332],["IO",338],["CPU",1],["IO",70],["CPU",1],["IO",83],["CPU",332],["IO",80],["CPU",1],["IO",7],["CPU",332]]},{"arrivalTime":677673,"deadline":716348,"priority":"low","slices":[["CPU",472],["IO",83],["CPU",472],["IO",63],["CPU",472],["IO",83],["CPU",472],["IO",390],["CPU",472],["IO",101],["CPU",472],["IO",425],["CPU",1],["IO",90],["CPU",1],["IO",92],["CPU",1],["IO",403],["CPU",1],["IO",91],["CPU",1],["IO",335],["CPU",472],["IO",72],["CPU",1],["IO",369],["CPU",1],["IO",424],["CPU",472],["IO",80],["CPU",472],["IO",505],["CPU",472],["IO",69],["CPU",472],["IO",79],["CPU",1]]},{"arrivalTime":693873,"deadline":730330,"priority":"low","slices":[["CPU",1],["IO",292],["CPU",2372],["IO",76],["CPU",1],["IO",70],["CPU",2372],["IO",95],["CPU",1]]},{"arrivalTime":710005,"deadline":755423,"priority":"low","slices":[["CPU",3510],["IO",90],["CPU",3510],["IO",395],["CPU",1],["IO",349],["CPU",3510]]},{"arrivalTime":726061,"deadline":736252,"priority":"low","slices":[["CPU",1],["IO",73],["CPU",440],["IO",16],["CPU",1],["IO",16],["CPU",1],["IO",14],["CPU",1],["IO",34],["CPU",1]]},{"arrivalTime":742143,"deadline":790600,"priority":"high","slices":[["CPU",1],["IO",442],["CPU",4882],["IO",323],["CPU",1]]},{"arrivalTime":758177,"deadline":759161,"priority":"low","slices":[["CPU",296]]},{"arrivalTime":774203,"deadline":1082859,"priority":"high","slices":[["CPU",1],["IO",57],["CPU",1],["IO",63],["CPU",30698],["IO",412],["CPU",1]]},{"arrivalTime":790422,"deadline":838660,"priority":"low","slices":[["CPU",1],["IO",74],["CPU",1],["IO",59],["CPU",1],["IO",80],["CPU",1482],["IO",60],["CPU",1482],["IO",414],["CPU",1],["IO",72],["CPU",1],["IO",31],["CPU",1482]]},{"arrivalTime":806748,"deadline":872414,"priority":"low","slices":[["CPU",1],["IO",81],["CPU",296],["IO",500],["CPU",1],["IO",71],["CPU",296],["IO",384],["CPU",296],["IO",485],["CPU",1],["IO",94],["CPU",296],["IO",376],["CPU",1],["IO",112],["CPU",296],["IO",93],["CPU",1],["IO",440],["CPU",1],["IO",107],["CPU",296],["IO",85],["CPU",296],["IO",415],["CPU",296],["IO",73],["CPU",1],["IO",72],["CPU",1],["IO",88],["CPU",1],["IO",105],["CPU",1],["IO",473],["CPU",296],["IO",78],["CPU",1],["IO",109],["CPU",1],["IO",507],["CPU",1],["IO",398],["CPU",1],["IO",431],["CPU",1],["IO",122],["CPU",1]]},{"arrivalTime":822870,"deadline":848337,"priority":"low","slices":[["CPU",1856],["IO",46],["CPU",1],["IO",231],["CPU",1856],["IO",201],["CPU",1856]]},{"arrivalTime":839026,"deadline":856851,"priority":"high","slices":[["CPU",98],["IO",101],["CPU",98],["IO",22],["CPU",1],["IO",21],["CPU",98],["IO",105],["CPU",1],["IO",123],["CPU",1],["IO",24],["CPU",98],["IO",139],["CPU",1],["IO",26],["CPU",1],["IO",30],["CPU",1],["IO",123],["CPU",1],["IO",19],["CPU",98],["IO",25],["CPU",1],["IO",141],["CPU",1],["IO",21],["CPU",1],["IO",21],["CPU",1],["IO",115],["CPU",98],["IO",25],["CPU",98],["IO",22],["CPU",98],["IO",27],["CPU",98],["IO",125],["CPU",1],["IO",25],["CPU",98],["IO",30],["CPU",98],["IO",82],["CPU",1]]},{"arrivalTime":855133,"deadline":864180,"priority":"high","slices":[["CPU",1],["IO",88],["CPU",866],["IO",65],["CPU",866]]},{"arrivalTime":871433,"deadline":919306,"priority":"high","slices":[["CPU",1],["IO",115],["CPU",2360],["IO",92],["CPU",2360],["IO",72],["CPU",2360],["IO",73],["CPU",2360],["IO",498],["CPU",2360],["IO",203],["CPU",1]]},{"arrivalTime":887633,"deadline":923640,"priority":"high","slices":[["CPU",150],["IO",268],["CPU",150],["IO",68],["CPU",1],["IO",66],["CPU",150],["IO",274],["CPU",150],["IO",276],["CPU",150],["IO",63],["CPU",1],["IO",260],["CPU",1],["IO",296],["CPU",1],["IO",50],["CPU",150],["IO",62],["CPU",150],["IO",63],["CPU",1],["IO",43],["CPU",1],["IO",305],["CPU",150],["IO",337],["CPU",150],["IO",43],["CPU",150],["IO",263],["CPU",1],["IO",47],["CPU",150],["IO",350],["CPU",150],["IO",57],["CPU",1],["IO",303],["CPU",150],["IO",45],["CPU",1],["IO",45],["CPU",1],["IO",50],["CPU",1],["IO",170],["CPU",150]]},{"arrivalTime":903749,"deadline":921069,"priority":"low","slices":[["CPU",1],["IO",199],["CPU",1],["IO",172],["CPU",1],["IO",44],["CPU",1],["IO",156],["CPU",104],["IO",152],["CPU",1],["IO",196],["CPU",1],["IO",36],["CPU",104],["IO",211],["CPU",104],["IO",28],["CPU",1],["IO",36],["CPU",104],["IO",145],["CPU",1],["IO",36],["CPU",1],["IO",163],["CPU",1],["IO",211],["CPU",104],["IO",34],["CPU",1],["IO",33],["CPU",104],["IO",195],["CPU",1],["IO",154],["CPU",104],["IO",218],["CPU",104],["IO",41],["CPU",1],["IO",31],["CPU",104],["IO",1],["CPU",1]]},{"arrivalTime":919784,"deadline":937419,"priority":"high","slices":[["CPU",98],["IO",193],["CPU",98],["IO",155],["CPU",1],["IO",186],["CPU",98],["IO",164],["CPU",98],["IO",40],["CPU",1],["IO",30],["CPU",98],["IO",189],["CPU",98],["IO",29],["CPU",1],["IO",190],["CPU",98],["IO",34],["CPU",98],["IO",189],["CPU",98],["IO",30],["CPU",98],["IO",38],["CPU",98],["IO",170],["CPU",1],["IO",130],["CPU",1],["IO",174],["CPU",98],["IO",27],["CPU",98],["IO",39],["CPU",1],["IO",192],["CPU",98],["IO",40],["CPU",1],["IO",19],["CPU",1]]},{"arrivalTime":935930,"deadline":964450,"priority":"high","slices":[["CPU",1804],["IO",54],["CPU",1804],["IO",43],["CPU",1],["IO",221],["CPU",1804],["IO",238],["CPU",1]]},{"arrivalTime":952028,"deadline":987571,"priority":"low","slices":[["CPU",2252],["IO",56],["CPU",2252],["IO",76],["CPU",2252],["IO",372],["CPU",1],["IO",104],["CPU",2252]]},{"arrivalTime":968166,"deadline":1014309,"priority":"high","slices":[["CPU",186],["IO",83],["CPU",1],["IO",409],["CPU",186],["IO",69],["CPU",186],["IO",66],["CPU",1],["IO",84],["CPU",186],["IO",61],["CPU",186],["IO",394],["CPU",186],["IO",390],["CPU",1],["IO",329],["CPU",1],["IO",63],["CPU",1],["IO",72],["CPU",1],["IO",75],["CPU",186],["IO",372],["CPU",186],["IO",68],["CPU",186],["IO",328],["CPU",1],["IO",71],["CPU",186],["IO",315],["CPU",1],["IO",311],["CPU",1],["IO",81],["CPU",186],["IO",78],["CPU",186],["IO",358],["CPU",186],["IO",357],["CPU",186],["IO",283],["CPU",1]]},{"arrivalTime":984286,"deadline":992717,"priority":"high","slices":[["CPU",230],["IO",742],["CPU",230]]}]
