[{"arrivalTime":0,"deadline":4209,"priority":"low","slices":[["CPU",1008]]},{"arrivalTime":10146,"deadline":11332,"priority":"high","slices":[["CPU",1]]},{"arrivalTime":20216,"deadline":187879,"priority":"high","slices":[["CPU",33498],["IO",357],["CPU",1]]},{"arrivalTime":30373,"deadline":33883,"priority":"low","slices":[["CPU",162],["IO",214],["CPU",1]]},{"arrivalTime":40539,"deadline":301697,"priority":"low","slices":[["CPU",848],["IO",61],["CPU",1],["IO",58],["CPU",1],["IO",2176],["CPU",848],["IO",76],["CPU",848],["IO",2168],["CPU",848],["IO",2630],["CPU",848],["IO",71],["CPU",848],["IO",2807],["CPU",1],["IO",3391],["CPU",1],["IO",82],["CPU",1],["IO",54],["CPU",1],["IO",59],["CPU",1],["IO",77],["CPU",848],["IO",53],["CPU",1],["IO",2948],["CPU",848],["IO",51],["CPU",848],["IO",62],["CPU",848],["IO",85],["CPU",1],["IO",2907],["CPU",1],["IO",62],["CPU",1],["IO",2374],["CPU",848],["IO",61],["CPU",848],["IO",79],["CPU",1],["IO",2614],["CPU",1],["IO",2264],["CPU",848],["IO",3003],["CPU",1],["IO",80],["CPU",1],["IO",74],["CPU",848],["IO",3368],["CPU",848],["IO",73],["CPU",848],["IO",2092],["CPU",1],["IO",2581],["CPU",1],["IO",77],["CPU",1],["IO",53],["CPU",848],["IO",2736],["CPU",848],["IO",67],["CPU",1],["IO",2208],["CPU",1],["IO",2420],["CPU",848],["IO",2903],["CPU",848],["IO",58],["CPU",848],["IO",2264],["CPU",1]]},{"arrivalTime":50622,"deadline":61290,"priority":"low","slices":[["CPU",1278],["IO",123],["CPU",1278],["IO",91],["CPU",1278]]},{"arrivalTime":60621,"deadline":65375,"priority":"low","slices":[["CPU",1086]]},{"arrivalTime":70739,"deadline":112003,"priority":"high","slices":[["CPU",3110],["IO",519],["CPU",1],["IO",76],["CPU",3110],["IO",69],["CPU",3110],["IO",11],["CPU",3110]]},{"arrivalTime":80853,"deadline":99200,"priority":"high","slices":[["CPU",184],["IO",144],["CPU",184],["IO",104],["CPU",184],["IO",123],["CPU",184],["IO",114],["CPU",184],["IO",141],["CPU",184],["IO",25],["CPU",184],["IO",26],["CPU",184],["IO",120],["CPU",184],["IO",157],["CPU",1],["IO",148],["CPU",184],["IO",101],["CPU",1],["IO",21],["CPU",184],["IO",24],["CPU",1]]},{"arrivalTime":90997,"deadline":99713,"priority":"low","slices":[["CPU",1],["IO",704],["CPU",1]]},{"arrivalTime":101060,"deadline":101960,"priority":"high","slices":[["CPU",1],["IO",82],["CPU",1]]},{"arrivalTime":111160,"deadline":112177,"priority":"low","slices":[["CPU",1],["IO",93],["CPU",24]]},{"arrivalTime":121336,"deadline":125715,"priority":"high","slices":[["CPU",952]]},{"arrivalTime":131427,"deadline":162887,"priority":"low","slices":[["CPU",292],["IO",56],["CPU",1],["IO",77],["CPU",1],["IO",68],["CPU",1],["IO",57],["CPU",292],["IO",373],["CPU",292],["IO",59],["CPU",292],["IO",347],["CPU",1],["IO",79],["CPU",292],["IO",411],["CPU",1],["IO",352],["CPU",292],["IO",79],["CPU",292],["IO",61],["CPU",292],["IO",337],["CPU",1],["IO",251],["CPU",1],["IO",341],["CPU",1],["IO",383],["CPU",292],["IO",385],["CPU",292],["IO",137],["CPU",292]]},{"arrivalTime":141488,"deadline":144390,"priority":"high","slices":[["CPU",854]]},{"arrivalTime":151556,"deadline":153250,"priority":"low","slices":[["CPU",1]]},{"arrivalTime":161751,"deadline":166332,"priority":"high","slices":[["CPU",1380]]},{"arrivalTime":171894,"deadline":173233,"priority":"high","slices":[["CPU",400]]},{"arrivalTime":181968,"deadline":216830,"priority":"low","slices":[["CPU",1],["IO",88],["CPU",1],["IO",277],["CPU",1922],["IO",73],["CPU",1],["IO",56],["CPU",1922],["IO",76],["CPU",1922],["IO",14],["CPU",1922]]},{"arrivalTime":192069,"deadline":213906,"priority":"low","slices":[["CPU",158],["IO",49],["CPU",158],["IO",37],["CPU",1],["IO",238],["CPU",1],["IO",156],["CPU",158],["IO",230],["CPU",158],["IO",44],["CPU",158],["IO",43],["CPU",158],["IO",188],["CPU",1],["IO",32],["CPU",158],["IO",237],["CPU",158],["IO",47],["CPU",1],["IO",49],["CPU",1],["IO",234],["CPU",158],["IO",213],["CPU",158],["IO",37],["CPU",1],["IO",228],["CPU",1],["IO",224],["CPU",158],["IO",32],["CPU",158],["IO",159],["CPU",158]]},{"arrivalTime":202134,"deadline":504529,"priority":"low","slices":[["CPU",1],["IO",1991],["CPU",1],["IO",1530],["CPU",1442],["IO",47],["CPU",1442],["IO",2122],["CPU",1442],["IO",2223],["CPU",1],["IO",1875],["CPU",1442],["IO",46],["CPU",1442],["IO",2027],["CPU",1442],["IO",1962],["CPU",1],["IO",1632],["CPU",1442],["IO",2070],["CPU",1442],["IO",38],["CPU",1],["IO",2015],["CPU",1],["IO",38],["CPU",1],["IO",1763],["CPU",1],["IO",1554],["CPU",1],["IO",1529],["CPU",1442],["IO",38],["CPU",1],["IO",2038],["CPU",1442],["IO",1750],["CPU",1],["IO",46],["CPU",1],["IO",1671],["CPU",1],["IO",48],["CPU",1442],["IO",349],["CPU",1]]},{"arrivalTime":212329,"deadline":214263,"priority":"high","slices":[["CPU",1],["IO",138],["CPU",68]]},{"arrivalTime":222421,"deadline":362576,"priority":"low","slices":[["CPU",27256],["IO",339],["CPU",1]]},{"arrivalTime":232530,"deadline":239229,"priority":"high","slices":[["CPU",1994]]},{"arrivalTime":242588,"deadline":279126,"priority":"low","slices":[["CPU",1],["IO",240],["CPU",1],["IO",266],["CPU",156],["IO",59],["CPU",156],["IO",56],["CPU",156],["IO",61],["CPU",1],["IO",43],["CPU",1],["IO",284],["CPU",156],["IO",283],["CPU",1],["IO",274],["CPU",1],["IO",350],["CPU",156],["IO",61],["CPU",1],["IO",221],["CPU",156],["IO",335],["CPU",156],["IO",64],["CPU",1],["IO",252],["CPU",156],["IO",44],["CPU",1],["IO",59],["CPU",1],["IO",323],["CPU",156],["IO",49],["CPU",156],["IO",45],["CPU",1],["IO",222],["CPU",1],["IO",283],["CPU",156]]},{"arrivalTime":252702,"deadline":315211,"priority":"high","slices":[["CPU",232],["IO",83],["CPU",1],["IO",396],["CPU",1],["IO",85],["CPU",232],["IO",519],["CPU",232],["IO",519],["CPU",232],["IO",349],["CPU",1],["IO",109],["CPU",1],["IO",365],["CPU",232],["IO",449],["CPU",232],["IO",110],["CPU",1],["IO",543],["CPU",232],["IO",87],["CPU",1],["IO",109],["CPU",1],["IO",393],["CPU",1],["IO",346],["CPU",232],["IO",107],["CPU",1],["IO",440],["CPU",1],["IO",104],["CPU",1],["IO",89],["CPU",1],["IO",88],["CPU",232],["IO",538],["CPU",1],["IO",69],["CPU",232],["IO",309],["CPU",232]]},{"arrivalTime":262745,"deadline":266930,"priority":"low","slices":[["CPU",1],["IO",512],["CPU",1]]},{"arrivalTime":272891,"deadline":278599,"priority":"low","slices":[["CPU",1],["IO",389],["CPU",258]]},{"arrivalTime":283099,"deadline":284687,"priority":"low","slices":[["CPU",72],["IO",102],["CPU",72]]},{"arrivalTime":293192,"deadline":299057,"priority":"high","slices":[["CPU",1842]]},{"arrivalTime":303337,"deadline":345077,"priority":"low","slices":[["CPU",1],["IO",397],["CPU",3190],["IO",344],["CPU",1],["IO",99],["CPU",1],["IO",136],["CPU",1]]},{"arrivalTime":313412,"deadline":316277,"priority":"high","slices":[["CPU",794]]},{"arrivalTime":323563,"deadline":329286,"priority":"high","slices":[["CPU",278],["IO",400],["CPU",1]]},{"arrivalTime":333701,"deadline":334499,"priority":"low","slices":[["CPU",40],["IO",61],["CPU",1]]},{"arrivalTime":343847,"deadline":344984,"priority":"low","slices":[["CPU",1]]},{"arrivalTime":353978,"deadline":354885,"priority":"low","slices":[["CPU",1],["IO",75],["CPU",38]]},{"arrivalTime":364075,"deadline":370053,"priority":"low","slices":[["CPU",1],["IO",595],["CPU",1]]},{"arrivalTime":374213,"deadline":376266,"priority":"low","slices":[["CPU",36],["IO",234],["CPU",36]]},{"arrivalTime":384329,"deadline":391512,"priority":"high","slices":[["CPU",476],["IO",52],["CPU",476],["IO",13],["CPU",476],["IO",74],["CPU",1],["IO",8],["CPU",476]]},{"arrivalTime":394495,"deadline":401597,"priority":"high","slices":[["CPU",364],["IO",535],["CPU",1]]},{"arrivalTime":404606,"deadline":409258,"priority":"high","slices":[["CPU",1534]]},{"arrivalTime":414714,"deadline":446813,"priority":"high","slices":[["CPU",1788],["IO",57],["CPU",1788],["IO",325],["CPU",1788],["IO",59],["CPU",1788],["IO",73],["CPU",1788],["IO",201],["CPU",1]]},{"arrivalTime":424735,"deadline":431559,"priority":"high","slices":[["CPU",1],["IO",527],["CPU",1]]},{"arrivalTime":434928,"deadline":438481,"priority":"low","slices":[["CPU",1]]},{"arrivalTime":445042,"deadline":499675,"priority":"low","slices":[["CPU",568],["IO",528],["CPU",568],["IO",84],["CPU",1],["IO",552],["CPU",568],["IO",120],["CPU",1],["IO",397],["CPU",1],["IO",92],["CPU",1],["IO",476],["CPU",1],["IO",118],["CPU",1],["IO",92],["CPU",568],["IO",108],["CPU",568],["IO",601],["CPU",568],["IO",84],["CPU",1],["IO",543],["CPU",1],["IO",614],["CPU",1],["IO",599],["CPU",568],["IO",142],["CPU",1]]},{"arrivalTime":455231,"deadline":462959,"priority":"high","slices":[["CPU",1],["IO",11],["CPU",1],["IO",63],["CPU",500],["IO",16],["CPU",500]]},{"arrivalTime":465303,"deadline":467307,"priority":"high","slices":[["CPU",1]]},{"arrivalTime":475397,"deadline":480535,"priority":"high","slices":[["CPU",1],["IO",523],["CPU",276]]},{"arrivalTime":485528,"deadline":503484,"priority":"low","slices":[["CPU",1],["IO",22],["CPU",98],["IO",113],["CPU",1],["IO",139],["CPU",98],["IO",137],["CPU",98],["IO",137],["CPU",1],["IO",162],["CPU",98],["IO",28],["CPU",98],["IO",127],["CPU",1],["IO",25],["CPU",1],["IO",129],["CPU",1],["IO",145],["CPU",98],["IO",145],["CPU",1],["IO",29],["CPU",98],["IO",166],["CPU",1],["IO",158],["CPU",98],["IO",23],["CPU",98],["IO",29],["CPU",98],["IO",28],["CPU",1],["IO",25],["CPU",1]]},{"arrivalTime":495696,"deadline":521906,"priority":"low","slices":[["CPU",1642],["IO",37],["CPU",1],["IO",204],["CPU",1],["IO",137],["CPU",1642]]},{"arrivalTime":505735,"deadline":511690,"priority":"high","slices":[["CPU",286],["IO",357],["CPU",286]]},{"arrivalTime":515867,"deadline":522630,"priority":"low","slices":[["CPU",128],["IO",550],["CPU",1]]},{"arrivalTime":526027,"deadline":529565,"priority":"high","slices":[["CPU",72],["IO",470],["CPU",72]]},{"arrivalTime":536139,"deadline":540903,"priority":"low","slices":[["CPU",1012]]},{"arrivalTime":546201,"deadline":605069,"priority":"high","slices":[["CPU",1],["IO",89],["CPU",1],["IO",429],["CPU",1],["IO",464],["CPU",162],["IO",403],["CPU",1],["IO",78],["CPU",1],["IO",77],["CPU",162],["IO",81],["CPU",162],["IO",513],["CPU",162],["IO",470],["CPU",1],["IO",70],["CPU",1],["IO",100],["CPU",1],["IO",74],["CPU",1],["IO",64],["CPU",1],["IO",66],["CPU",162],["IO",72],["CPU",162],["IO",505],["CPU",162],["IO",71],["CPU",1],["IO",100],["CPU",1],["IO",80],["CPU",1],["IO",98],["CPU",1],["IO",84],["CPU",162],["IO",71],["CPU",1],["IO",405],["CPU",162],["IO",356],["CPU",162],["IO",364],["CPU",162],["IO",84],["CPU",162],["IO",88],["CPU",162],["IO",77],["CPU",162],["IO",102],["CPU",162],["IO",332],["CPU",162]]},{"arrivalTime":556316,"deadline":557346,"priority":"high","slices":[["CPU",1],["IO",79],["CPU",1]]},{"arrivalTime":566398,"deadline":571812,"priority":"high","slices":[["CPU",216],["IO",418],["CPU",1]]},{"arrivalTime":576426,"deadline":621565,"priority":"low","slices":[["CPU",1],["IO",356],["CPU",1],["IO",437],["CPU",358],["IO",363],["CPU",358],["IO",515],["CPU",358],["IO",377],["CPU",358],["IO",107],["CPU",358],["IO",559],["CPU",358],["IO",87],["CPU",358],["IO",552],["CPU",358],["IO",454],["CPU",358],["IO",73],["CPU",1],["IO",505],["CPU",1],["IO",100],["CPU",1],["IO",110],["CPU",358],["IO",542],["CPU",1],["IO",366],["CPU",1],["IO",505],["CPU",358],["IO",66],["CPU",358]]},{"arrivalTime":586460,"deadline":593389,"priority":"low","slices":[["CPU",1],["IO",70],["CPU",28],["IO",71],["CPU",28],["IO",56],["CPU",1],["IO",9],["CPU",1],["IO",63],["CPU",1],["IO",69],["CPU",1],["IO",76],["CPU",28],["IO",13],["CPU",1],["IO",13],["CPU",28],["IO",48],["CPU",1],["IO",63],["CPU",1],["IO",10],["CPU",1],["IO",13],["CPU",1],["IO",9],["CPU",1],["IO",12],["CPU",1],["IO",12],["CPU",1],["IO",9],["CPU",1],["IO",13],["CPU",1],["IO",13],["CPU",1],["IO",56],["CPU",28],["IO",14],["CPU",28],["IO",11],["CPU",28],["IO",64],["CPU",28],["IO",56],["CPU",28],["IO",31],["CPU",1]]},{"arrivalTime":596565,"deadline":636557,"priority":"low","slices":[["CPU",298],["IO",71],["CPU",298],["IO",59],["CPU",1],["IO",302],["CPU",298],["IO",359],["CPU",1],["IO",262],["CPU",1],["IO",48],["CPU",298],["IO",379],["CPU",1],["IO",290],["CPU",298],["IO",51],["CPU",298],["IO",76],["CPU",298],["IO",52],["CPU",1],["IO",347],["CPU",298],["IO",280],["CPU",298],["IO",328],["CPU",298],["IO",62],["CPU",298],["IO",54],["CPU",298],["IO",371],["CPU",298],["IO",34],["CPU",1]]},{"arrivalTime":606716,"deadline":625699,"priority":"low","slices":[["CPU",1],["IO",33],["CPU",112],["IO",189],["CPU",1],["IO",32],["CPU",1],["IO",130],["CPU",1],["IO",33],["CPU",1],["IO",31],["CPU",112],["IO",134],["CPU",112],["IO",30],["CPU",1],["IO",31],["CPU",112],["IO",33],["CPU",1],["IO",146],["CPU",1],["IO",24],["CPU",1],["IO",130],["CPU",1],["IO",162],["CPU",112],["IO",34],["CPU",1],["IO",34],["CPU",112],["IO",35],["CPU",1],["IO",30],["CPU",1],["IO",157],["CPU",112],["IO",156],["CPU",112],["IO",35],["CPU",1],["IO",29],["CPU",112],["IO",114],["CPU",112]]},{"arrivalTime":616751,"deadline":639058,"priority":"low","slices":[["CPU",86],["IO",36],["CPU",86],["IO",263],["CPU",1],["IO",48],["CPU",1],["IO",58],["CPU",86],["IO",270],["CPU",86],["IO",40],["CPU",86],["IO",58],["CPU",1],["IO",37],["CPU",86],["IO",202],["CPU",86],["IO",54],["CPU",1],["IO",239],["CPU",86],["IO",186],["CPU",1],["IO",40],["CPU",86],["IO",260],["CPU",86],["IO",59],["CPU",86],["IO",39],["CPU",86],["IO",241],["CPU",86],["IO",41],["CPU",1],["IO",267],["CPU",86],["IO",282],["CPU",1],["IO",52],["CPU",1],["IO",262],["CPU",1],["IO",40],["CPU",1],["IO",243],["CPU",86],["IO",54],["CPU",1],["IO",45],["CPU",1],["IO",47],["CPU",1],["IO",42],["CPU",1],["IO",86],["CPU",86]]},{"arrivalTime":626938,"deadline":1093069,"priority":"low","slices":[["CPU",89076],["IO",1069],["CPU",1]]},{"arrivalTime":637121,"deadline":667432,"priority":"high","slices":[["CPU",2790],["IO",269],["CPU",1],["IO",92],["CPU",1]]},{"arrivalTime":647216,"deadline":651100,"priority":"high","slices":[["CPU",1],["IO",381],["CPU",1]]},{"arrivalTime":657321,"deadline":720201,"priority":"low","slices":[["CPU",1],["IO",585],["CPU",482],["IO",534],["CPU",1],["IO",9],["CPU",482],["IO",506],["CPU",482],["IO",9],["CPU",1],["IO",14],["CPU",482],["IO",10],["CPU",482],["IO",13],["CPU",482],["IO",11],["CPU",482],["IO",609],["CPU",1],["IO",500],["CPU",482],["IO",9],["CPU",482],["IO",550],["CPU",1],["IO",9],["CPU",1],["IO",590],["CPU",1],["IO",482],["CPU",482],["IO",13],["CPU",1],["IO",13],["CPU",482],["IO",12],["CPU",1],["IO",9],["CPU",482],["IO",14],["CPU",1],["IO",10],["CPU",482],["IO",11],["CPU",1],["IO",376],["CPU",1],["IO",382],["CPU",1],["IO",415],["CPU",482]]},{"arrivalTime":667363,"deadline":730042,"priority":"low","slices":[["CPU",1],["IO",100],["CPU",1],["IO",100],["CPU",1],["IO",488],["CPU",1],["IO",95],["CPU",1],["IO",139],["CPU",1]]},{"arrivalTime":677429,"deadline":683047,"priority":"high","slices":[["CPU",1566]]},{"arrivalTime":687576,"deadline":690926,"priority":"low","slices":[["CPU",862]]},{"arrivalTime":697655,"deadline":698995,"priority":"low","slices":[["CPU",1]]},{"arrivalTime":707788,"deadline":736576,"priority":"low","slices":[["CPU",1],["IO",52],["CPU",468],["IO",388],["CPU",1],["IO",77],["CPU",468],["IO",67],["CPU",1],["IO",279],["CPU",468],["IO",302],["CPU",1],["IO",48],["CPU",1],["IO",381],["CPU",1],["IO",349],["CPU",468],["IO",352],["CPU",468],["IO",257],["CPU",468],["IO",268],["CPU",1],["IO",162],["CPU",468]]},{"arrivalTime":717939,"deadline":752397,"priority":"high","slices":[["CPU",1],["IO",56],["CPU",1],["IO",380],["CPU",2608],["IO",74],["CPU",1],["IO",306],["CPU",1]]},{"arrivalTime":728051,"deadline":760058,"priority":"low","slices":[["CPU",1],["IO",222],["CPU",232],["IO",47],["CPU",232],["IO",46],["CPU",1],["IO",216],["CPU",232],["IO",212],["CPU",232],["IO",46],["CPU",1],["IO",49],["CPU",1],["IO",272],["CPU",232],["IO",43],["CPU",1],["IO",57],["CPU",232],["IO",242],["CPU",1],["IO",53],["CPU",1],["IO",40],["CPU",232],["IO",204],["CPU",1],["IO",47],["CPU",1],["IO",273],["CPU",1],["IO",54],["CPU",232],["IO",59],["CPU",1],["IO",253],["CPU",232],["IO",59],["CPU",1],["IO",126],["CPU",232]]},{"arrivalTime":738180,"deadline":742362,"priority":"high","slices":[["CPU",1],["IO",250],["CPU",218]]},{"arrivalTime":748222,"deadline":798639,"priority":"low","slices":[["CPU",1],["IO",64],["CPU",2214],["IO",80],["CPU",1],["IO",87],["CPU",1],["IO",365],["CPU",2214],["IO",296],["CPU",2214]]},{"arrivalTime":758313,"deadline":1170719,"priority":"high","slices":[["CPU",1],["IO",799],["CPU",1]]},{"arrivalTime":768437,"deadline":806492,"priority":"low","slices":[["CPU",1],["IO",47],["CPU",1306],["IO",214],["CPU",1306],["IO",45],["CPU",1306],["IO",51],["CPU",1306],["IO",49],["CPU",1],["IO",130],["CPU",1306]]},{"arrivalTime":778601,"deadline":784501,"priority":"high","slices":[["CPU",1]]},{"arrivalTime":788763,"deadline":796741,"priority":"high","slices":[["CPU",1],["IO",436],["CPU",1]]},{"arrivalTime":798863,"deadline":801491,"priority":"low","slices":[["CPU",1]]},{"arrivalTime":809023,"deadline":1224813,"priority":"low","slices":[["CPU",1],["IO",866],["CPU",1]]},{"arrivalTime":819216,"deadline":821551,"priority":"low","slices":[["CPU",1],["IO",246],["CPU",1]]},{"arrivalTime":829289,"deadline":836418,"priority":"high","slices":[["CPU",1]]},{"arrivalTime":839302,"deadline":843838,"priority":"low","slices":[["CPU",202],["IO",479],["CPU",1]]},{"arrivalTime":849336,"deadline":850540,"priority":"high","slices":[["CPU",1],["IO",136],["CPU",48]]},{"arrivalTime":859492,"deadline":861448,"priority":"low","slices":[["CPU",1]]},{"arrivalTime":869610,"deadline":884802,"priority":"low","slices":[["CPU",1],["IO",127],["CPU",1],["IO",168],["CPU",182],["IO",157],["CPU",182],["IO",27],["CPU",182],["IO",198],["CPU",1],["IO",30],["CPU",182],["IO",191],["CPU",1],["IO",200],["CPU",1],["IO",28],["CPU",1],["IO",147],["CPU",1],["IO",33],["CPU",182],["IO",124],["CPU",182],["IO",181],["CPU",182],["IO",133],["CPU",182],["IO",47],["CPU",182]]},{"arrivalTime":879799,"deadline":887667,"priority":"high","slices":[["CPU",320],["IO",566],["CPU",320]]},{"arrivalTime":889810,"deadline":893057,"priority":"high","slices":[["CPU",1],["IO",216],["CPU",188]]},{"arrivalTime":899869,"deadline":941981,"priority":"low","slices":[["CPU",442],["IO",69],["CPU",442],["IO",364],["CPU",442],["IO",352],["CPU",1],["IO",468],["CPU",442],["IO",442],["CPU",1],["IO",65],["CPU",1],["IO",83],["CPU",442],["IO",401],["CPU",1],["IO",89],["CPU",1],["IO",63],["CPU",1],["IO",96],["CPU",442],["IO",356],["CPU",442],["IO",489],["CPU",1],["IO",71],["CPU",442],["IO",91],["CPU",1],["IO",81],["CPU",1],["IO",95],["CPU",1],["IO",58],["CPU",1]]},{"arrivalTime":910013,"deadline":916121,"priority":"low","slices":[["CPU",46],["IO",45],["CPU",1],["IO",57],["CPU",1],["IO",10],["CPU",46],["IO",8],["CPU",46],["IO",47],["CPU",1],["IO",11],["CPU",1],["IO",63],["CPU",1],["IO",10],["CPU",1],["IO",8],["CPU",1],["IO",9],["CPU",46],["IO",60],["CPU",46],["IO",57],["CPU",1],["IO",46],["CPU",46],["IO",9],["CPU",1],["IO",9],["CPU",1],["IO",11],["CPU",46],["IO",52],["CPU",1],["IO",9],["CPU",1],["IO",7],["CPU",46],["IO",40],["CPU",1],["IO",14],["CPU",1]]},{"arrivalTime":920135,"deadline":925926,"priority":"high","slices":[["CPU",192],["IO",598],["CPU",192]]},{"arrivalTime":930145,"deadline":932709,"priority":"high","slices":[["CPU",56],["IO",306],["CPU",1]]},{"arrivalTime":940286,"deadline":958641,"priority":"low","slices":[["CPU",1546],["IO",33],["CPU",1546],["IO",179],["CPU",1546],["IO",46],["CPU",1546]]},{"arrivalTime":950361,"deadline":962197,"priority":"low","slices":[["CPU",748],["IO",117],["CPU",1],["IO",88],["CPU",748],["IO",23],["CPU",748],["IO",9],["CPU",1]]},{"arrivalTime":960406,"deadline":962954,"priority":"high","slices":[["CPU",512]]},{"arrivalTime":970494,"deadline":983541,"priority":"low","slices":[["CPU",1],["IO",23],["CPU",1],["IO",30],["CPU",928],["IO",157],["CPU",1],["IO",62],["CPU",1]]},{"arrivalTime":980607,"deadline":989243,"priority":"low","slices":[["CPU",1],["IO",689],["CPU",1]]},{"arrivalTime":990645,"deadline":1008936,"priority":"low","slices":[["CPU",1],["IO",26],["CPU",906],["IO",114],["CPU",1],["IO",26],["CPU",906],["IO",82],["CPU",1]]}]
