[{"arrivalTime":0,"deadline":1418,"priority":"low","slices":[["CPU",106],["IO",217],["CPU",106]]},{"arrivalTime":285922,"deadline":305498,"priority":"high","slices":[["CPU",1],["IO",60],["CPU",1584],["IO",50],["CPU",1584],["IO",253],["CPU",1584],["IO",231],["CPU",1584],["IO",12],["CPU",1]]},{"arrivalTime":315140,"deadline":335744,"priority":"high","slices":[["CPU",1],["IO",237],["CPU",128],["IO",45],["CPU",1],["IO",309],["CPU",128],["IO",58],["CPU",1],["IO",264],["CPU",1],["IO",62],["CPU",1],["IO",269],["CPU",128],["IO",46],["CPU",1],["IO",214],["CPU",1],["IO",60],["CPU",1],["IO",47],["CPU",128],["IO",311],["CPU",128],["IO",256],["CPU",1],["IO",62],["CPU",1],["IO",56],["CPU",128],["IO",267],["CPU",128],["IO",67],["CPU",128],["IO",213],["CPU",1],["IO",261],["CPU",128],["IO",216],["CPU",1],["IO",60],["CPU",128],["IO",62],["CPU",128],["IO",287],["CPU",1],["IO",167],["CPU",128]]},{"arrivalTime":334004,"deadline":335972,"priority":"low","slices":[["CPU",140],["IO",361],["CPU",140]]},{"arrivalTime":348245,"deadline":361597,"priority":"high","slices":[["CPU",1],["IO",225],["CPU",1],["IO",188],["CPU",1],["IO",6],["CPU",1]]},{"arrivalTime":359943,"deadline":360699,"priority":"high","slices":[["CPU",342]]},{"arrivalTime":370027,"deadline":374950,"priority":"high","slices":[["CPU",42],["IO",56],["CPU",1],["IO",57],["CPU",1],["IO",12],["CPU",1],["IO",46],["CPU",42],["IO",13],["CPU",1],["IO",54],["CPU",42],["IO",11],["CPU",42],["IO",50],["CPU",42],["IO",11],["CPU",1],["IO",11],["CPU",42],["IO",72],["CPU",1],["IO",48],["CPU",1],["IO",68],["CPU",1],["IO",72],["CPU",1],["IO",10],["CPU",42],["IO",9],["CPU",1],["IO",67],["CPU",42],["IO",56],["CPU",42],["IO",10],["CPU",1],["IO",23],["CPU",42]]},{"arrivalTime":378883,"deadline":390303,"priority":"high","slices":[["CPU",1],["IO",32],["CPU",1],["IO",144],["CPU",70],["IO",131],["CPU",70],["IO",156],["CPU",1],["IO",117],["CPU",1],["IO",29],["CPU",1],["IO",150],["CPU",1],["IO",22],["CPU",70],["IO",148],["CPU",1],["IO",177],["CPU",70],["IO",134],["CPU",1],["IO",138],["CPU",1],["IO",160],["CPU",70],["IO",32],["CPU",70],["IO",139],["CPU",1],["IO",31],["CPU",1],["IO",171],["CPU",1],["IO",28],["CPU",1],["IO",126],["CPU",70],["IO",21],["CPU",70],["IO",21],["CPU",70]]},{"arrivalTime":386937,"deadline":427577,"priority":"high","slices":[["CPU",1],["IO",76],["CPU",1],["IO",484],["CPU",1],["IO",569],["CPU",588],["IO",489],["CPU",1],["IO",82],["CPU",1],["IO",87],["CPU",1],["IO",509],["CPU",588],["IO",108],["CPU",588],["IO",453],["CPU",1],["IO",101],["CPU",1],["IO",81],["CPU",1],["IO",70],["CPU",588],["IO",89],["CPU",588],["IO",92],["CPU",588],["IO",542],["CPU",1],["IO",333],["CPU",1]]},{"arrivalTime":394299,"deadline":398997,"priority":"high","slices":[["CPU",242],["IO",13],["CPU",1],["IO",11],["CPU",1],["IO",14],["CPU",1],["IO",11],["CPU",1],["IO",11],["CPU",242],["IO",9],["CPU",1],["IO",63],["CPU",1],["IO",3],["CPU",1]]},{"arrivalTime":401126,"deadline":425845,"priority":"low","slices":[["CPU",188],["IO",63],["CPU",188],["IO",61],["CPU",188],["IO",46],["CPU",188],["IO",344],["CPU",188],["IO",321],["CPU",188],["IO",223],["CPU",188],["IO",54],["CPU",188],["IO",65],["CPU",1],["IO",60],["CPU",188],["IO",237],["CPU",1],["IO",329],["CPU",1],["IO",56],["CPU",1],["IO",63],["CPU",188],["IO",58],["CPU",1],["IO",68],["CPU",1],["IO",47],["CPU",1],["IO",53],["CPU",188],["IO",311],["CPU",1],["IO",335],["CPU",1],["IO",63],["CPU",188],["IO",353],["CPU",188],["IO",63],["CPU",188],["IO",130],["CPU",1]]},{"arrivalTime":407499,"deadline":414640,"priority":"high","slices":[["CPU",1],["IO",15],["CPU",1],["IO",101],["CPU",758],["IO",7],["CPU",758]]},{"arrivalTime":413525,"deadline":430669,"priority":"low","slices":[["CPU",1],["IO",163],["CPU",1],["IO",205],["CPU",1],["IO",39],["CPU",1],["IO",40],["CPU",1394]]},{"arrivalTime":419247,"deadline":663291,"priority":"high","slices":[["CPU",1],["IO",910],["CPU",1]]},{"arrivalTime":424768,"deadline":448670,"priority":"high","slices":[["CPU",3006],["IO",412],["CPU",1],["IO",71],["CPU",3006],["IO",135],["CPU",3006]]},{"arrivalTime":430064,"deadline":448192,"priority":"high","slices":[["CPU",124],["IO",42],["CPU",1],["IO",209],["CPU",1],["IO",216],["CPU",124],["IO",237],["CPU",1],["IO",200],["CPU",1],["IO",48],["CPU",1],["IO",38],["CPU",124],["IO",35],["CPU",124],["IO",217],["CPU",124],["IO",222],["CPU",124],["IO",165],["CPU",1],["IO",47],["CPU",124],["IO",206],["CPU",1],["IO",44],["CPU",124],["IO",33],["CPU",1],["IO",200],["CPU",1],["IO",208],["CPU",124],["IO",159],["CPU",124],["IO",232],["CPU",1],["IO",137],["CPU",124]]},{"arrivalTime":435151,"deadline":449430,"priority":"high","slices":[["CPU",1],["IO",206],["CPU",88],["IO",34],["CPU",88],["IO",49],["CPU",88],["IO",52],["CPU",1],["IO",34],["CPU",88],["IO",194],["CPU",1],["IO",224],["CPU",1],["IO",38],["CPU",1],["IO",203],["CPU",1],["IO",237],["CPU",1],["IO",190],["CPU",1],["IO",254],["CPU",1],["IO",49],["CPU",1],["IO",45],["CPU",1],["IO",46],["CPU",88],["IO",220],["CPU",1],["IO",40],["CPU",88],["IO",47],["CPU",88],["IO",180],["CPU",1],["IO",34],["CPU",1],["IO",189],["CPU",1],["IO",40],["CPU",88],["IO",263],["CPU",1],["IO",192],["CPU",1],["IO",178],["CPU",88]]},{"arrivalTime":440050,"deadline":459094,"priority":"high","slices":[["CPU",186],["IO",72],["CPU",186],["IO",344],["CPU",1],["IO",238],["CPU",1],["IO",361],["CPU",186],["IO",52],["CPU",1],["IO",72],["CPU",1],["IO",73],["CPU",186],["IO",46],["CPU",1],["IO",52],["CPU",186],["IO",59],["CPU",1],["IO",341],["CPU",1],["IO",327],["CPU",1],["IO",73],["CPU",1],["IO",240],["CPU",1],["IO",372],["CPU",1],["IO",256],["CPU",186],["IO",351],["CPU",186],["IO",52],["CPU",1],["IO",379],["CPU",1],["IO",51],["CPU",1],["IO",260],["CPU",186]]},{"arrivalTime":444838,"deadline":695092,"priority":"high","slices":[["CPU",49216],["IO",62],["CPU",49216],["IO",602],["CPU",49216]]},{"arrivalTime":449509,"deadline":452260,"priority":"high","slices":[["CPU",1],["IO",392],["CPU",132]]},{"arrivalTime":454059,"deadline":457400,"priority":"high","slices":[["CPU",1],["IO",42],["CPU",494],["IO",8],["CPU",494],["IO",50],["CPU",1]]},{"arrivalTime":458548,"deadline":472996,"priority":"low","slices":[["CPU",1],["IO",163],["CPU",1354],["IO",197],["CPU",1],["IO",42],["CPU",1354],["IO",75],["CPU",1]]},{"arrivalTime":462925,"deadline":493510,"priority":"high","slices":[["CPU",1],["IO",80],["CPU",2832],["IO",81],["CPU",1],["IO",502],["CPU",2832],["IO",95],["CPU",2832],["IO",64],["CPU",2832]]},{"arrivalTime":467228,"deadline":495587,"priority":"low","slices":[["CPU",1],["IO",90],["CPU",2586],["IO",85],["CPU",2586],["IO",511],["CPU",1],["IO",64],["CPU",1],["IO",16],["CPU",1]]},{"arrivalTime":471440,"deadline":510763,"priority":"low","slices":[["CPU",14148],["IO",123],["CPU",14148]]},{"arrivalTime":475642,"deadline":480228,"priority":"high","slices":[["CPU",146],["IO",706],["CPU",1]]},{"arrivalTime":479809,"deadline":495146,"priority":"high","slices":[["CPU",1272],["IO",37],["CPU",1272],["IO",32],["CPU",1],["IO",134],["CPU",1272],["IO",92],["CPU",1272]]},{"arrivalTime":483882,"deadline":486871,"priority":"high","slices":[["CPU",1],["IO",446],["CPU",1]]},{"arrivalTime":487962,"deadline":488793,"priority":"high","slices":[["CPU",1],["IO",154],["CPU",38]]},{"arrivalTime":492019,"deadline":498533,"priority":"high","slices":[["CPU",622],["IO",68],["CPU",1],["IO",12],["CPU",622],["IO",44],["CPU",622]]},{"arrivalTime":496055,"deadline":503748,"priority":"high","slices":[["CPU",1],["IO",19],["CPU",1],["IO",29],["CPU",1],["IO",128],["CPU",1],["IO",22],["CPU",708],["IO",90],["CPU",708]]},{"arrivalTime":500097,"deadline":518094,"priority":"high","slices":[["CPU",1],["IO",36],["CPU",1],["IO",153],["CPU",86],["IO",197],["CPU",86],["IO",31],["CPU",86],["IO",202],["CPU",86],["IO",39],["CPU",86],["IO",27],["CPU",86],["IO",40],["CPU",86],["IO",187],["CPU",1],["IO",175],["CPU",1],["IO",194],["CPU",1],["IO",176],["CPU",1],["IO",43],["CPU",86],["IO",30],["CPU",1],["IO",204],["CPU",86],["IO",38],["CPU",1],["IO",167],["CPU",1],["IO",154],["CPU",86],["IO",27],["CPU",1],["IO",173],["CPU",1],["IO",143],["CPU",1],["IO",35],["CPU",86],["IO",79],["CPU",1]]},{"arrivalTime":504140,"deadline":532565,"priority":"high","slices":[["CPU",1],["IO",44],["CPU",924],["IO",54],["CPU",1],["IO",68],["CPU",924],["IO",60],["CPU",924],["IO",71],["CPU",924],["IO",65],["CPU",1],["IO",58],["CPU",1],["IO",47],["CPU",1],["IO",47],["CPU",924],["IO",129],["CPU",1]]},{"arrivalTime":508223,"deadline":524163,"priority":"high","slices":[["CPU",1],["IO",188],["CPU",1],["IO",35],["CPU",1354],["IO",43],["CPU",1],["IO",181],["CPU",1354],["IO",26],["CPU",1354]]},{"arrivalTime":512295,"deadline":548328,"priority":"high","slices":[["CPU",238],["IO",493],["CPU",238],["IO",94],["CPU",238],["IO",72],["CPU",238],["IO",97],["CPU",238],["IO",91],["CPU",1],["IO",70],["CPU",238],["IO",446],["CPU",238],["IO",342],["CPU",1],["IO",83],["CPU",238],["IO",94],["CPU",1],["IO",73],["CPU",238],["IO",469],["CPU",238],["IO",314],["CPU",238],["IO",78],["CPU",1],["IO",489],["CPU",238],["IO",421],["CPU",238],["IO",460],["CPU",1],["IO",88],["CPU",1],["IO",96],["CPU",238],["IO",509],["CPU",1],["IO",100],["CPU",238],["IO",92],["CPU",1],["IO",85],["CPU",238],["IO",44],["CPU",238]]},{"arrivalTime":516378,"deadline":546864,"priority":"low","slices":[["CPU",5596],["IO",557],["CPU",5596],["IO",257],["CPU",5596]]},{"arrivalTime":520494,"deadline":528353,"priority":"high","slices":[["CPU",856],["IO",84],["CPU",1],["IO",93],["CPU",856],["IO",51],["CPU",856]]},{"arrivalTime":524633,"deadline":536896,"priority":"high","slices":[["CPU",80],["IO",155],["CPU",1],["IO",29],["CPU",1],["IO",159],["CPU",1],["IO",39],["CPU",1],["IO",40],["CPU",1],["IO",187],["CPU",80],["IO",177],["CPU",1],["IO",30],["CPU",80],["IO",32],["CPU",80],["IO",155],["CPU",1],["IO",141],["CPU",80],["IO",32],["CPU",1],["IO",26],["CPU",1],["IO",27],["CPU",1],["IO",31],["CPU",80],["IO",29],["CPU",1],["IO",134],["CPU",80],["IO",163],["CPU",80],["IO",38],["CPU",80],["IO",26],["CPU",80],["IO",190],["CPU",1],["IO",160],["CPU",80],["IO",144],["CPU",80],["IO",149],["CPU",1],["IO",2],["CPU",1]]},{"arrivalTime":528811,"deadline":533335,"priority":"low","slices":[["CPU",370],["IO",8],["CPU",1],["IO",11],["CPU",1],["IO",46],["CPU",1],["IO",13],["CPU",1]]},{"arrivalTime":533040,"deadline":534852,"priority":"high","slices":[["CPU",1]]},{"arrivalTime":537372,"deadline":550119,"priority":"high","slices":[["CPU",1],["IO",206],["CPU",1],["IO",163],["CPU",1890],["IO",81],["CPU",1]]},{"arrivalTime":541747,"deadline":561226,"priority":"low","slices":[["CPU",90],["IO",54],["CPU",90],["IO",190],["CPU",1],["IO",256],["CPU",90],["IO",41],["CPU",90],["IO",37],["CPU",1],["IO",215],["CPU",1],["IO",55],["CPU",1],["IO",40],["CPU",90],["IO",36],["CPU",90],["IO",50],["CPU",90],["IO",51],["CPU",1],["IO",301],["CPU",90],["IO",238],["CPU",90],["IO",54],["CPU",90],["IO",36],["CPU",90],["IO",298],["CPU",1],["IO",224],["CPU",90],["IO",51],["CPU",1],["IO",184],["CPU",90],["IO",46],["CPU",1],["IO",37],["CPU",1],["IO",42],["CPU",90],["IO",43],["CPU",1],["IO",50],["CPU",90],["IO",47],["CPU",90],["IO",221],["CPU",1],["IO",251],["CPU",1],["IO",280],["CPU",1],["IO",68],["CPU",1]]},{"arrivalTime":546196,"deadline":588705,"priority":"low","slices":[["CPU",2586],["IO",107],["CPU",1],["IO",100],["CPU",1],["IO",361],["CPU",2586],["IO",405],["CPU",2586],["IO",29],["CPU",1]]},{"arrivalTime":550715,"deadline":553954,"priority":"low","slices":[["CPU",116],["IO",726],["CPU",116]]},{"arrivalTime":555343,"deadline":562320,"priority":"high","slices":[["CPU",1],["IO",18],["CPU",56],["IO",115],["CPU",56],["IO",89],["CPU",56],["IO",18],["CPU",56],["IO",103],["CPU",1],["IO",89],["CPU",56],["IO",107],["CPU",56],["IO",16],["CPU",1],["IO",81],["CPU",56],["IO",84],["CPU",1],["IO",103],["CPU",56],["IO",14],["CPU",56],["IO",21],["CPU",1],["IO",16],["CPU",1],["IO",103],["CPU",56],["IO",16],["CPU",56],["IO",82],["CPU",56],["IO",104],["CPU",56],["IO",21],["CPU",56],["IO",15],["CPU",56],["IO",40],["CPU",1]]},{"arrivalTime":560137,"deadline":596363,"priority":"high","slices":[["CPU",5790],["IO",487],["CPU",1],["IO",271],["CPU",5790]]},{"arrivalTime":565055,"deadline":575984,"priority":"low","slices":[["CPU",1],["IO",114],["CPU",104],["IO",146],["CPU",1],["IO",32],["CPU",104],["IO",25],["CPU",104],["IO",30],["CPU",1],["IO",32],["CPU",1],["IO",32],["CPU",104],["IO",26],["CPU",1],["IO",34],["CPU",1],["IO",23],["CPU",1],["IO",171],["CPU",1],["IO",22],["CPU",104],["IO",154],["CPU",1],["IO",34],["CPU",104],["IO",28],["CPU",1],["IO",30],["CPU",104],["IO",26],["CPU",104],["IO",22],["CPU",104],["IO",147],["CPU",1],["IO",27],["CPU",1],["IO",137],["CPU",104],["IO",133],["CPU",104],["IO",133],["CPU",104],["IO",33],["CPU",1],["IO",13],["CPU",1]]},{"arrivalTime":570135,"deadline":593253,"priority":"high","slices":[["CPU",1],["IO",50],["CPU",166],["IO",247],["CPU",166],["IO",196],["CPU",1],["IO",234],["CPU",1],["IO",203],["CPU",1],["IO",52],["CPU",166],["IO",49],["CPU",166],["IO",323],["CPU",1],["IO",211],["CPU",166],["IO",231],["CPU",1],["IO",225],["CPU",1],["IO",315],["CPU",1],["IO",222],["CPU",1],["IO",310],["CPU",1],["IO",62],["CPU",166],["IO",201],["CPU",1],["IO",56],["CPU",1],["IO",46],["CPU",166],["IO",52],["CPU",1],["IO",134],["CPU",1]]},{"arrivalTime":575406,"deadline":708649,"priority":"high","slices":[["CPU",1028],["IO",1607],["CPU",1],["IO",45],["CPU",1028],["IO",51],["CPU",1028],["IO",56],["CPU",1],["IO",2223],["CPU",1028],["IO",41],["CPU",1],["IO",36],["CPU",1028],["IO",51],["CPU",1],["IO",49],["CPU",1028],["IO",2011],["CPU",1028],["IO",2107],["CPU",1],["IO",47],["CPU",1],["IO",50],["CPU",1028],["IO",57],["CPU",1028],["IO",1700],["CPU",1028],["IO",2000],["CPU",1],["IO",58],["CPU",1],["IO",2322],["CPU",1],["IO",2016],["CPU",1],["IO",58],["CPU",1028],["IO",1942],["CPU",1],["IO",2333],["CPU",1028],["IO",51],["CPU",1],["IO",48],["CPU",1],["IO",2047],["CPU",1],["IO",45],["CPU",1],["IO",2130],["CPU",1],["IO",36],["CPU",1],["IO",1842],["CPU",1],["IO",2080],["CPU",1028],["IO",55],["CPU",1],["IO",36],["CPU",1028],["IO",45],["CPU",1],["IO",145],["CPU",1]]},{"arrivalTime":580902,"deadline":581977,"priority":"high","slices":[["CPU",476]]},{"arrivalTime":586654,"deadline":616912,"priority":"high","slices":[["CPU",1],["IO",260],["CPU",1],["IO",332],["CPU",1],["IO",163],["CPU",1]]},{"arrivalTime":592701,"deadline":595404,"priority":"high","slices":[["CPU",1362]]},{"arrivalTime":599154,"deadline":623157,"priority":"high","slices":[["CPU",2448],["IO",256],["CPU",1],["IO",83],["CPU",2448],["IO",342],["CPU",2448],["IO",27],["CPU",1]]},{"arrivalTime":605975,"deadline":628700,"priority":"low","slices":[["CPU",1],["IO",53],["CPU",1334],["IO",76],["CPU",1334],["IO",81],["CPU",1334],["IO",66],["CPU",1],["IO",76],["CPU",1],["IO",55],["CPU",1],["IO",58],["CPU",1],["IO",369],["CPU",1334]]},{"arrivalTime":613356,"deadline":641186,"priority":"high","slices":[["CPU",3648],["IO",368],["CPU",1],["IO",84],["CPU",3648],["IO",311],["CPU",3648]]},{"arrivalTime":621410,"deadline":652112,"priority":"high","slices":[["CPU",1],["IO",57],["CPU",2506],["IO",386],["CPU",1],["IO",64],["CPU",2506],["IO",4],["CPU",1]]},{"arrivalTime":630278,"deadline":644841,"priority":"high","slices":[["CPU",200],["IO",42],["CPU",200],["IO",37],["CPU",1],["IO",44],["CPU",1],["IO",167],["CPU",1],["IO",166],["CPU",1],["IO",178],["CPU",200],["IO",30],["CPU",200],["IO",243],["CPU",200],["IO",47],["CPU",1],["IO",38],["CPU",1],["IO",205],["CPU",200],["IO",47],["CPU",1],["IO",238],["CPU",1],["IO",44],["CPU",200],["IO",172],["CPU",1],["IO",212],["CPU",200],["IO",194],["CPU",200],["IO",6],["CPU",200]]},{"arrivalTime":640347,"deadline":655004,"priority":"low","slices":[["CPU",1],["IO",42],["CPU",1],["IO",37],["CPU",1066],["IO",49],["CPU",1066],["IO",44],["CPU",1066],["IO",202],["CPU",1],["IO",59],["CPU",1]]},{"arrivalTime":652153,"deadline":679033,"priority":"low","slices":[["CPU",1],["IO",59],["CPU",1],["IO",63],["CPU",1],["IO",227],["CPU",1],["IO",152],["CPU",1]]},{"arrivalTime":666534,"deadline":692979,"priority":"high","slices":[["CPU",1],["IO",366],["CPU",218],["IO",498],["CPU",1],["IO",324],["CPU",1],["IO",74],["CPU",1],["IO",381],["CPU",1],["IO",65],["CPU",1],["IO",326],["CPU",218],["IO",64],["CPU",218],["IO",67],["CPU",218],["IO",448],["CPU",218],["IO",95],["CPU",1],["IO",82],["CPU",218],["IO",69],["CPU",218],["IO",95],["CPU",218],["IO",63],["CPU",1],["IO",68],["CPU",1],["IO",350],["CPU",218],["IO",450],["CPU",1],["IO",84],["CPU",218],["IO",384],["CPU",1],["IO",90],["CPU",1],["IO",83],["CPU",1],["IO",71],["CPU",218],["IO",437],["CPU",1],["IO",96],["CPU",1],["IO",63],["CPU",218],["IO",3],["CPU",1]]},{"arrivalTime":685428,"deadline":686810,"priority":"high","slices":[["CPU",1],["IO",173],["CPU",96]]},{"arrivalTime":715198,"deadline":718887,"priority":"high","slices":[["CPU",708],["IO",53],["CPU",708],["IO",38],["CPU",1]]}]
