[{"arrivalTime":0,"deadline":187522,"priority":"low","slices":[["CPU",3398],["IO",67],["CPU",1],["IO",2227],["CPU",3398],["IO",2543],["CPU",3398],["IO",65],["CPU",3398],["IO",55],["CPU",1],["IO",2322],["CPU",1],["IO",2306],["CPU",1],["IO",79],["CPU",1],["IO",2166],["CPU",1],["IO",55],["CPU",3398],["IO",2747],["CPU",1],["IO",72],["CPU",3398],["IO",78],["CPU",1],["IO",2740],["CPU",3398],["IO",3137],["CPU",1],["IO",2609],["CPU",1],["IO",2949],["CPU",1],["IO",74],["CPU",3398],["IO",2502],["CPU",3398],["IO",53],["CPU",3398],["IO",3091],["CPU",3398],["IO",211],["CPU",3398]]},{"arrivalTime":10022,"deadline":13243,"priority":"low","slices":[["CPU",1]]},{"arrivalTime":20176,"deadline":36079,"priority":"low","slices":[["CPU",60],["IO",25],["CPU",60],["IO",31],["CPU",1],["IO",183],["CPU",60],["IO",133],["CPU",60],["IO",31],["CPU",1],["IO",138],["CPU",60],["IO",162],["CPU",60],["IO",30],["CPU",60],["IO",31],["CPU",60],["IO",124],["CPU",1],["IO",144],["CPU",60],["IO",30],["CPU",1],["IO",157],["CPU",1],["IO",24],["CPU",1],["IO",130],["CPU",1],["IO",128],["CPU",1],["IO",32],["CPU",60],["IO",168],["CPU",60],["IO",126],["CPU",60],["IO",37],["CPU",1],["IO",144],["CPU",1],["IO",131],["CPU",60],["IO",27],["CPU",1],["IO",35],["CPU",1],["IO",32],["CPU",1],["IO",34],["CPU",60],["IO",33],["CPU",60],["IO",47],["CPU",1]]},{"arrivalTime":30303,"deadline":63609,"priority":"low","slices":[["CPU",308],["IO",322],["CPU",308],["IO",73],["CPU",308],["IO",413],["CPU",1],["IO",408],["CPU",308],["IO",80],["CPU",1],["IO",73],["CPU",308],["IO",395],["CPU",1],["IO",84],["CPU",308],["IO",296],["CPU",1],["IO",461],["CPU",1],["IO",85],["CPU",1],["IO",424],["CPU",308],["IO",436],["CPU",308],["IO",90],["CPU",308],["IO",82],["CPU",308],["IO",73],["CPU",308],["IO",65],["CPU",308],["IO",91],["CPU",1],["IO",452],["CPU",1],["IO",13],["CPU",308]]},{"arrivalTime":40474,"deadline":41799,"priority":"low","slices":[["CPU",1],["IO",267],["CPU",1]]},{"arrivalTime":50461,"deadline":51096,"priority":"low","slices":[["CPU",212]]},{"arrivalTime":60580,"deadline":65725,"priority":"low","slices":[["CPU",1832]]},{"arrivalTime":70584,"deadline":104966,"priority":"low","slices":[["CPU",172],["IO",77],["CPU",172],["IO",323],["CPU",1],["IO",407],["CPU",172],["IO",73],["CPU",1],["IO",401],["CPU",172],["IO",389],["CPU",1],["IO",63],["CPU",1],["IO",52],["CPU",1],["IO",420],["CPU",172],["IO",344],["CPU",172],["IO",268],["CPU",172],["IO",83],["CPU",1],["IO",76],["CPU",172],["IO",75],["CPU",1],["IO",83],["CPU",1],["IO",78],["CPU",1],["IO",57],["CPU",172],["IO",83],["CPU",1],["IO",82],["CPU",1],["IO",54],["CPU",172],["IO",298],["CPU",172],["IO",80],["CPU",172],["IO",279],["CPU",1],["IO",86],["CPU",1],["IO",321],["CPU",1],["IO",71],["CPU",1],["IO",25],["CPU",172]]},{"arrivalTime":80837,"deadline":87045,"priority":"low","slices":[["CPU",1],["IO",75],["CPU",572],["IO",51],["CPU",1],["IO",8],["CPU",1]]},{"arrivalTime":91005,"deadline":91860,"priority":"high","slices":[["CPU",36],["IO",116],["CPU",36]]},{"arrivalTime":101260,"deadline":103994,"priority":"high","slices":[["CPU",1]]},{"arrivalTime":111380,"deadline":138327,"priority":"high","slices":[["CPU",3528],["IO",451],["CPU",3528],["IO",63],["CPU",1],["IO",385],["CPU",1]]},{"arrivalTime":121377,"deadline":123757,"priority":"high","slices":[["CPU",1]]},{"arrivalTime":131509,"deadline":175864,"priority":"high","slices":[["CPU",1],["IO",412],["CPU",1],["IO",376],["CPU",1],["IO",74],["CPU",3228],["IO",17],["CPU",3228]]},{"arrivalTime":141569,"deadline":144094,"priority":"low","slices":[["CPU",266],["IO",404],["CPU",1]]},{"arrivalTime":151703,"deadline":154769,"priority":"high","slices":[["CPU",1],["IO",334],["CPU",230]]},{"arrivalTime":161719,"deadline":163834,"priority":"low","slices":[["CPU",72],["IO",409],["CPU",72]]},{"arrivalTime":171806,"deadline":173710,"priority":"high","slices":[["CPU",1],["IO",267],["CPU",208]]},{"arrivalTime":181877,"deadline":186725,"priority":"low","slices":[["CPU",1904]]},{"arrivalTime":191955,"deadline":193365,"priority":"low","slices":[["CPU",72],["IO",180],["CPU",72]]},{"arrivalTime":202182,"deadline":203802,"priority":"low","slices":[["CPU",644]]},{"arrivalTime":212193,"deadline":221692,"priority":"high","slices":[["CPU",1],["IO",20],["CPU",56],["IO",16],["CPU",1],["IO",21],["CPU",1],["IO",106],["CPU",1],["IO",24],["CPU",1],["IO",25],["CPU",1],["IO",17],["CPU",56],["IO",23],["CPU",56],["IO",21],["CPU",56],["IO",16],["CPU",56],["IO",24],["CPU",56],["IO",20],["CPU",1],["IO",105],["CPU",1],["IO",19],["CPU",56],["IO",101],["CPU",1],["IO",117],["CPU",56],["IO",20],["CPU",56],["IO",82],["CPU",56],["IO",109],["CPU",1],["IO",23],["CPU",1],["IO",129],["CPU",1],["IO",126],["CPU",56],["IO",129],["CPU",1],["IO",107],["CPU",56],["IO",79],["CPU",56]]},{"arrivalTime":222251,"deadline":544479,"priority":"low","slices":[["CPU",1],["IO",73],["CPU",2502],["IO",107],["CPU",2502],["IO",93],["CPU",1],["IO",93],["CPU",1],["IO",74],["CPU",2502],["IO",69],["CPU",1],["IO",3566],["CPU",1],["IO",71],["CPU",2502],["IO",3060],["CPU",1],["IO",4030],["CPU",2502],["IO",3358],["CPU",2502],["IO",2801],["CPU",2502],["IO",3464],["CPU",2502],["IO",71],["CPU",1],["IO",91],["CPU",2502],["IO",100],["CPU",2502],["IO",2951],["CPU",1],["IO",85],["CPU",1],["IO",93],["CPU",1],["IO",2830],["CPU",2502],["IO",70],["CPU",2502],["IO",100],["CPU",2502],["IO",3964],["CPU",2502],["IO",3110],["CPU",2502],["IO",2761],["CPU",2502],["IO",105],["CPU",2502],["IO",4422],["CPU",2502],["IO",2731],["CPU",1],["IO",76],["CPU",1],["IO",74],["CPU",2502],["IO",4380],["CPU",1],["IO",610],["CPU",2502]]},{"arrivalTime":232324,"deadline":256131,"priority":"low","slices":[["CPU",1],["IO",68],["CPU",2712],["IO",86],["CPU",2712],["IO",373],["CPU",1],["IO",74],["CPU",2712]]},{"arrivalTime":242552,"deadline":244653,"priority":"high","slices":[["CPU",110],["IO",241],["CPU",1]]},{"arrivalTime":252647,"deadline":253215,"priority":"low","slices":[["CPU",1]]},{"arrivalTime":262661,"deadline":265013,"priority":"low","slices":[["CPU",1]]},{"arrivalTime":272718,"deadline":277055,"priority":"high","slices":[["CPU",1],["IO",570],["CPU",240]]},{"arrivalTime":282835,"deadline":304616,"priority":"low","slices":[["CPU",1],["IO",270],["CPU",1],["IO",63],["CPU",318],["IO",327],["CPU",318],["IO",52],["CPU",1],["IO",50],["CPU",1],["IO",77],["CPU",318],["IO",367],["CPU",318],["IO",72],["CPU",1],["IO",350],["CPU",1],["IO",55],["CPU",318],["IO",69],["CPU",318],["IO",57],["CPU",1],["IO",300],["CPU",318],["IO",77],["CPU",318],["IO",273],["CPU",318],["IO",68],["CPU",1],["IO",61],["CPU",1],["IO",300],["CPU",318],["IO",66],["CPU",318],["IO",3],["CPU",1]]},{"arrivalTime":292951,"deadline":293813,"priority":"high","slices":[["CPU",1],["IO",117],["CPU",90]]},{"arrivalTime":303059,"deadline":305113,"priority":"high","slices":[["CPU",1]]},{"arrivalTime":313104,"deadline":313877,"priority":"high","slices":[["CPU",66],["IO",136],["CPU",66]]},{"arrivalTime":323158,"deadline":327309,"priority":"low","slices":[["CPU",1462]]},{"arrivalTime":333297,"deadline":337147,"priority":"high","slices":[["CPU",220],["IO",454],["CPU",1]]},{"arrivalTime":343422,"deadline":365629,"priority":"low","slices":[["CPU",1],["IO",60],["CPU",132],["IO",293],["CPU",1],["IO",344],["CPU",132],["IO",330],["CPU",132],["IO",66],["CPU",132],["IO",327],["CPU",1],["IO",78],["CPU",1],["IO",54],["CPU",132],["IO",337],["CPU",132],["IO",389],["CPU",132],["IO",60],["CPU",1],["IO",353],["CPU",132],["IO",52],["CPU",1],["IO",70],["CPU",1],["IO",69],["CPU",132],["IO",73],["CPU",1],["IO",352],["CPU",132],["IO",295],["CPU",1],["IO",66],["CPU",1],["IO",71],["CPU",132],["IO",70],["CPU",132],["IO",67],["CPU",132],["IO",306],["CPU",132],["IO",276],["CPU",1],["IO",373],["CPU",132],["IO",72],["CPU",1],["IO",108],["CPU",132]]},{"arrivalTime":353558,"deadline":357370,"priority":"low","slices":[["CPU",1],["IO",595],["CPU",384]]},{"arrivalTime":363678,"deadline":365402,"priority":"high","slices":[["CPU",1],["IO",279],["CPU",108]]},{"arrivalTime":373696,"deadline":375943,"priority":"high","slices":[["CPU",1]]},{"arrivalTime":383797,"deadline":388218,"priority":"low","slices":[["CPU",1610]]},{"arrivalTime":393801,"deadline":398255,"priority":"low","slices":[["CPU",366],["IO",633],["CPU",1]]},{"arrivalTime":403963,"deadline":405119,"priority":"high","slices":[["CPU",70],["IO",236],["CPU",1]]},{"arrivalTime":413985,"deadline":455319,"priority":"high","slices":[["CPU",1],["IO",74],["CPU",2768],["IO",414],["CPU",1],["IO",114],["CPU",1],["IO",388],["CPU",1],["IO",96],["CPU",1]]},{"arrivalTime":424085,"deadline":426698,"priority":"high","slices":[["CPU",180],["IO",501],["CPU",180]]},{"arrivalTime":434265,"deadline":436801,"priority":"low","slices":[["CPU",208],["IO",374],["CPU",208]]},{"arrivalTime":444356,"deadline":456404,"priority":"high","slices":[["CPU",1],["IO",25],["CPU",120],["IO",123],["CPU",120],["IO",20],["CPU",1],["IO",127],["CPU",120],["IO",22],["CPU",1],["IO",93],["CPU",1],["IO",151],["CPU",1],["IO",109],["CPU",120],["IO",25],["CPU",1],["IO",25],["CPU",120],["IO",99],["CPU",1],["IO",120],["CPU",120],["IO",126],["CPU",1],["IO",144],["CPU",120],["IO",116],["CPU",1],["IO",25],["CPU",1],["IO",33],["CPU",1]]},{"arrivalTime":454522,"deadline":459419,"priority":"low","slices":[["CPU",1],["IO",730],["CPU",1]]},{"arrivalTime":464657,"deadline":474482,"priority":"high","slices":[["CPU",168],["IO",119],["CPU",168],["IO",124],["CPU",1],["IO",21],["CPU",168],["IO",23],["CPU",168],["IO",163],["CPU",168],["IO",27],["CPU",168],["IO",21],["CPU",168],["IO",22],["CPU",168],["IO",132],["CPU",1],["IO",134],["CPU",1],["IO",32],["CPU",1],["IO",148],["CPU",168],["IO",151],["CPU",1],["IO",149],["CPU",168],["IO",20],["CPU",1],["IO",19],["CPU",168]]},{"arrivalTime":474774,"deadline":640667,"priority":"low","slices":[["CPU",45106],["IO",379],["CPU",1]]},{"arrivalTime":484948,"deadline":486685,"priority":"high","slices":[["CPU",60],["IO",321],["CPU",60]]},{"arrivalTime":495067,"deadline":528537,"priority":"low","slices":[["CPU",2318],["IO",93],["CPU",1],["IO",380],["CPU",1],["IO",65],["CPU",2318],["IO",86],["CPU",2318],["IO",80],["CPU",1]]},{"arrivalTime":505202,"deadline":506239,"priority":"low","slices":[["CPU",1],["IO",125],["CPU",42]]},{"arrivalTime":515194,"deadline":552068,"priority":"low","slices":[["CPU",1],["IO",86],["CPU",2786],["IO",473],["CPU",1],["IO",77],["CPU",2786],["IO",112],["CPU",1]]},{"arrivalTime":525281,"deadline":539517,"priority":"low","slices":[["CPU",1714],["IO",147],["CPU",1714],["IO",40],["CPU",1714],["IO",163],["CPU",1]]},{"arrivalTime":535450,"deadline":550113,"priority":"high","slices":[["CPU",66],["IO",152],["CPU",1],["IO",195],["CPU",1],["IO",141],["CPU",66],["IO",187],["CPU",66],["IO",219],["CPU",1],["IO",33],["CPU",66],["IO",38],["CPU",66],["IO",189],["CPU",1],["IO",146],["CPU",1],["IO",36],["CPU",1],["IO",191],["CPU",1],["IO",28],["CPU",1],["IO",182],["CPU",66],["IO",39],["CPU",1],["IO",30],["CPU",66],["IO",223],["CPU",66],["IO",29],["CPU",66],["IO",36],["CPU",1],["IO",36],["CPU",1],["IO",37],["CPU",66],["IO",43],["CPU",1],["IO",40],["CPU",1],["IO",189],["CPU",1],["IO",32],["CPU",66],["IO",33],["CPU",1],["IO",40],["CPU",1],["IO",31],["CPU",1],["IO",84],["CPU",1]]},{"arrivalTime":545535,"deadline":549741,"priority":"high","slices":[["CPU",270],["IO",464],["CPU",1]]},{"arrivalTime":555673,"deadline":583517,"priority":"high","slices":[["CPU",258],["IO",65],["CPU",258],["IO",371],["CPU",258],["IO",429],["CPU",258],["IO",87],["CPU",1],["IO",427],["CPU",1],["IO",87],["CPU",1],["IO",415],["CPU",258],["IO",419],["CPU",258],["IO",296],["CPU",1],["IO",302],["CPU",1],["IO",271],["CPU",258],["IO",77],["CPU",258],["IO",437],["CPU",1],["IO",76],["CPU",258],["IO",374],["CPU",258],["IO",367],["CPU",1],["IO",67],["CPU",1],["IO",136],["CPU",1]]},{"arrivalTime":565703,"deadline":566886,"priority":"low","slices":[["CPU",1]]},{"arrivalTime":575892,"deadline":577231,"priority":"low","slices":[["CPU",1],["IO",261],["CPU",80]]},{"arrivalTime":585989,"deadline":591045,"priority":"high","slices":[["CPU",1942]]},{"arrivalTime":596038,"deadline":597542,"priority":"high","slices":[["CPU",1],["IO",210],["CPU",1]]},{"arrivalTime":606114,"deadline":606981,"priority":"high","slices":[["CPU",1],["IO",109],["CPU",46]]},{"arrivalTime":616280,"deadline":617473,"priority":"high","slices":[["CPU",1],["IO",217],["CPU",1]]},{"arrivalTime":626355,"deadline":627044,"priority":"low","slices":[["CPU",1]]},{"arrivalTime":636502,"deadline":637962,"priority":"high","slices":[["CPU",1]]},{"arrivalTime":646594,"deadline":671060,"priority":"high","slices":[["CPU",152],["IO",84],["CPU",152],["IO",429],["CPU",1],["IO",72],["CPU",152],["IO",402],["CPU",152],["IO",81],["CPU",152],["IO",74],["CPU",1],["IO",428],["CPU",1],["IO",349],["CPU",152],["IO",77],["CPU",152],["IO",398],["CPU",1],["IO",59],["CPU",152],["IO",348],["CPU",152],["IO",59],["CPU",152],["IO",317],["CPU",1],["IO",59],["CPU",152],["IO",80],["CPU",152],["IO",367],["CPU",152],["IO",73],["CPU",1],["IO",279],["CPU",152],["IO",426],["CPU",1],["IO",83],["CPU",1],["IO",73],["CPU",1],["IO",66],["CPU",1],["IO",288],["CPU",152],["IO",304],["CPU",1]]},{"arrivalTime":656589,"deadline":658813,"priority":"high","slices":[["CPU",950]]},{"arrivalTime":666761,"deadline":671475,"priority":"high","slices":[["CPU",1558]]},{"arrivalTime":676787,"deadline":677450,"priority":"high","slices":[["CPU",1]]},{"arrivalTime":686878,"deadline":689984,"priority":"low","slices":[["CPU",1]]},{"arrivalTime":696992,"deadline":719567,"priority":"low","slices":[["CPU",238],["IO",214],["CPU",238],["IO",287],["CPU",238],["IO",43],["CPU",238],["IO",41],["CPU",1],["IO",183],["CPU",1],["IO",54],["CPU",1],["IO",221],["CPU",238],["IO",51],["CPU",238],["IO",40],["CPU",1],["IO",269],["CPU",238],["IO",298],["CPU",1],["IO",280],["CPU",238],["IO",193],["CPU",238],["IO",50],["CPU",1],["IO",59],["CPU",1],["IO",219],["CPU",1],["IO",183],["CPU",238]]},{"arrivalTime":707126,"deadline":712060,"priority":"high","slices":[["CPU",1892]]},{"arrivalTime":717228,"deadline":763996,"priority":"high","slices":[["CPU",3382],["IO",108],["CPU",1],["IO",89],["CPU",3382],["IO",507],["CPU",1],["IO",199],["CPU",3382]]},{"arrivalTime":727293,"deadline":759743,"priority":"high","slices":[["CPU",3102],["IO",358],["CPU",1],["IO",286],["CPU",3102],["IO",230],["CPU",3102]]},{"arrivalTime":737370,"deadline":749009,"priority":"low","slices":[["CPU",1],["IO",116],["CPU",1],["IO",134],["CPU",62],["IO",119],["CPU",1],["IO",19],["CPU",1],["IO",27],["CPU",1],["IO",121],["CPU",1],["IO",122],["CPU",1],["IO",134],["CPU",1],["IO",105],["CPU",1],["IO",19],["CPU",62],["IO",114],["CPU",1],["IO",101],["CPU",62],["IO",105],["CPU",62],["IO",25],["CPU",1],["IO",18],["CPU",1],["IO",116],["CPU",1],["IO",116],["CPU",62],["IO",112],["CPU",62],["IO",106],["CPU",1],["IO",25],["CPU",62]]},{"arrivalTime":747394,"deadline":751492,"priority":"low","slices":[["CPU",1938]]},{"arrivalTime":757586,"deadline":760562,"priority":"low","slices":[["CPU",1],["IO",481],["CPU",154]]},{"arrivalTime":767702,"deadline":792367,"priority":"low","slices":[["CPU",1],["IO",69],["CPU",3158],["IO",405],["CPU",1],["IO",139],["CPU",1]]},{"arrivalTime":777793,"deadline":778411,"priority":"high","slices":[["CPU",264]]},{"arrivalTime":787768,"deadline":804700,"priority":"low","slices":[["CPU",1],["IO",172],["CPU",1],["IO",33],["CPU",96],["IO",36],["CPU",96],["IO",140],["CPU",1],["IO",220],["CPU",96],["IO",39],["CPU",96],["IO",31],["CPU",96],["IO",178],["CPU",96],["IO",46],["CPU",96],["IO",155],["CPU",1],["IO",38],["CPU",1],["IO",29],["CPU",96],["IO",183],["CPU",1],["IO",35],["CPU",1],["IO",216],["CPU",96],["IO",152],["CPU",96],["IO",157],["CPU",96],["IO",223],["CPU",1],["IO",38],["CPU",1],["IO",208],["CPU",96],["IO",27],["CPU",96],["IO",176],["CPU",96],["IO",56],["CPU",1]]},{"arrivalTime":797882,"deadline":802082,"priority":"high","slices":[["CPU",1],["IO",647],["CPU",288]]},{"arrivalTime":807869,"deadline":823220,"priority":"low","slices":[["CPU",254],["IO",191],["CPU",254],["IO",290],["CPU",1],["IO",38],["CPU",1],["IO",234],["CPU",1],["IO",43],["CPU",254],["IO",41],["CPU",254],["IO",45],["CPU",254],["IO",50],["CPU",254],["IO",212],["CPU",1],["IO",54],["CPU",254],["IO",242],["CPU",254],["IO",39],["CPU",1],["IO",187],["CPU",1],["IO",55],["CPU",254],["IO",258],["CPU",254],["IO",57],["CPU",1],["IO",43],["CPU",1],["IO",268],["CPU",1],["IO",117],["CPU",254]]},{"arrivalTime":817858,"deadline":837685,"priority":"low","slices":[["CPU",1],["IO",54],["CPU",1],["IO",261],["CPU",288],["IO",39],["CPU",288],["IO",209],["CPU",1],["IO",53],["CPU",1],["IO",273],["CPU",1],["IO",281],["CPU",1],["IO",37],["CPU",1],["IO",216],["CPU",288],["IO",46],["CPU",1],["IO",280],["CPU",288],["IO",39],["CPU",1],["IO",177],["CPU",288],["IO",43],["CPU",1],["IO",48],["CPU",1],["IO",4],["CPU",1]]},{"arrivalTime":827980,"deadline":830331,"priority":"high","slices":[["CPU",162],["IO",385],["CPU",1]]},{"arrivalTime":838088,"deadline":843567,"priority":"low","slices":[["CPU",1838]]},{"arrivalTime":848173,"deadline":852004,"priority":"low","slices":[["CPU",366],["IO",434],["CPU",1]]},{"arrivalTime":858280,"deadline":861294,"priority":"low","slices":[["CPU",118],["IO",515],["CPU",1]]},{"arrivalTime":868457,"deadline":872032,"priority":"low","slices":[["CPU",1556]]},{"arrivalTime":878612,"deadline":900779,"priority":"high","slices":[["CPU",1],["IO",303],["CPU",1],["IO",74],["CPU",2728],["IO",202],["CPU",1]]},{"arrivalTime":888790,"deadline":891690,"priority":"high","slices":[["CPU",1]]},{"arrivalTime":898803,"deadline":902754,"priority":"high","slices":[["CPU",1]]},{"arrivalTime":908902,"deadline":910491,"priority":"low","slices":[["CPU",1],["IO",204],["CPU",1]]},{"arrivalTime":918969,"deadline":921326,"priority":"high","slices":[["CPU",1],["IO",365],["CPU",242]]},{"arrivalTime":929039,"deadline":932448,"priority":"high","slices":[["CPU",150],["IO",694],["CPU",1]]},{"arrivalTime":938985,"deadline":943716,"priority":"high","slices":[["CPU",446],["IO",525],["CPU",1]]},{"arrivalTime":949098,"deadline":951789,"priority":"low","slices":[["CPU",1],["IO",391],["CPU",1]]},{"arrivalTime":959216,"deadline":981826,"priority":"high","slices":[["CPU",1],["IO",50],["CPU",2136],["IO",60],["CPU",1],["IO",325],["CPU",1],["IO",189],["CPU",2136]]},{"arrivalTime":969328,"deadline":985974,"priority":"low","slices":[["CPU",1078],["IO",34],["CPU",1],["IO",40],["CPU",1078],["IO",40],["CPU",1078],["IO",33],["CPU",1078],["IO",206],["CPU",1]]},{"arrivalTime":979415,"deadline":980942,"priority":"high","slices":[["CPU",64],["IO",317],["CPU",1]]},{"arrivalTime":989515,"deadline":1011036,"priority":"low","slices":[["CPU",1],["IO",293],["CPU",1],["IO",77],["CPU",314],["IO",424],["CPU",1],["IO",64],["CPU",314],["IO",355],["CPU",314],["IO",58],["CPU",314],["IO",376],["CPU",314],["IO",78],["CPU",314],["IO",83],["CPU",314],["IO",80],["CPU",314],["IO",67],["CPU",1],["IO",73],["CPU",314],["IO",53],["CPU",1],["IO",319],["CPU",314],["IO",276],["CPU",314],["IO",67],["CPU",314],["IO",68],["CPU",1],["IO",67],["CPU",1],["IO",61],["CPU",1],["IO",420],["CPU",314],["IO",119],["CPU",1]]},{"arrivalTime":999559,"deadline":1004422,"priority":"low","slices":[["CPU",1708]]}]
