[{"arrivalTime":0,"deadline":6131,"priority":"low","slices":[["CPU",1578]]},{"arrivalTime":23101,"deadline":24799,"priority":"low","slices":[["CPU",384]]},{"arrivalTime":46297,"deadline":54704,"priority":"low","slices":[["CPU",358],["IO",532],["CPU",358]]},{"arrivalTime":69621,"deadline":70614,"priority":"low","slices":[["CPU",1]]},{"arrivalTime":92694,"deadline":95232,"priority":"high","slices":[["CPU",788]]},{"arrivalTime":115888,"deadline":438998,"priority":"low","slices":[["CPU",1],["IO",580],["CPU",73232]]},{"arrivalTime":139119,"deadline":514757,"priority":"high","slices":[["CPU",1982],["IO",2988],["CPU",1982],["IO",82],["CPU",1982],["IO",3903],["CPU",1],["IO",70],["CPU",1],["IO",71],["CPU",1],["IO",2765],["CPU",1],["IO",3818],["CPU",1982],["IO",3944],["CPU",1982],["IO",64],["CPU",1982],["IO",2977],["CPU",1982],["IO",3041],["CPU",1],["IO",96],["CPU",1],["IO",3308],["CPU",1],["IO",3215],["CPU",1],["IO",3420],["CPU",1982],["IO",3418],["CPU",1982],["IO",2623],["CPU",1],["IO",3793],["CPU",1982],["IO",4038],["CPU",1982],["IO",3211],["CPU",1982],["IO",85],["CPU",1],["IO",69],["CPU",1],["IO",83],["CPU",1],["IO",3293],["CPU",1],["IO",3185],["CPU",1],["IO",705],["CPU",1982]]},{"arrivalTime":162301,"deadline":165246,"priority":"high","slices":[["CPU",60],["IO",301],["CPU",60]]},{"arrivalTime":185397,"deadline":192258,"priority":"low","slices":[["CPU",1],["IO",547],["CPU",298]]},{"arrivalTime":208728,"deadline":599623,"priority":"high","slices":[["CPU",1],["IO",106],["CPU",1974],["IO",3370],["CPU",1],["IO",92],["CPU",1974],["IO",4513],["CPU",1974],["IO",3015],["CPU",1974],["IO",78],["CPU",1],["IO",81],["CPU",1974],["IO",4107],["CPU",1974],["IO",3334],["CPU",1974],["IO",3790],["CPU",1974],["IO",3876],["CPU",1],["IO",3030],["CPU",1],["IO",109],["CPU",1974],["IO",2763],["CPU",1974],["IO",67],["CPU",1],["IO",73],["CPU",1],["IO",3145],["CPU",1],["IO",68],["CPU",1974],["IO",87],["CPU",1974],["IO",74],["CPU",1],["IO",71],["CPU",1974],["IO",4428],["CPU",1],["IO",3109],["CPU",1974],["IO",94],["CPU",1],["IO",4378],["CPU",1974],["IO",68],["CPU",1974],["IO",3208],["CPU",1974],["IO",4490],["CPU",1],["IO",3578],["CPU",1974],["IO",944],["CPU",1974]]},{"arrivalTime":232127,"deadline":239232,"priority":"high","slices":[["CPU",174],["IO",607],["CPU",1]]},{"arrivalTime":255428,"deadline":257549,"priority":"low","slices":[["CPU",1]]},{"arrivalTime":278480,"deadline":283097,"priority":"low","slices":[["CPU",1],["IO",443],["CPU",1]]},{"arrivalTime":301623,"deadline":305427,"priority":"high","slices":[["CPU",1]]},{"arrivalTime":324942,"deadline":325850,"priority":"low","slices":[["CPU",1]]},{"arrivalTime":348170,"deadline":938892,"priority":"high","slices":[["CPU",1],["IO",98],["CPU",5070],["IO",118],["CPU",1],["IO",3665],["CPU",5070],["IO",4754],["CPU",5070],["IO",3946],["CPU",1],["IO",110],["CPU",1],["IO",4625],["CPU",5070],["IO",3493],["CPU",5070],["IO",111],["CPU",1],["IO",3478],["CPU",5070],["IO",3785],["CPU",1],["IO",3024],["CPU",5070],["IO",4164],["CPU",1],["IO",86],["CPU",1],["IO",75],["CPU",1],["IO",3788],["CPU",1],["IO",116],["CPU",5070],["IO",3651],["CPU",1],["IO",3258],["CPU",1]]},{"arrivalTime":371341,"deadline":379136,"priority":"high","slices":[["CPU",1966]]},{"arrivalTime":394581,"deadline":401932,"priority":"low","slices":[["CPU",156],["IO",827],["CPU",156]]},{"arrivalTime":417748,"deadline":760751,"priority":"high","slices":[["CPU",3774],["IO",2165],["CPU",1],["IO",2788],["CPU",3774],["IO",2551],["CPU",1],["IO",60],["CPU",3774],["IO",2270],["CPU",3774],["IO",2287],["CPU",1],["IO",1991],["CPU",3774],["IO",64],["CPU",1],["IO",2796],["CPU",1],["IO",55],["CPU",1],["IO",2600],["CPU",1],["IO",2602],["CPU",1],["IO",2502],["CPU",1],["IO",51],["CPU",3774],["IO",46],["CPU",3774],["IO",2421],["CPU",1],["IO",1249],["CPU",1]]},{"arrivalTime":441071,"deadline":442179,"priority":"high","slices":[["CPU",1],["IO",119],["CPU",1]]},{"arrivalTime":464429,"deadline":468300,"priority":"low","slices":[["CPU",1],["IO",415],["CPU",60]]},{"arrivalTime":487726,"deadline":488771,"priority":"high","slices":[["CPU",46],["IO",88],["CPU",46]]},{"arrivalTime":510826,"deadline":517317,"priority":"high","slices":[["CPU",1600]]},{"arrivalTime":534067,"deadline":762595,"priority":"low","slices":[["CPU",1],["IO",1564],["CPU",1],["IO",1481],["CPU",1106],["IO",49],["CPU",1],["IO",1611],["CPU",1],["IO",1550],["CPU",1],["IO",45],["CPU",1],["IO",47],["CPU",1],["IO",35],["CPU",1106],["IO",1437],["CPU",1],["IO",1309],["CPU",1],["IO",1636],["CPU",1],["IO",1551],["CPU",1106],["IO",44],["CPU",1],["IO",1271],["CPU",1],["IO",1885],["CPU",1],["IO",32],["CPU",1],["IO",30],["CPU",1106],["IO",47],["CPU",1],["IO",1501],["CPU",1],["IO",1790],["CPU",1],["IO",42],["CPU",1],["IO",1524],["CPU",1],["IO",42],["CPU",1106],["IO",1576],["CPU",1],["IO",30],["CPU",1106],["IO",33],["CPU",1106],["IO",1384],["CPU",1],["IO",480],["CPU",1106]]},{"arrivalTime":557268,"deadline":727069,"priority":"high","slices":[["CPU",1],["IO",890],["CPU",1],["IO",1110],["CPU",482],["IO",33],["CPU",1],["IO",26],["CPU",1],["IO",993],["CPU",482],["IO",24],["CPU",1],["IO",26],["CPU",482],["IO",27],["CPU",1],["IO",24],["CPU",1],["IO",1018],["CPU",482],["IO",1220],["CPU",1],["IO",27],["CPU",1],["IO",24],["CPU",482],["IO",1083],["CPU",1],["IO",1327],["CPU",1],["IO",1013],["CPU",1],["IO",1318],["CPU",482],["IO",1257],["CPU",482],["IO",909],["CPU",482],["IO",32],["CPU",482],["IO",1171],["CPU",482],["IO",23],["CPU",1],["IO",1027],["CPU",482],["IO",1292],["CPU",482],["IO",26],["CPU",1],["IO",1131],["CPU",1],["IO",27],["CPU",482],["IO",30],["CPU",1],["IO",1046],["CPU",1],["IO",28],["CPU",1],["IO",1018],["CPU",1],["IO",23],["CPU",1],["IO",809],["CPU",482]]},{"arrivalTime":580672,"deadline":587135,"priority":"high","slices":[["CPU",1],["IO",738],["CPU",1]]},{"arrivalTime":603902,"deadline":842839,"priority":"high","slices":[["CPU",1176],["IO",1461],["CPU",1],["IO",43],["CPU",1],["IO",40],["CPU",1176],["IO",41],["CPU",1176],["IO",2166],["CPU",1],["IO",51],["CPU",1176],["IO",2043],["CPU",1],["IO",53],["CPU",1176],["IO",50],["CPU",1],["IO",45],["CPU",1],["IO",2065],["CPU",1176],["IO",35],["CPU",1176],["IO",1357],["CPU",1],["IO",1720],["CPU",1],["IO",44],["CPU",1],["IO",2092],["CPU",1],["IO",53],["CPU",1176],["IO",41],["CPU",1176],["IO",48],["CPU",1],["IO",51],["CPU",1],["IO",39],["CPU",1],["IO",49],["CPU",1176],["IO",43],["CPU",1176],["IO",47],["CPU",1],["IO",37],["CPU",1],["IO",47],["CPU",1176],["IO",33],["CPU",1],["IO",35],["CPU",1],["IO",35],["CPU",1176],["IO",1592],["CPU",1],["IO",1959],["CPU",1],["IO",36],["CPU",1176],["IO",41],["CPU",1],["IO",1662],["CPU",1],["IO",36],["CPU",1176],["IO",34],["CPU",1176],["IO",1772],["CPU",1],["IO",412],["CPU",1]]},{"arrivalTime":627209,"deadline":631031,"priority":"high","slices":[["CPU",1],["IO",269],["CPU",1]]},{"arrivalTime":650458,"deadline":656857,"priority":"low","slices":[["CPU",1]]},{"arrivalTime":673819,"deadline":675538,"priority":"high","slices":[["CPU",564]]},{"arrivalTime":697195,"deadline":704814,"priority":"high","slices":[["CPU",1582]]},{"arrivalTime":720502,"deadline":721275,"priority":"low","slices":[["CPU",236]]},{"arrivalTime":743692,"deadline":750742,"priority":"high","slices":[["CPU",174],["IO",638],["CPU",1]]},{"arrivalTime":766864,"deadline":770993,"priority":"low","slices":[["CPU",1068]]},{"arrivalTime":790093,"deadline":889632,"priority":"high","slices":[["CPU",11612],["IO",20],["CPU",11612],["IO",115],["CPU",1]]},{"arrivalTime":813365,"deadline":817166,"priority":"low","slices":[["CPU",1],["IO",359],["CPU",254]]},{"arrivalTime":836590,"deadline":840461,"priority":"high","slices":[["CPU",80],["IO",402],["CPU",80]]},{"arrivalTime":859991,"deadline":861982,"priority":"low","slices":[["CPU",588]]},{"arrivalTime":883298,"deadline":1255572,"priority":"low","slices":[["CPU",1022],["IO",61],["CPU",1022],["IO",2403],["CPU",1022],["IO",2751],["CPU",1022],["IO",2760],["CPU",1],["IO",2660],["CPU",1022],["IO",64],["CPU",1022],["IO",2411],["CPU",1022],["IO",3367],["CPU",1022],["IO",66],["CPU",1],["IO",93],["CPU",1022],["IO",80],["CPU",1022],["IO",2709],["CPU",1],["IO",86],["CPU",1022],["IO",3128],["CPU",1022],["IO",3659],["CPU",1],["IO",82],["CPU",1],["IO",2492],["CPU",1022],["IO",3511],["CPU",1022],["IO",60],["CPU",1022],["IO",2764],["CPU",1],["IO",74],["CPU",1],["IO",62],["CPU",1022],["IO",68],["CPU",1022],["IO",3343],["CPU",1],["IO",2759],["CPU",1022],["IO",86],["CPU",1022],["IO",78],["CPU",1022],["IO",67],["CPU",1022],["IO",66],["CPU",1],["IO",80],["CPU",1],["IO",2265],["CPU",1022],["IO",3109],["CPU",1022],["IO",3014],["CPU",1022],["IO",3244],["CPU",1022],["IO",69],["CPU",1022],["IO",2868],["CPU",1]]},{"arrivalTime":906601,"deadline":1108105,"priority":"high","slices":[["CPU",1],["IO",385],["CPU",36346]]},{"arrivalTime":929825,"deadline":934018,"priority":"high","slices":[["CPU",952]]},{"arrivalTime":953025,"deadline":1238832,"priority":"high","slices":[["CPU",1],["IO",59],["CPU",44656],["IO",495],["CPU",44656]]},{"arrivalTime":976268,"deadline":977191,"priority":"low","slices":[["CPU",58],["IO",93],["CPU",1]]},{"arrivalTime":999503,"deadline":1003211,"priority":"high","slices":[["CPU",1],["IO",209],["CPU",1]]}]
