[{"arrivalTime":0,"deadline":57919,"priority":"low","slices":[["CPU",1],["IO",102],["CPU",1],["IO",460],["CPU",406],["IO",536],["CPU",1],["IO",81],["CPU",406],["IO",425],["CPU",406],["IO",415],["CPU",1],["IO",540],["CPU",406],["IO",622],["CPU",1],["IO",115],["CPU",406],["IO",437],["CPU",406],["IO",559],["CPU",406],["IO",597],["CPU",406],["IO",385],["CPU",1],["IO",121],["CPU",406],["IO",493],["CPU",1],["IO",377],["CPU",1],["IO",72],["CPU",406]]},{"arrivalTime":11099,"deadline":43144,"priority":"low","slices":[["CPU",114],["IO",247],["CPU",114],["IO",35],["CPU",1],["IO",275],["CPU",114],["IO",52],["CPU",1],["IO",49],["CPU",114],["IO",37],["CPU",114],["IO",46],["CPU",114],["IO",33],["CPU",114],["IO",256],["CPU",1],["IO",38],["CPU",1],["IO",216],["CPU",114],["IO",225],["CPU",1],["IO",54],["CPU",114],["IO",37],["CPU",114],["IO",37],["CPU",114],["IO",212],["CPU",1],["IO",53],["CPU",114],["IO",215],["CPU",114],["IO",270],["CPU",1],["IO",270],["CPU",114],["IO",238],["CPU",114],["IO",38],["CPU",1],["IO",37],["CPU",1],["IO",177],["CPU",1]]},{"arrivalTime":22057,"deadline":54767,"priority":"high","slices":[["CPU",1],["IO",58],["CPU",1],["IO",57],["CPU",1],["IO",68],["CPU",216],["IO",285],["CPU",216],["IO",340],["CPU",216],["IO",47],["CPU",1],["IO",314],["CPU",216],["IO",299],["CPU",1],["IO",51],["CPU",1],["IO",231],["CPU",1],["IO",360],["CPU",216],["IO",58],["CPU",216],["IO",369],["CPU",1],["IO",66],["CPU",1],["IO",283],["CPU",216],["IO",305],["CPU",1],["IO",71],["CPU",1],["IO",280],["CPU",216],["IO",56],["CPU",216],["IO",265],["CPU",216]]},{"arrivalTime":33212,"deadline":45107,"priority":"low","slices":[["CPU",616],["IO",19],["CPU",616],["IO",71],["CPU",616],["IO",66],["CPU",616],["IO",8],["CPU",616]]},{"arrivalTime":44415,"deadline":61398,"priority":"low","slices":[["CPU",854],["IO",20],["CPU",854],["IO",25],["CPU",854],["IO",22],["CPU",854],["IO",143],["CPU",854],["IO",11],["CPU",1]]},{"arrivalTime":55607,"deadline":64151,"priority":"low","slices":[["CPU",1],["IO",85],["CPU",562],["IO",19],["CPU",562],["IO",13],["CPU",562],["IO",16],["CPU",1],["IO",56],["CPU",1]]},{"arrivalTime":66699,"deadline":72880,"priority":"low","slices":[["CPU",1],["IO",77],["CPU",460],["IO",16],["CPU",1],["IO",12],["CPU",460],["IO",46],["CPU",1]]},{"arrivalTime":77823,"deadline":93463,"priority":"high","slices":[["CPU",1],["IO",20],["CPU",54],["IO",16],["CPU",54],["IO",129],["CPU",1],["IO",19],["CPU",1],["IO",98],["CPU",1],["IO",83],["CPU",54],["IO",25],["CPU",1],["IO",18],["CPU",54],["IO",22],["CPU",54],["IO",97],["CPU",54],["IO",16],["CPU",54],["IO",92],["CPU",54],["IO",16],["CPU",1],["IO",119],["CPU",54],["IO",121],["CPU",1],["IO",78],["CPU",54],["IO",23],["CPU",54],["IO",81],["CPU",1],["IO",116],["CPU",54],["IO",104],["CPU",1],["IO",20],["CPU",54],["IO",21],["CPU",54],["IO",22],["CPU",1],["IO",16],["CPU",1],["IO",31],["CPU",54]]},{"arrivalTime":88936,"deadline":145025,"priority":"low","slices":[["CPU",3534],["IO",390],["CPU",3534],["IO",476],["CPU",3534],["IO",86],["CPU",1]]},{"arrivalTime":100005,"deadline":104905,"priority":"high","slices":[["CPU",312],["IO",43],["CPU",1],["IO",9],["CPU",1],["IO",12],["CPU",1],["IO",11],["CPU",1],["IO",33],["CPU",312]]},{"arrivalTime":111102,"deadline":149576,"priority":"high","slices":[["CPU",238],["IO",459],["CPU",238],["IO",97],["CPU",1],["IO",434],["CPU",1],["IO",400],["CPU",1],["IO",424],["CPU",1],["IO",384],["CPU",238],["IO",88],["CPU",1],["IO",92],["CPU",1],["IO",400],["CPU",1],["IO",476],["CPU",1],["IO",70],["CPU",238],["IO",319],["CPU",238],["IO",382],["CPU",1],["IO",372],["CPU",238],["IO",405],["CPU",1],["IO",332],["CPU",238],["IO",452],["CPU",238],["IO",74],["CPU",238],["IO",73],["CPU",1]]},{"arrivalTime":122172,"deadline":138803,"priority":"low","slices":[["CPU",1],["IO",168],["CPU",990],["IO",28],["CPU",1],["IO",152],["CPU",990],["IO",4],["CPU",1]]},{"arrivalTime":133250,"deadline":139621,"priority":"high","slices":[["CPU",1],["IO",46],["CPU",50],["IO",11],["CPU",1],["IO",54],["CPU",50],["IO",68],["CPU",50],["IO",57],["CPU",1],["IO",8],["CPU",50],["IO",12],["CPU",50],["IO",10],["CPU",50],["IO",10],["CPU",50],["IO",10],["CPU",50],["IO",9],["CPU",50],["IO",13],["CPU",1],["IO",10],["CPU",1],["IO",46],["CPU",1],["IO",11],["CPU",50],["IO",50],["CPU",50],["IO",60],["CPU",50],["IO",10],["CPU",50],["IO",13],["CPU",50],["IO",11],["CPU",50],["IO",39],["CPU",1]]},{"arrivalTime":144351,"deadline":160649,"priority":"low","slices":[["CPU",660],["IO",21],["CPU",660],["IO",23],["CPU",660],["IO",121],["CPU",660],["IO",27],["CPU",1],["IO",71],["CPU",1]]},{"arrivalTime":155453,"deadline":202889,"priority":"low","slices":[["CPU",262],["IO",354],["CPU",262],["IO",407],["CPU",262],["IO",66],["CPU",1],["IO",61],["CPU",1],["IO",55],["CPU",1],["IO",347],["CPU",1],["IO",355],["CPU",262],["IO",60],["CPU",1],["IO",72],["CPU",1],["IO",64],["CPU",1],["IO",352],["CPU",1],["IO",386],["CPU",262],["IO",256],["CPU",262],["IO",310],["CPU",1],["IO",70],["CPU",262],["IO",63],["CPU",262],["IO",70],["CPU",262],["IO",319],["CPU",1],["IO",253],["CPU",1]]},{"arrivalTime":166494,"deadline":181708,"priority":"high","slices":[["CPU",1454],["IO",131],["CPU",1454],["IO",170],["CPU",1],["IO",60],["CPU",1454]]},{"arrivalTime":177632,"deadline":205415,"priority":"high","slices":[["CPU",1766],["IO",38],["CPU",1766],["IO",56],["CPU",1766],["IO",185],["CPU",1766],["IO",79],["CPU",1]]},{"arrivalTime":188744,"deadline":202990,"priority":"low","slices":[["CPU",1],["IO",88],["CPU",1],["IO",15],["CPU",1],["IO",103],["CPU",1],["IO",114],["CPU",134],["IO",72],["CPU",1],["IO",115],["CPU",134],["IO",15],["CPU",134],["IO",113],["CPU",1],["IO",78],["CPU",1],["IO",22],["CPU",134],["IO",19],["CPU",134],["IO",99],["CPU",134],["IO",23],["CPU",1],["IO",36],["CPU",134]]},{"arrivalTime":199855,"deadline":230206,"priority":"low","slices":[["CPU",1],["IO",267],["CPU",1],["IO",63],["CPU",2008],["IO",57],["CPU",1],["IO",171],["CPU",2008]]},{"arrivalTime":210968,"deadline":245663,"priority":"high","slices":[["CPU",228],["IO",211],["CPU",228],["IO",60],["CPU",1],["IO",220],["CPU",1],["IO",221],["CPU",1],["IO",284],["CPU",228],["IO",56],["CPU",1],["IO",51],["CPU",228],["IO",42],["CPU",228],["IO",236],["CPU",1],["IO",338],["CPU",1],["IO",301],["CPU",1],["IO",45],["CPU",1],["IO",303],["CPU",1],["IO",238],["CPU",228],["IO",65],["CPU",1],["IO",239],["CPU",228],["IO",260],["CPU",1],["IO",304],["CPU",1]]},{"arrivalTime":221942,"deadline":236330,"priority":"low","slices":[["CPU",162],["IO",116],["CPU",162],["IO",127],["CPU",1],["IO",145],["CPU",162],["IO",23],["CPU",1],["IO",137],["CPU",1],["IO",152],["CPU",1],["IO",23],["CPU",162],["IO",19],["CPU",162],["IO",114],["CPU",1],["IO",23],["CPU",1],["IO",98],["CPU",162],["IO",24],["CPU",1],["IO",27],["CPU",1],["IO",28],["CPU",1],["IO",103],["CPU",1],["IO",41],["CPU",162]]},{"arrivalTime":233013,"deadline":244035,"priority":"high","slices":[["CPU",1],["IO",14],["CPU",1],["IO",18],["CPU",476],["IO",62],["CPU",1],["IO",12],["CPU",1],["IO",59],["CPU",476]]},{"arrivalTime":244178,"deadline":274480,"priority":"high","slices":[["CPU",1],["IO",58],["CPU",1496],["IO",45],["CPU",1496],["IO",296],["CPU",1496],["IO",58],["CPU",1496],["IO",68],["CPU",1],["IO",189],["CPU",1]]},{"arrivalTime":255235,"deadline":296314,"priority":"low","slices":[["CPU",1],["IO",321],["CPU",3130],["IO",73],["CPU",1],["IO",176],["CPU",3130]]},{"arrivalTime":266373,"deadline":274539,"priority":"low","slices":[["CPU",1],["IO",92],["CPU",1],["IO",18],["CPU",582],["IO",15],["CPU",582],["IO",8],["CPU",582]]},{"arrivalTime":277531,"deadline":286174,"priority":"low","slices":[["CPU",1],["IO",54],["CPU",360],["IO",11],["CPU",360],["IO",10],["CPU",1],["IO",12],["CPU",1],["IO",15],["CPU",1],["IO",38],["CPU",1]]},{"arrivalTime":288608,"deadline":306523,"priority":"low","slices":[["CPU",1130],["IO",39],["CPU",1],["IO",177],["CPU",1130],["IO",40],["CPU",1],["IO",45],["CPU",1130],["IO",71],["CPU",1130]]},{"arrivalTime":299800,"deadline":348179,"priority":"low","slices":[["CPU",198],["IO",74],["CPU",198],["IO",75],["CPU",1],["IO",72],["CPU",198],["IO",57],["CPU",1],["IO",317],["CPU",1],["IO",65],["CPU",1],["IO",66],["CPU",1],["IO",469],["CPU",198],["IO",75],["CPU",1],["IO",407],["CPU",198],["IO",86],["CPU",1],["IO",62],["CPU",198],["IO",461],["CPU",1],["IO",83],["CPU",198],["IO",470],["CPU",198],["IO",84],["CPU",198],["IO",92],["CPU",198],["IO",90],["CPU",198],["IO",81],["CPU",1],["IO",431],["CPU",1],["IO",318],["CPU",198],["IO",342],["CPU",198],["IO",68],["CPU",198],["IO",85],["CPU",198],["IO",92],["CPU",198],["IO",359],["CPU",1],["IO",19],["CPU",198]]},{"arrivalTime":310910,"deadline":347650,"priority":"low","slices":[["CPU",246],["IO",59],["CPU",1],["IO",52],["CPU",1],["IO",51],["CPU",1],["IO",46],["CPU",1],["IO",62],["CPU",1],["IO",39],["CPU",246],["IO",37],["CPU",1],["IO",279],["CPU",1],["IO",47],["CPU",1],["IO",308],["CPU",1],["IO",49],["CPU",246],["IO",307],["CPU",246],["IO",194],["CPU",246],["IO",217],["CPU",1],["IO",42],["CPU",246],["IO",48],["CPU",246],["IO",222],["CPU",1],["IO",292],["CPU",1],["IO",263],["CPU",246]]},{"arrivalTime":322060,"deadline":328640,"priority":"high","slices":[["CPU",392],["IO",41],["CPU",392],["IO",11],["CPU",392],["IO",56],["CPU",392],["IO",10],["CPU",392]]},{"arrivalTime":333164,"deadline":367653,"priority":"high","slices":[["CPU",1],["IO",198],["CPU",2924],["IO",159],["CPU",1]]},{"arrivalTime":344248,"deadline":392785,"priority":"low","slices":[["CPU",1],["IO",448],["CPU",1],["IO",534],["CPU",456],["IO",395],["CPU",456],["IO",470],["CPU",456],["IO",356],["CPU",1],["IO",532],["CPU",456],["IO",329],["CPU",456],["IO",415],["CPU",456],["IO",512],["CPU",1],["IO",103],["CPU",1],["IO",520],["CPU",456],["IO",504],["CPU",456],["IO",82],["CPU",456],["IO",71],["CPU",456]]},{"arrivalTime":355340,"deadline":395885,"priority":"high","slices":[["CPU",2384],["IO",307],["CPU",2384],["IO",65],["CPU",1],["IO",49],["CPU",2384],["IO",195],["CPU",1]]},{"arrivalTime":366502,"deadline":383907,"priority":"low","slices":[["CPU",116],["IO",24],["CPU",1],["IO",32],["CPU",116],["IO",36],["CPU",1],["IO",148],["CPU",1],["IO",29],["CPU",116],["IO",192],["CPU",1],["IO",188],["CPU",1],["IO",207],["CPU",1],["IO",150],["CPU",1],["IO",174],["CPU",1],["IO",135],["CPU",116],["IO",35],["CPU",1],["IO",162],["CPU",116],["IO",195],["CPU",1],["IO",209],["CPU",116],["IO",30],["CPU",1],["IO",27],["CPU",1],["IO",137],["CPU",116],["IO",41],["CPU",116],["IO",5],["CPU",1]]},{"arrivalTime":377630,"deadline":413508,"priority":"low","slices":[["CPU",2222],["IO",54],["CPU",1],["IO",254],["CPU",2222],["IO",100],["CPU",1]]},{"arrivalTime":388698,"deadline":432451,"priority":"low","slices":[["CPU",1],["IO",371],["CPU",1],["IO",92],["CPU",2780],["IO",93],["CPU",1],["IO",74],["CPU",2780],["IO",263],["CPU",1]]},{"arrivalTime":399783,"deadline":438385,"priority":"low","slices":[["CPU",1],["IO",310],["CPU",1],["IO",137],["CPU",3510]]},{"arrivalTime":410831,"deadline":427650,"priority":"high","slices":[["CPU",742],["IO",23],["CPU",1],["IO",116],["CPU",1],["IO",25],["CPU",742],["IO",31],["CPU",1],["IO",100],["CPU",742]]},{"arrivalTime":421998,"deadline":433978,"priority":"high","slices":[["CPU",854],["IO",28],["CPU",1],["IO",110],["CPU",1],["IO",19],["CPU",1],["IO",76],["CPU",854]]},{"arrivalTime":433076,"deadline":487557,"priority":"low","slices":[["CPU",1],["IO",379],["CPU",730],["IO",403],["CPU",1],["IO",337],["CPU",730],["IO",83],["CPU",730],["IO",439],["CPU",1],["IO",87],["CPU",1],["IO",530],["CPU",730],["IO",89],["CPU",1],["IO",489],["CPU",1],["IO",455],["CPU",1],["IO",542],["CPU",1],["IO",152],["CPU",1]]},{"arrivalTime":444184,"deadline":485974,"priority":"high","slices":[["CPU",1],["IO",363],["CPU",1],["IO",506],["CPU",1],["IO",75],["CPU",1],["IO",519],["CPU",230],["IO",106],["CPU",230],["IO",98],["CPU",1],["IO",103],["CPU",1],["IO",102],["CPU",230],["IO",476],["CPU",230],["IO",94],["CPU",230],["IO",463],["CPU",1],["IO",366],["CPU",1],["IO",431],["CPU",230],["IO",87],["CPU",230],["IO",108],["CPU",1],["IO",459],["CPU",230],["IO",80],["CPU",1],["IO",343],["CPU",230],["IO",90],["CPU",1],["IO",491],["CPU",230],["IO",79],["CPU",230],["IO",101],["CPU",230],["IO",348],["CPU",1],["IO",112],["CPU",230],["IO",14],["CPU",1]]},{"arrivalTime":455375,"deadline":519432,"priority":"high","slices":[["CPU",5574],["IO",428],["CPU",5574],["IO",400],["CPU",1]]},{"arrivalTime":466605,"deadline":485691,"priority":"high","slices":[["CPU",1744],["IO",169],["CPU",1],["IO",77],["CPU",1744]]},{"arrivalTime":477700,"deadline":485896,"priority":"low","slices":[["CPU",1],["IO",88],["CPU",1],["IO",80],["CPU",1],["IO",13],["CPU",1],["IO",15],["CPU",38],["IO",13],["CPU",1],["IO",65],["CPU",38],["IO",16],["CPU",38],["IO",13],["CPU",1],["IO",15],["CPU",38],["IO",80],["CPU",38],["IO",17],["CPU",38],["IO",15],["CPU",38],["IO",15],["CPU",38],["IO",18],["CPU",1],["IO",85],["CPU",1],["IO",75],["CPU",38],["IO",87],["CPU",38],["IO",16],["CPU",38],["IO",84],["CPU",38],["IO",16],["CPU",38],["IO",88],["CPU",38],["IO",74],["CPU",38],["IO",96],["CPU",38],["IO",27],["CPU",38]]},{"arrivalTime":488780,"deadline":541144,"priority":"low","slices":[["CPU",1],["IO",267],["CPU",3132],["IO",411],["CPU",3132],["IO",45],["CPU",3132]]},{"arrivalTime":499870,"deadline":512301,"priority":"high","slices":[["CPU",610],["IO",18],["CPU",610],["IO",22],["CPU",610],["IO",27],["CPU",610],["IO",109],["CPU",610],["IO",18],["CPU",610],["IO",82],["CPU",1]]},{"arrivalTime":511037,"deadline":524358,"priority":"low","slices":[["CPU",840],["IO",21],["CPU",840],["IO",104],["CPU",1],["IO",32],["CPU",840]]},{"arrivalTime":522068,"deadline":557429,"priority":"low","slices":[["CPU",302],["IO",91],["CPU",302],["IO",69],["CPU",302],["IO",71],["CPU",1],["IO",67],["CPU",1],["IO",318],["CPU",1],["IO",73],["CPU",302],["IO",341],["CPU",302],["IO",70],["CPU",302],["IO",62],["CPU",1],["IO",63],["CPU",1],["IO",305],["CPU",1],["IO",417],["CPU",1],["IO",66],["CPU",1],["IO",68],["CPU",1],["IO",367],["CPU",1],["IO",72],["CPU",1],["IO",392],["CPU",1],["IO",401],["CPU",1],["IO",281],["CPU",302],["IO",84],["CPU",302],["IO",80],["CPU",302],["IO",179],["CPU",1]]},{"arrivalTime":533233,"deadline":597977,"priority":"low","slices":[["CPU",482],["IO",415],["CPU",1],["IO",107],["CPU",1],["IO",76],["CPU",1],["IO",355],["CPU",1],["IO",355],["CPU",1],["IO",472],["CPU",1],["IO",65],["CPU",1],["IO",81],["CPU",482],["IO",85],["CPU",482],["IO",354],["CPU",1],["IO",68],["CPU",482],["IO",539],["CPU",1],["IO",83],["CPU",482],["IO",371],["CPU",482],["IO",428],["CPU",1],["IO",104],["CPU",482],["IO",75],["CPU",1],["IO",29],["CPU",482]]},{"arrivalTime":544327,"deadline":551977,"priority":"high","slices":[["CPU",1],["IO",61],["CPU",1],["IO",9],["CPU",60],["IO",44],["CPU",1],["IO",43],["CPU",60],["IO",60],["CPU",60],["IO",9],["CPU",1],["IO",11],["CPU",1],["IO",47],["CPU",60],["IO",11],["CPU",60],["IO",56],["CPU",60],["IO",10],["CPU",60],["IO",48],["CPU",60],["IO",63],["CPU",1],["IO",10],["CPU",1],["IO",42],["CPU",1],["IO",20],["CPU",60]]},{"arrivalTime":555506,"deadline":594128,"priority":"low","slices":[["CPU",194],["IO",336],["CPU",194],["IO",310],["CPU",194],["IO",54],["CPU",1],["IO",43],["CPU",194],["IO",57],["CPU",1],["IO",323],["CPU",1],["IO",59],["CPU",1],["IO",223],["CPU",194],["IO",56],["CPU",194],["IO",53],["CPU",194],["IO",302],["CPU",194],["IO",235],["CPU",194],["IO",310],["CPU",1],["IO",246],["CPU",1],["IO",45],["CPU",194],["IO",57],["CPU",1],["IO",45],["CPU",194],["IO",42],["CPU",1],["IO",309],["CPU",194],["IO",279],["CPU",1],["IO",168],["CPU",1]]},{"arrivalTime":566556,"deadline":617627,"priority":"low","slices":[["CPU",2588],["IO",444],["CPU",2588],["IO",73],["CPU",1],["IO",98],["CPU",2588],["IO",67],["CPU",2588],["IO",318],["CPU",1]]},{"arrivalTime":577609,"deadline":635343,"priority":"high","slices":[["CPU",1],["IO",80],["CPU",1],["IO",344],["CPU",314],["IO",477],["CPU",1],["IO",91],["CPU",314],["IO",404],["CPU",314],["IO",69],["CPU",1],["IO",87],["CPU",314],["IO",428],["CPU",1],["IO",442],["CPU",314],["IO",88],["CPU",314],["IO",62],["CPU",314],["IO",92],["CPU",1],["IO",387],["CPU",314],["IO",484],["CPU",314],["IO",379],["CPU",1],["IO",103],["CPU",1],["IO",94],["CPU",314],["IO",103],["CPU",1],["IO",390],["CPU",314],["IO",447],["CPU",314]]},{"arrivalTime":588696,"deadline":631400,"priority":"high","slices":[["CPU",1646],["IO",256],["CPU",1646],["IO",68],["CPU",1646],["IO",60],["CPU",1646],["IO",67],["CPU",1646],["IO",77],["CPU",1646],["IO",81],["CPU",1]]},{"arrivalTime":599782,"deadline":643797,"priority":"low","slices":[["CPU",2394],["IO",99],["CPU",1],["IO",357],["CPU",1],["IO",69],["CPU",1],["IO",336],["CPU",1],["IO",128],["CPU",2394]]},{"arrivalTime":610936,"deadline":653877,"priority":"low","slices":[["CPU",1],["IO",79],["CPU",1],["IO",363],["CPU",246],["IO",74],["CPU",246],["IO",278],["CPU",1],["IO",57],["CPU",1],["IO",351],["CPU",246],["IO",74],["CPU",1],["IO",82],["CPU",1],["IO",69],["CPU",246],["IO",75],["CPU",1],["IO",305],["CPU",1],["IO",68],["CPU",1],["IO",282],["CPU",246],["IO",439],["CPU",1],["IO",305],["CPU",246],["IO",78],["CPU",1],["IO",394],["CPU",1],["IO",80],["CPU",1],["IO",355],["CPU",246],["IO",74],["CPU",246],["IO",69],["CPU",1],["IO",460],["CPU",246],["IO",22],["CPU",246]]},{"arrivalTime":622092,"deadline":669371,"priority":"high","slices":[["CPU",1],["IO",366],["CPU",168],["IO",66],["CPU",168],["IO",94],["CPU",168],["IO",78],["CPU",1],["IO",72],["CPU",1],["IO",66],["CPU",1],["IO",72],["CPU",168],["IO",70],["CPU",168],["IO",380],["CPU",168],["IO",82],["CPU",168],["IO",67],["CPU",1],["IO",70],["CPU",168],["IO",77],["CPU",168],["IO",83],["CPU",168],["IO",67],["CPU",1],["IO",78],["CPU",168],["IO",296],["CPU",168],["IO",69],["CPU",1],["IO",372],["CPU",168],["IO",360],["CPU",1],["IO",86],["CPU",1],["IO",83],["CPU",1],["IO",394],["CPU",1],["IO",292],["CPU",168],["IO",290],["CPU",1],["IO",69],["CPU",1],["IO",342],["CPU",1],["IO",441],["CPU",168],["IO",302],["CPU",1]]},{"arrivalTime":633254,"deadline":695161,"priority":"high","slices":[["CPU",1],["IO",474],["CPU",2908],["IO",119],["CPU",2908],["IO",111],["CPU",1],["IO",94],["CPU",1],["IO",211],["CPU",1]]},{"arrivalTime":644450,"deadline":690558,"priority":"high","slices":[["CPU",590],["IO",403],["CPU",1],["IO",116],["CPU",590],["IO",92],["CPU",1],["IO",109],["CPU",1],["IO",558],["CPU",590],["IO",107],["CPU",1],["IO",111],["CPU",590],["IO",84],["CPU",1],["IO",79],["CPU",1],["IO",591],["CPU",1],["IO",569],["CPU",1],["IO",502],["CPU",590],["IO",373],["CPU",590],["IO",90],["CPU",590],["IO",93],["CPU",1],["IO",542],["CPU",590],["IO",47],["CPU",590]]},{"arrivalTime":655469,"deadline":664941,"priority":"low","slices":[["CPU",74],["IO",108],["CPU",1],["IO",99],["CPU",74],["IO",22],["CPU",74],["IO",20],["CPU",1],["IO",108],["CPU",1],["IO",114],["CPU",1],["IO",84],["CPU",74],["IO",81],["CPU",74],["IO",116],["CPU",1],["IO",124],["CPU",74],["IO",92],["CPU",1],["IO",90],["CPU",74],["IO",79],["CPU",74],["IO",88],["CPU",74],["IO",108],["CPU",1],["IO",17],["CPU",1],["IO",9],["CPU",74]]},{"arrivalTime":666553,"deadline":706602,"priority":"low","slices":[["CPU",424],["IO",100],["CPU",1],["IO",526],["CPU",1],["IO",101],["CPU",424],["IO",104],["CPU",424],["IO",88],["CPU",1],["IO",384],["CPU",424],["IO",98],["CPU",424],["IO",93],["CPU",1],["IO",98],["CPU",1],["IO",495],["CPU",1],["IO",470],["CPU",1],["IO",67],["CPU",424],["IO",521],["CPU",424],["IO",517],["CPU",424],["IO",455],["CPU",424],["IO",368],["CPU",1],["IO",203],["CPU",1]]},{"arrivalTime":677723,"deadline":692245,"priority":"high","slices":[["CPU",1444],["IO",90],["CPU",1],["IO",108],["CPU",1]]},{"arrivalTime":688784,"deadline":722306,"priority":"high","slices":[["CPU",1],["IO",228],["CPU",1],["IO",251],["CPU",1],["IO",319],["CPU",1],["IO",267],["CPU",358],["IO",268],["CPU",358],["IO",41],["CPU",1],["IO",48],["CPU",358],["IO",45],["CPU",358],["IO",205],["CPU",1],["IO",44],["CPU",358],["IO",62],["CPU",1],["IO",233],["CPU",1],["IO",320],["CPU",1],["IO",241],["CPU",358],["IO",7],["CPU",1]]},{"arrivalTime":699903,"deadline":724034,"priority":"high","slices":[["CPU",1],["IO",276],["CPU",2698],["IO",180],["CPU",1]]},{"arrivalTime":711153,"deadline":736776,"priority":"low","slices":[["CPU",2194],["IO",222],["CPU",1],["IO",282],["CPU",2194],["IO",19],["CPU",2194]]},{"arrivalTime":722220,"deadline":769159,"priority":"low","slices":[["CPU",1],["IO",82],["CPU",1],["IO",397],["CPU",4024],["IO",417],["CPU",4024]]},{"arrivalTime":733342,"deadline":790708,"priority":"low","slices":[["CPU",446],["IO",532],["CPU",446],["IO",352],["CPU",1],["IO",523],["CPU",446],["IO",513],["CPU",1],["IO",91],["CPU",1],["IO",445],["CPU",1],["IO",89],["CPU",446],["IO",538],["CPU",446],["IO",102],["CPU",1],["IO",395],["CPU",446],["IO",72],["CPU",1],["IO",78],["CPU",1],["IO",398],["CPU",1],["IO",77],["CPU",446],["IO",444],["CPU",1],["IO",78],["CPU",1],["IO",489],["CPU",446]]},{"arrivalTime":744445,"deadline":752907,"priority":"low","slices":[["CPU",522],["IO",98],["CPU",522],["IO",13],["CPU",1],["IO",13],["CPU",522],["IO",80],["CPU",1],["IO",11],["CPU",1]]},{"arrivalTime":755539,"deadline":790456,"priority":"high","slices":[["CPU",1666],["IO",257],["CPU",1],["IO",55],["CPU",1666],["IO",50],["CPU",1666],["IO",182],["CPU",1666]]},{"arrivalTime":766616,"deadline":798671,"priority":"low","slices":[["CPU",1],["IO",55],["CPU",1],["IO",62],["CPU",1],["IO",45],["CPU",184],["IO",66],["CPU",184],["IO",50],["CPU",184],["IO",306],["CPU",184],["IO",59],["CPU",1],["IO",64],["CPU",184],["IO",58],["CPU",1],["IO",44],["CPU",1],["IO",56],["CPU",184],["IO",61],["CPU",1],["IO",43],["CPU",184],["IO",296],["CPU",1],["IO",279],["CPU",184],["IO",311],["CPU",1],["IO",68],["CPU",1],["IO",64],["CPU",184],["IO",50],["CPU",1],["IO",280],["CPU",184],["IO",51],["CPU",184],["IO",50],["CPU",1],["IO",223],["CPU",1],["IO",269],["CPU",1],["IO",223],["CPU",1]]},{"arrivalTime":777855,"deadline":841734,"priority":"low","slices":[["CPU",506],["IO",496],["CPU",506],["IO",96],["CPU",1],["IO",362],["CPU",506],["IO",99],["CPU",1],["IO",104],["CPU",1],["IO",71],["CPU",506],["IO",485],["CPU",506],["IO",101],["CPU",506],["IO",83],["CPU",1],["IO",72],["CPU",1],["IO",353],["CPU",506],["IO",90],["CPU",1],["IO",76],["CPU",1],["IO",506],["CPU",1],["IO",498],["CPU",506],["IO",81],["CPU",506],["IO",107],["CPU",1],["IO",476],["CPU",1],["IO",189],["CPU",506]]},{"arrivalTime":789000,"deadline":806892,"priority":"high","slices":[["CPU",56],["IO",37],["CPU",1],["IO",211],["CPU",1],["IO",28],["CPU",1],["IO",189],["CPU",1],["IO",157],["CPU",56],["IO",141],["CPU",1],["IO",29],["CPU",1],["IO",34],["CPU",56],["IO",211],["CPU",56],["IO",40],["CPU",1],["IO",33],["CPU",1],["IO",30],["CPU",56],["IO",32],["CPU",1],["IO",145],["CPU",1],["IO",35],["CPU",1],["IO",41],["CPU",1],["IO",35],["CPU",1],["IO",32],["CPU",1],["IO",42],["CPU",56],["IO",42],["CPU",1],["IO",29],["CPU",1],["IO",149],["CPU",56],["IO",39],["CPU",56],["IO",33],["CPU",1],["IO",185],["CPU",1],["IO",37],["CPU",56],["IO",189],["CPU",1],["IO",175],["CPU",56],["IO",36],["CPU",1],["IO",166],["CPU",1],["IO",27],["CPU",1],["IO",10],["CPU",1]]},{"arrivalTime":800092,"deadline":804661,"priority":"low","slices":[["CPU",68],["IO",49],["CPU",68],["IO",38],["CPU",1],["IO",54],["CPU",1],["IO",11],["CPU",1],["IO",11],["CPU",1],["IO",42],["CPU",68],["IO",39],["CPU",68],["IO",9],["CPU",1],["IO",8],["CPU",68],["IO",49],["CPU",68],["IO",61],["CPU",1],["IO",53],["CPU",1],["IO",52],["CPU",68],["IO",9],["CPU",1]]},{"arrivalTime":811244,"deadline":874112,"priority":"low","slices":[["CPU",1],["IO",85],["CPU",2708],["IO",98],["CPU",2708],["IO",428],["CPU",2708],["IO",96],["CPU",1],["IO",346],["CPU",1]]},{"arrivalTime":822367,"deadline":826914,"priority":"low","slices":[["CPU",1],["IO",52],["CPU",48],["IO",58],["CPU",1],["IO",11],["CPU",1],["IO",8],["CPU",1],["IO",60],["CPU",1],["IO",9],["CPU",48],["IO",7],["CPU",48],["IO",7],["CPU",48],["IO",10],["CPU",48],["IO",9],["CPU",48],["IO",10],["CPU",48],["IO",46],["CPU",1],["IO",9],["CPU",48],["IO",9],["CPU",1],["IO",11],["CPU",1],["IO",10],["CPU",1],["IO",10],["CPU",48],["IO",11],["CPU",1],["IO",40],["CPU",1],["IO",54],["CPU",1],["IO",31],["CPU",1]]},{"arrivalTime":833520,"deadline":868591,"priority":"high","slices":[["CPU",2256],["IO",48],["CPU",2256],["IO",246],["CPU",1],["IO",64],["CPU",2256],["IO",278],["CPU",2256]]},{"arrivalTime":844698,"deadline":857955,"priority":"high","slices":[["CPU",562],["IO",15],["CPU",562],["IO",19],["CPU",1],["IO",21],["CPU",562],["IO",93],["CPU",562],["IO",77],["CPU",562]]},{"arrivalTime":855823,"deadline":899383,"priority":"low","slices":[["CPU",4824],["IO",434],["CPU",1],["IO",163],["CPU",4824]]},{"arrivalTime":866960,"deadline":922120,"priority":"high","slices":[["CPU",222],["IO",108],["CPU",222],["IO",478],["CPU",222],["IO",466],["CPU",222],["IO",482],["CPU",1],["IO",120],["CPU",222],["IO",435],["CPU",222],["IO",579],["CPU",222],["IO",109],["CPU",1],["IO",491],["CPU",222],["IO",92],["CPU",222],["IO",88],["CPU",1],["IO",83],["CPU",222],["IO",91],["CPU",222],["IO",116],["CPU",222],["IO",78],["CPU",1],["IO",79],["CPU",1],["IO",107],["CPU",1],["IO",585],["CPU",222],["IO",428],["CPU",222],["IO",470],["CPU",1],["IO",455],["CPU",1],["IO",88],["CPU",1],["IO",78],["CPU",222],["IO",441],["CPU",222],["IO",369],["CPU",1]]},{"arrivalTime":877975,"deadline":899859,"priority":"low","slices":[["CPU",194],["IO",185],["CPU",1],["IO",186],["CPU",194],["IO",196],["CPU",194],["IO",44],["CPU",1],["IO",206],["CPU",1],["IO",43],["CPU",194],["IO",40],["CPU",1],["IO",235],["CPU",194],["IO",249],["CPU",1],["IO",31],["CPU",1],["IO",156],["CPU",194],["IO",232],["CPU",194],["IO",213],["CPU",1],["IO",175],["CPU",194],["IO",196],["CPU",194],["IO",60],["CPU",194]]},{"arrivalTime":889058,"deadline":898492,"priority":"low","slices":[["CPU",850],["IO",86],["CPU",850],["IO",55],["CPU",850]]},{"arrivalTime":900282,"deadline":916483,"priority":"low","slices":[["CPU",1068],["IO",144],["CPU",1068],["IO",25],["CPU",1068],["IO",39],["CPU",1068]]},{"arrivalTime":911394,"deadline":930266,"priority":"low","slices":[["CPU",210],["IO",180],["CPU",210],["IO",26],["CPU",1],["IO",149],["CPU",1],["IO",171],["CPU",210],["IO",25],["CPU",210],["IO",210],["CPU",1],["IO",164],["CPU",1],["IO",156],["CPU",1],["IO",33],["CPU",1],["IO",38],["CPU",1],["IO",26],["CPU",210],["IO",25],["CPU",210],["IO",27],["CPU",210],["IO",157],["CPU",210],["IO",173],["CPU",1],["IO",23],["CPU",1]]},{"arrivalTime":922587,"deadline":956256,"priority":"high","slices":[["CPU",1],["IO",51],["CPU",1],["IO",342],["CPU",1],["IO",56],["CPU",1],["IO",62],["CPU",2332]]},{"arrivalTime":933603,"deadline":965571,"priority":"high","slices":[["CPU",204],["IO",46],["CPU",1],["IO",205],["CPU",1],["IO",36],["CPU",204],["IO",51],["CPU",204],["IO",222],["CPU",1],["IO",244],["CPU",204],["IO",49],["CPU",204],["IO",214],["CPU",1],["IO",48],["CPU",204],["IO",175],["CPU",1],["IO",52],["CPU",204],["IO",236],["CPU",1],["IO",229],["CPU",1],["IO",212],["CPU",204],["IO",284],["CPU",1],["IO",45],["CPU",204],["IO",45],["CPU",204],["IO",220],["CPU",1],["IO",7],["CPU",204]]},{"arrivalTime":944781,"deadline":955702,"priority":"low","slices":[["CPU",102],["IO",16],["CPU",1],["IO",74],["CPU",1],["IO",19],["CPU",1],["IO",18],["CPU",102],["IO",110],["CPU",1],["IO",14],["CPU",102],["IO",67],["CPU",102],["IO",100],["CPU",102],["IO",96],["CPU",1],["IO",18],["CPU",102],["IO",14],["CPU",102],["IO",95],["CPU",1],["IO",21],["CPU",102],["IO",103],["CPU",102],["IO",18],["CPU",102],["IO",20],["CPU",1],["IO",15],["CPU",1],["IO",3],["CPU",1]]},{"arrivalTime":955973,"deadline":969625,"priority":"low","slices":[["CPU",1],["IO",111],["CPU",1086],["IO",23],["CPU",1086],["IO",91],["CPU",1086]]},{"arrivalTime":967134,"deadline":1012319,"priority":"low","slices":[["CPU",454],["IO",282],["CPU",454],["IO",368],["CPU",454],["IO",328],["CPU",454],["IO",292],["CPU",1],["IO",51],["CPU",454],["IO",74],["CPU",454],["IO",302],["CPU",1],["IO",71],["CPU",454],["IO",71],["CPU",1],["IO",356],["CPU",454],["IO",287],["CPU",1],["IO",51],["CPU",1],["IO",57],["CPU",454],["IO",411],["CPU",1],["IO",37],["CPU",454]]},{"arrivalTime":978174,"deadline":995909,"priority":"high","slices":[["CPU",1],["IO",109],["CPU",1],["IO",144],["CPU",1],["IO",128],["CPU",66],["IO",112],["CPU",1],["IO",114],["CPU",66],["IO",18],["CPU",66],["IO",129],["CPU",1],["IO",108],["CPU",1],["IO",23],["CPU",1],["IO",18],["CPU",1],["IO",26],["CPU",66],["IO",24],["CPU",1],["IO",115],["CPU",1],["IO",24],["CPU",66],["IO",115],["CPU",66],["IO",26],["CPU",1],["IO",28],["CPU",1],["IO",28],["CPU",66],["IO",132],["CPU",1],["IO",29],["CPU",1],["IO",20],["CPU",1],["IO",19],["CPU",66],["IO",24],["CPU",66],["IO",86],["CPU",1]]},{"arrivalTime":989272,"deadline":1025226,"priority":"high","slices":[["CPU",104],["IO",257],["CPU",104],["IO",58],["CPU",104],["IO",37],["CPU",1],["IO",275],["CPU",104],["IO",43],["CPU",1],["IO",37],["CPU",1],["IO",249],["CPU",1],["IO",207],["CPU",1],["IO",219],["CPU",1],["IO",57],["CPU",104],["IO",58],["CPU",1],["IO",44],["CPU",1],["IO",56],["CPU",104],["IO",40],["CPU",1],["IO",303],["CPU",104],["IO",303],["CPU",1],["IO",47],["CPU",1],["IO",51],["CPU",104],["IO",45],["CPU",1],["IO",271],["CPU",104],["IO",49],["CPU",104],["IO",48],["CPU",104],["IO",227],["CPU",104],["IO",38],["CPU",1],["IO",247],["CPU",1],["IO",42],["CPU",104],["IO",58],["CPU",104],["IO",104],["CPU",104]]}]
