[{"arrivalTime":0,"deadline":9175,"priority":"high","slices":[["CPU",1]]},{"arrivalTime":10227,"deadline":38366,"priority":"high","slices":[["CPU",1540],["IO",214],["CPU",1540],["IO",181],["CPU",1],["IO",48],["CPU",1],["IO",61],["CPU",1540]]},{"arrivalTime":20288,"deadline":53626,"priority":"low","slices":[["CPU",1],["IO",61],["CPU",1686],["IO",47],["CPU",1686],["IO",54],["CPU",1],["IO",282],["CPU",1],["IO",97],["CPU",1]]},{"arrivalTime":30362,"deadline":34754,"priority":"high","slices":[["CPU",1]]},{"arrivalTime":40401,"deadline":46262,"priority":"high","slices":[["CPU",1936]]},{"arrivalTime":50494,"deadline":99808,"priority":"low","slices":[["CPU",2290],["IO",84],["CPU",1],["IO",62],["CPU",2290],["IO",438],["CPU",2290],["IO",79],["CPU",1],["IO",209],["CPU",1]]},{"arrivalTime":60582,"deadline":62484,"priority":"high","slices":[["CPU",478]]},{"arrivalTime":70686,"deadline":74489,"priority":"high","slices":[["CPU",1014]]},{"arrivalTime":80787,"deadline":123356,"priority":"low","slices":[["CPU",1],["IO",75],["CPU",176],["IO",409],["CPU",176],["IO",341],["CPU",1],["IO",299],["CPU",176],["IO",295],["CPU",1],["IO",422],["CPU",176],["IO",440],["CPU",176],["IO",277],["CPU",176],["IO",77],["CPU",1],["IO",58],["CPU",176],["IO",78],["CPU",176],["IO",68],["CPU",176],["IO",70],["CPU",1],["IO",284],["CPU",176],["IO",58],["CPU",1],["IO",397],["CPU",176],["IO",68],["CPU",1],["IO",453],["CPU",176],["IO",325],["CPU",176],["IO",60],["CPU",1],["IO",78],["CPU",1],["IO",297],["CPU",1],["IO",55],["CPU",1],["IO",68],["CPU",1],["IO",13],["CPU",176]]},{"arrivalTime":90874,"deadline":92533,"priority":"low","slices":[["CPU",464]]},{"arrivalTime":101008,"deadline":459498,"priority":"low","slices":[["CPU",43114],["IO",79],["CPU",43114],["IO",688],["CPU",43114]]},{"arrivalTime":111181,"deadline":115622,"priority":"low","slices":[["CPU",1]]},{"arrivalTime":121300,"deadline":124539,"priority":"low","slices":[["CPU",80],["IO",284],["CPU",80]]},{"arrivalTime":131336,"deadline":135944,"priority":"high","slices":[["CPU",1120]]},{"arrivalTime":141483,"deadline":147250,"priority":"low","slices":[["CPU",1]]},{"arrivalTime":151442,"deadline":156663,"priority":"low","slices":[["CPU",1]]},{"arrivalTime":161523,"deadline":183898,"priority":"high","slices":[["CPU",1],["IO",164],["CPU",190],["IO",45],["CPU",190],["IO",50],["CPU",1],["IO",41],["CPU",1],["IO",191],["CPU",1],["IO",214],["CPU",1],["IO",44],["CPU",190],["IO",46],["CPU",190],["IO",47],["CPU",190],["IO",154],["CPU",1],["IO",253],["CPU",190],["IO",226],["CPU",190],["IO",242],["CPU",1],["IO",206],["CPU",1],["IO",40],["CPU",190],["IO",46],["CPU",1],["IO",212],["CPU",1],["IO",74],["CPU",1]]},{"arrivalTime":171583,"deadline":172865,"priority":"low","slices":[["CPU",1],["IO",111],["CPU",1]]},{"arrivalTime":181685,"deadline":185627,"priority":"low","slices":[["CPU",1]]},{"arrivalTime":191689,"deadline":195866,"priority":"low","slices":[["CPU",1]]},{"arrivalTime":201935,"deadline":250611,"priority":"low","slices":[["CPU",1],["IO",69],["CPU",1],["IO",528],["CPU",340],["IO",350],["CPU",1],["IO",537],["CPU",1],["IO",97],["CPU",1],["IO",102],["CPU",340],["IO",344],["CPU",340],["IO",341],["CPU",1],["IO",99],["CPU",1],["IO",77],["CPU",340],["IO",75],["CPU",340],["IO",461],["CPU",1],["IO",103],["CPU",1],["IO",432],["CPU",1],["IO",81],["CPU",340],["IO",73],["CPU",340],["IO",104],["CPU",340],["IO",80],["CPU",1],["IO",66],["CPU",340],["IO",405],["CPU",340],["IO",81],["CPU",1],["IO",293],["CPU",340]]},{"arrivalTime":212003,"deadline":218453,"priority":"high","slices":[["CPU",1]]},{"arrivalTime":222268,"deadline":227137,"priority":"high","slices":[["CPU",1]]},{"arrivalTime":232318,"deadline":236929,"priority":"low","slices":[["CPU",1]]},{"arrivalTime":242461,"deadline":251581,"priority":"low","slices":[["CPU",1],["IO",53],["CPU",26],["IO",79],["CPU",1],["IO",12],["CPU",26],["IO",60],["CPU",26],["IO",75],["CPU",26],["IO",11],["CPU",26],["IO",61],["CPU",1],["IO",11],["CPU",26],["IO",15],["CPU",26],["IO",60],["CPU",1],["IO",78],["CPU",26],["IO",67],["CPU",26],["IO",57],["CPU",1],["IO",14],["CPU",1],["IO",11],["CPU",1],["IO",14],["CPU",26],["IO",9],["CPU",1],["IO",13],["CPU",26],["IO",10],["CPU",26],["IO",56],["CPU",26],["IO",13],["CPU",26],["IO",63],["CPU",1],["IO",61],["CPU",26],["IO",73],["CPU",26],["IO",5],["CPU",26]]},{"arrivalTime":252537,"deadline":268642,"priority":"high","slices":[["CPU",106],["IO",136],["CPU",1],["IO",135],["CPU",106],["IO",143],["CPU",106],["IO",41],["CPU",106],["IO",166],["CPU",1],["IO",42],["CPU",1],["IO",193],["CPU",106],["IO",29],["CPU",1],["IO",147],["CPU",1],["IO",30],["CPU",1],["IO",167],["CPU",1],["IO",166],["CPU",1],["IO",211],["CPU",1],["IO",181],["CPU",1],["IO",173],["CPU",1],["IO",198],["CPU",1],["IO",168],["CPU",1],["IO",36],["CPU",106],["IO",22],["CPU",106]]},{"arrivalTime":262637,"deadline":269346,"priority":"high","slices":[["CPU",1]]},{"arrivalTime":272802,"deadline":328255,"priority":"high","slices":[["CPU",220],["IO",339],["CPU",220],["IO",96],["CPU",1],["IO",102],["CPU",1],["IO",402],["CPU",220],["IO",330],["CPU",1],["IO",422],["CPU",220],["IO",393],["CPU",1],["IO",393],["CPU",220],["IO",348],["CPU",1],["IO",84],["CPU",1],["IO",72],["CPU",1],["IO",506],["CPU",1],["IO",80],["CPU",1],["IO",412],["CPU",220],["IO",373],["CPU",1],["IO",377],["CPU",220],["IO",415],["CPU",220],["IO",103],["CPU",220],["IO",493],["CPU",1],["IO",99],["CPU",1],["IO",89],["CPU",220],["IO",39],["CPU",1]]},{"arrivalTime":282907,"deadline":288248,"priority":"high","slices":[["CPU",1214]]},{"arrivalTime":293040,"deadline":299441,"priority":"high","slices":[["CPU",1]]},{"arrivalTime":303090,"deadline":306585,"priority":"high","slices":[["CPU",702]]},{"arrivalTime":313145,"deadline":343756,"priority":"low","slices":[["CPU",1],["IO",270],["CPU",2366],["IO",245],["CPU",1],["IO",98],["CPU",1]]},{"arrivalTime":323230,"deadline":327650,"priority":"low","slices":[["CPU",82],["IO",459],["CPU",82]]},{"arrivalTime":333276,"deadline":335736,"priority":"low","slices":[["CPU",1]]},{"arrivalTime":343401,"deadline":350370,"priority":"high","slices":[["CPU",48],["IO",8],["CPU",48],["IO",8],["CPU",48],["IO",9],["CPU",48],["IO",63],["CPU",1],["IO",10],["CPU",1],["IO",12],["CPU",1],["IO",8],["CPU",48],["IO",52],["CPU",1],["IO",61],["CPU",1],["IO",62],["CPU",1],["IO",40],["CPU",1],["IO",45],["CPU",1],["IO",53],["CPU",1],["IO",11],["CPU",48],["IO",9],["CPU",1],["IO",9],["CPU",48],["IO",61],["CPU",48],["IO",8],["CPU",48],["IO",10],["CPU",1]]},{"arrivalTime":353528,"deadline":385264,"priority":"low","slices":[["CPU",116],["IO",199],["CPU",1],["IO",280],["CPU",116],["IO",45],["CPU",116],["IO",42],["CPU",116],["IO",37],["CPU",116],["IO",51],["CPU",1],["IO",247],["CPU",1],["IO",38],["CPU",116],["IO",268],["CPU",116],["IO",277],["CPU",116],["IO",58],["CPU",1],["IO",46],["CPU",1],["IO",284],["CPU",1],["IO",53],["CPU",116],["IO",225],["CPU",116],["IO",48],["CPU",116],["IO",56],["CPU",116],["IO",51],["CPU",116],["IO",40],["CPU",116],["IO",59],["CPU",1],["IO",58],["CPU",116],["IO",283],["CPU",1],["IO",50],["CPU",1],["IO",54],["CPU",1],["IO",50],["CPU",116],["IO",46],["CPU",1],["IO",211],["CPU",1]]},{"arrivalTime":363586,"deadline":644859,"priority":"low","slices":[["CPU",65172],["IO",655],["CPU",65172]]},{"arrivalTime":373760,"deadline":381166,"priority":"low","slices":[["CPU",1]]},{"arrivalTime":383893,"deadline":388845,"priority":"high","slices":[["CPU",1]]},{"arrivalTime":393958,"deadline":402031,"priority":"low","slices":[["CPU",230],["IO",709],["CPU",230]]},{"arrivalTime":403974,"deadline":422245,"priority":"high","slices":[["CPU",764],["IO",97],["CPU",764],["IO",19],["CPU",1],["IO",20],["CPU",764],["IO",26],["CPU",764],["IO",82],["CPU",1]]},{"arrivalTime":414157,"deadline":420706,"priority":"high","slices":[["CPU",1618]]},{"arrivalTime":424256,"deadline":430868,"priority":"low","slices":[["CPU",1],["IO",519],["CPU",254]]},{"arrivalTime":434358,"deadline":437152,"priority":"high","slices":[["CPU",136],["IO",213],["CPU",136]]},{"arrivalTime":444477,"deadline":469487,"priority":"low","slices":[["CPU",1],["IO",43],["CPU",1672],["IO",185],["CPU",1672],["IO",130],["CPU",1]]},{"arrivalTime":454615,"deadline":498441,"priority":"low","slices":[["CPU",146],["IO",66],["CPU",146],["IO",288],["CPU",146],["IO",73],["CPU",146],["IO",86],["CPU",146],["IO",440],["CPU",146],["IO",372],["CPU",1],["IO",82],["CPU",146],["IO",438],["CPU",1],["IO",390],["CPU",1],["IO",439],["CPU",146],["IO",83],["CPU",1],["IO",76],["CPU",1],["IO",70],["CPU",1],["IO",309],["CPU",1],["IO",89],["CPU",1],["IO",409],["CPU",146],["IO",335],["CPU",1],["IO",79],["CPU",146],["IO",86],["CPU",1],["IO",62],["CPU",146],["IO",61],["CPU",1],["IO",304],["CPU",146],["IO",332],["CPU",146],["IO",85],["CPU",1],["IO",347],["CPU",146]]},{"arrivalTime":464614,"deadline":466047,"priority":"low","slices":[["CPU",1]]},{"arrivalTime":474768,"deadline":479715,"priority":"high","slices":[["CPU",1],["IO",528],["CPU",202]]},{"arrivalTime":484800,"deadline":485485,"priority":"low","slices":[["CPU",36],["IO",71],["CPU",36]]},{"arrivalTime":494880,"deadline":543815,"priority":"low","slices":[["CPU",280],["IO",364],["CPU",1],["IO",59],["CPU",1],["IO",320],["CPU",280],["IO",73],["CPU",280],["IO",407],["CPU",280],["IO",300],["CPU",1],["IO",422],["CPU",280],["IO",80],["CPU",280],["IO",333],["CPU",280],["IO",360],["CPU",1],["IO",84],["CPU",1],["IO",398],["CPU",280],["IO",355],["CPU",280],["IO",69],["CPU",280],["IO",54],["CPU",280],["IO",414],["CPU",280],["IO",66],["CPU",1],["IO",50],["CPU",280]]},{"arrivalTime":505031,"deadline":508917,"priority":"low","slices":[["CPU",1]]},{"arrivalTime":515096,"deadline":534298,"priority":"high","slices":[["CPU",64],["IO",25],["CPU",64],["IO",165],["CPU",64],["IO",27],["CPU",64],["IO",24],["CPU",64],["IO",131],["CPU",1],["IO",22],["CPU",64],["IO",144],["CPU",64],["IO",22],["CPU",64],["IO",21],["CPU",1],["IO",169],["CPU",64],["IO",120],["CPU",64],["IO",139],["CPU",64],["IO",28],["CPU",1],["IO",33],["CPU",64],["IO",33],["CPU",64],["IO",109],["CPU",64],["IO",33],["CPU",64],["IO",31],["CPU",1],["IO",31],["CPU",1],["IO",30],["CPU",1],["IO",137],["CPU",64],["IO",141],["CPU",64],["IO",33],["CPU",1],["IO",31],["CPU",64],["IO",167],["CPU",64],["IO",20],["CPU",1]]},{"arrivalTime":525096,"deadline":529593,"priority":"low","slices":[["CPU",1]]},{"arrivalTime":535099,"deadline":539402,"priority":"high","slices":[["CPU",1],["IO",295],["CPU",258]]},{"arrivalTime":545248,"deadline":552226,"priority":"low","slices":[["CPU",1],["IO",639],["CPU",1]]},{"arrivalTime":555486,"deadline":597728,"priority":"low","slices":[["CPU",680],["IO",64],["CPU",680],["IO",468],["CPU",1],["IO",475],["CPU",1],["IO",358],["CPU",680],["IO",81],["CPU",680],["IO",350],["CPU",680],["IO",349],["CPU",1],["IO",475],["CPU",680],["IO",73],["CPU",680],["IO",455],["CPU",1],["IO",509],["CPU",680],["IO",308],["CPU",680]]},{"arrivalTime":565564,"deadline":566768,"priority":"low","slices":[["CPU",1],["IO",153],["CPU",26]]},{"arrivalTime":575683,"deadline":617951,"priority":"high","slices":[["CPU",1],["IO",317],["CPU",1],["IO",68],["CPU",2190],["IO",73],["CPU",1],["IO",83],["CPU",1],["IO",190],["CPU",1]]},{"arrivalTime":585844,"deadline":587475,"priority":"high","slices":[["CPU",1]]},{"arrivalTime":596017,"deadline":597492,"priority":"low","slices":[["CPU",316]]},{"arrivalTime":606015,"deadline":637247,"priority":"high","slices":[["CPU",1],["IO",35],["CPU",278],["IO",177],["CPU",278],["IO",254],["CPU",1],["IO",180],["CPU",1],["IO",38],["CPU",1],["IO",52],["CPU",278],["IO",37],["CPU",1],["IO",195],["CPU",278],["IO",275],["CPU",278],["IO",205],["CPU",1],["IO",41],["CPU",278],["IO",42],["CPU",278],["IO",236],["CPU",278],["IO",52],["CPU",278],["IO",240],["CPU",278],["IO",48],["CPU",278]]},{"arrivalTime":616129,"deadline":618107,"priority":"high","slices":[["CPU",1],["IO",144],["CPU",58]]},{"arrivalTime":626244,"deadline":666245,"priority":"low","slices":[["CPU",1],["IO",479],["CPU",562],["IO",334],["CPU",1],["IO",90],["CPU",1],["IO",73],["CPU",1],["IO",505],["CPU",1],["IO",482],["CPU",562],["IO",89],["CPU",1],["IO",67],["CPU",562],["IO",415],["CPU",1],["IO",76],["CPU",1],["IO",511],["CPU",1],["IO",65],["CPU",1],["IO",425],["CPU",1],["IO",94],["CPU",562],["IO",183],["CPU",1]]},{"arrivalTime":636312,"deadline":652953,"priority":"low","slices":[["CPU",1],["IO",157],["CPU",130],["IO",23],["CPU",1],["IO",24],["CPU",130],["IO",183],["CPU",1],["IO",186],["CPU",1],["IO",114],["CPU",130],["IO",167],["CPU",130],["IO",32],["CPU",1],["IO",24],["CPU",130],["IO",35],["CPU",130],["IO",27],["CPU",1],["IO",30],["CPU",130],["IO",35],["CPU",1],["IO",27],["CPU",130],["IO",31],["CPU",130],["IO",141],["CPU",130],["IO",23],["CPU",1],["IO",184],["CPU",1],["IO",22],["CPU",1],["IO",24],["CPU",1],["IO",25],["CPU",130],["IO",27],["CPU",1]]},{"arrivalTime":646379,"deadline":670777,"priority":"low","slices":[["CPU",1],["IO",189],["CPU",1578],["IO",49],["CPU",1578],["IO",37],["CPU",1],["IO",170],["CPU",1]]},{"arrivalTime":656513,"deadline":660864,"priority":"high","slices":[["CPU",1422]]},{"arrivalTime":666647,"deadline":670243,"priority":"high","slices":[["CPU",1],["IO",270],["CPU",234]]},{"arrivalTime":676908,"deadline":1033432,"priority":"low","slices":[["CPU",1],["IO",75],["CPU",1],["IO",58],["CPU",1],["IO",389],["CPU",31666]]},{"arrivalTime":687116,"deadline":690553,"priority":"high","slices":[["CPU",174],["IO",217],["CPU",1]]},{"arrivalTime":697147,"deadline":702060,"priority":"high","slices":[["CPU",1258]]},{"arrivalTime":707188,"deadline":714848,"priority":"high","slices":[["CPU",1]]},{"arrivalTime":717337,"deadline":750567,"priority":"low","slices":[["CPU",1],["IO",52],["CPU",1],["IO",331],["CPU",2348],["IO",62],["CPU",2348],["IO",115],["CPU",1]]},{"arrivalTime":727452,"deadline":730481,"priority":"high","slices":[["CPU",114],["IO",382],["CPU",1]]},{"arrivalTime":737518,"deadline":741711,"priority":"high","slices":[["CPU",1120]]},{"arrivalTime":747631,"deadline":753245,"priority":"low","slices":[["CPU",250],["IO",482],["CPU",250]]},{"arrivalTime":757726,"deadline":759884,"priority":"high","slices":[["CPU",676]]},{"arrivalTime":767774,"deadline":771860,"priority":"low","slices":[["CPU",1156]]},{"arrivalTime":777945,"deadline":779286,"priority":"high","slices":[["CPU",1]]},{"arrivalTime":787998,"deadline":814189,"priority":"high","slices":[["CPU",1],["IO",191],["CPU",1],["IO",29],["CPU",1],["IO",39],["CPU",1],["IO",39],["CPU",120],["IO",201],["CPU",1],["IO",164],["CPU",120],["IO",226],["CPU",120],["IO",180],["CPU",1],["IO",30],["CPU",1],["IO",33],["CPU",1],["IO",31],["CPU",1],["IO",146],["CPU",120],["IO",219],["CPU",1],["IO",27],["CPU",1],["IO",42],["CPU",1],["IO",29],["CPU",120],["IO",142],["CPU",1],["IO",40],["CPU",1],["IO",194],["CPU",120],["IO",218],["CPU",120],["IO",38],["CPU",1],["IO",42],["CPU",1]]},{"arrivalTime":798115,"deadline":804329,"priority":"low","slices":[["CPU",1932]]},{"arrivalTime":808196,"deadline":1119161,"priority":"high","slices":[["CPU",1],["IO",65],["CPU",40924],["IO",646],["CPU",40924]]},{"arrivalTime":818340,"deadline":825199,"priority":"low","slices":[["CPU",1688]]},{"arrivalTime":828396,"deadline":869357,"priority":"low","slices":[["CPU",566],["IO",423],["CPU",1],["IO",422],["CPU",566],["IO",84],["CPU",566],["IO",353],["CPU",1],["IO",73],["CPU",1],["IO",389],["CPU",1],["IO",323],["CPU",1],["IO",89],["CPU",1],["IO",425],["CPU",1],["IO",329],["CPU",566],["IO",485],["CPU",566],["IO",478],["CPU",1],["IO",104],["CPU",1],["IO",262],["CPU",566]]},{"arrivalTime":838458,"deadline":847300,"priority":"high","slices":[["CPU",334],["IO",654],["CPU",334]]},{"arrivalTime":848561,"deadline":872869,"priority":"low","slices":[["CPU",1],["IO",54],["CPU",132],["IO",282],["CPU",1],["IO",255],["CPU",132],["IO",237],["CPU",132],["IO",61],["CPU",1],["IO",60],["CPU",132],["IO",305],["CPU",1],["IO",232],["CPU",1],["IO",57],["CPU",132],["IO",203],["CPU",132],["IO",274],["CPU",1],["IO",226],["CPU",1],["IO",266],["CPU",132],["IO",218],["CPU",132],["IO",54],["CPU",132],["IO",40],["CPU",132],["IO",50],["CPU",132],["IO",40],["CPU",132],["IO",47],["CPU",1],["IO",61],["CPU",132],["IO",288],["CPU",1],["IO",52],["CPU",1],["IO",204],["CPU",1],["IO",59],["CPU",1],["IO",40],["CPU",132]]},{"arrivalTime":858518,"deadline":871632,"priority":"low","slices":[["CPU",1],["IO",120],["CPU",1280],["IO",179],["CPU",1],["IO",22],["CPU",1280]]},{"arrivalTime":868714,"deadline":874910,"priority":"low","slices":[["CPU",1],["IO",608],["CPU",1]]},{"arrivalTime":878832,"deadline":881103,"priority":"high","slices":[["CPU",1]]},{"arrivalTime":888954,"deadline":901761,"priority":"high","slices":[["CPU",792],["IO",17],["CPU",792],["IO",98],["CPU",792],["IO",50],["CPU",792]]},{"arrivalTime":899026,"deadline":908219,"priority":"low","slices":[["CPU",586],["IO",64],["CPU",1],["IO",12],["CPU",586],["IO",45],["CPU",1]]},{"arrivalTime":909227,"deadline":914291,"priority":"low","slices":[["CPU",1386]]},{"arrivalTime":919380,"deadline":923048,"priority":"low","slices":[["CPU",1]]},{"arrivalTime":929499,"deadline":932958,"priority":"low","slices":[["CPU",708]]},{"arrivalTime":939604,"deadline":947056,"priority":"high","slices":[["CPU",1794]]},{"arrivalTime":949660,"deadline":998017,"priority":"low","slices":[["CPU",440],["IO",432],["CPU",1],["IO",326],["CPU",1],["IO",445],["CPU",440],["IO",55],["CPU",1],["IO",315],["CPU",440],["IO",374],["CPU",440],["IO",311],["CPU",440],["IO",83],["CPU",440],["IO",66],["CPU",440],["IO",348],["CPU",440],["IO",274],["CPU",1],["IO",57],["CPU",1],["IO",79],["CPU",440],["IO",418],["CPU",440],["IO",55],["CPU",1]]},{"arrivalTime":959776,"deadline":965063,"priority":"high","slices":[["CPU",1]]},{"arrivalTime":969891,"deadline":971246,"priority":"high","slices":[["CPU",48],["IO",158],["CPU",48]]},{"arrivalTime":979895,"deadline":1030408,"priority":"low","slices":[["CPU",326],["IO",104],["CPU",326],["IO",447],["CPU",326],["IO",113],["CPU",1],["IO",100],["CPU",326],["IO",389],["CPU",326],["IO",98],["CPU",1],["IO",347],["CPU",1],["IO",99],["CPU",326],["IO",564],["CPU",326],["IO",92],["CPU",1],["IO",528],["CPU",326],["IO",77],["CPU",326],["IO",111],["CPU",1],["IO",99],["CPU",1],["IO",75],["CPU",1],["IO",542],["CPU",1],["IO",75],["CPU",326],["IO",420],["CPU",326],["IO",480],["CPU",326],["IO",552],["CPU",1],["IO",305],["CPU",326]]},{"arrivalTime":990065,"deadline":996322,"priority":"low","slices":[["CPU",1]]}]
