[{"arrivalTime":0,"deadline":5976,"priority":"low","slices":[["CPU",1],["IO",602],["CPU",314]]},{"arrivalTime":10192,"deadline":13783,"priority":"low","slices":[["CPU",1]]},{"arrivalTime":20288,"deadline":22353,"priority":"high","slices":[["CPU",134],["IO",166],["CPU",1]]},{"arrivalTime":30417,"deadline":35901,"priority":"low","slices":[["CPU",1]]},{"arrivalTime":40454,"deadline":101322,"priority":"high","slices":[["CPU",3234],["IO",97],["CPU",1],["IO",360],["CPU",3234],["IO",108],["CPU",3234],["IO",288],["CPU",3234]]},{"arrivalTime":50593,"deadline":57536,"priority":"high","slices":[["CPU",394],["IO",443],["CPU",1]]},{"arrivalTime":60744,"deadline":72971,"priority":"low","slices":[["CPU",1],["IO",23],["CPU",1],["IO",20],["CPU",1],["IO",107],["CPU",1],["IO",138],["CPU",1],["IO",21],["CPU",150],["IO",26],["CPU",150],["IO",21],["CPU",150],["IO",116],["CPU",1],["IO",100],["CPU",1],["IO",139],["CPU",1],["IO",22],["CPU",150],["IO",23],["CPU",150],["IO",23],["CPU",1],["IO",149],["CPU",1],["IO",142],["CPU",1],["IO",20],["CPU",1],["IO",81],["CPU",150]]},{"arrivalTime":70872,"deadline":71812,"priority":"low","slices":[["CPU",1],["IO",94],["CPU",30]]},{"arrivalTime":80901,"deadline":136982,"priority":"high","slices":[["CPU",1],["IO",475],["CPU",274],["IO",68],["CPU",274],["IO",89],["CPU",274],["IO",95],["CPU",1],["IO",349],["CPU",274],["IO",71],["CPU",1],["IO",97],["CPU",274],["IO",86],["CPU",274],["IO",87],["CPU",274],["IO",341],["CPU",274],["IO",420],["CPU",274],["IO",424],["CPU",1],["IO",457],["CPU",274],["IO",480],["CPU",274],["IO",86],["CPU",1],["IO",78],["CPU",274],["IO",317],["CPU",274],["IO",81],["CPU",274],["IO",373],["CPU",274],["IO",73],["CPU",1],["IO",460],["CPU",274],["IO",47],["CPU",274]]},{"arrivalTime":90986,"deadline":175824,"priority":"low","slices":[["CPU",14608],["IO",161],["CPU",14608]]},{"arrivalTime":101147,"deadline":107626,"priority":"high","slices":[["CPU",1]]},{"arrivalTime":111285,"deadline":113604,"priority":"low","slices":[["CPU",1]]},{"arrivalTime":121432,"deadline":158904,"priority":"low","slices":[["CPU",1],["IO",60],["CPU",1],["IO",328],["CPU",2444],["IO",65],["CPU",1],["IO",191],["CPU",2444]]},{"arrivalTime":131529,"deadline":133103,"priority":"low","slices":[["CPU",1]]},{"arrivalTime":141652,"deadline":206580,"priority":"low","slices":[["CPU",278],["IO",105],["CPU",278],["IO",377],["CPU",1],["IO",381],["CPU",278],["IO",80],["CPU",1],["IO",94],["CPU",278],["IO",424],["CPU",278],["IO",80],["CPU",278],["IO",82],["CPU",1],["IO",567],["CPU",1],["IO",74],["CPU",278],["IO",574],["CPU",278],["IO",508],["CPU",278],["IO",487],["CPU",1],["IO",586],["CPU",1],["IO",72],["CPU",1],["IO",387],["CPU",1],["IO",520],["CPU",1],["IO",451],["CPU",1],["IO",80],["CPU",278],["IO",114],["CPU",1],["IO",91],["CPU",1],["IO",264],["CPU",1]]},{"arrivalTime":151642,"deadline":157908,"priority":"low","slices":[["CPU",1],["IO",592],["CPU",96]]},{"arrivalTime":161807,"deadline":206757,"priority":"low","slices":[["CPU",1],["IO",71],["CPU",1],["IO",344],["CPU",358],["IO",60],["CPU",1],["IO",378],["CPU",358],["IO",72],["CPU",1],["IO",85],["CPU",1],["IO",70],["CPU",358],["IO",73],["CPU",358],["IO",414],["CPU",358],["IO",87],["CPU",358],["IO",391],["CPU",1],["IO",362],["CPU",358],["IO",80],["CPU",1],["IO",64],["CPU",1],["IO",400],["CPU",1],["IO",73],["CPU",1],["IO",64],["CPU",1],["IO",318],["CPU",358],["IO",260],["CPU",358]]},{"arrivalTime":171803,"deadline":176196,"priority":"low","slices":[["CPU",996]]},{"arrivalTime":181897,"deadline":184491,"priority":"high","slices":[["CPU",1]]},{"arrivalTime":191987,"deadline":212882,"priority":"high","slices":[["CPU",1144],["IO",41],["CPU",1144],["IO",246],["CPU",1],["IO",50],["CPU",1],["IO",174],["CPU",1],["IO",36],["CPU",1],["IO",15],["CPU",1144]]},{"arrivalTime":202162,"deadline":240162,"priority":"high","slices":[["CPU",622],["IO",79],["CPU",1],["IO",502],["CPU",1],["IO",101],["CPU",622],["IO",358],["CPU",622],["IO",318],["CPU",1],["IO",488],["CPU",622],["IO",99],["CPU",622],["IO",99],["CPU",1],["IO",70],["CPU",622],["IO",505],["CPU",622],["IO",501],["CPU",1],["IO",505],["CPU",622],["IO",431],["CPU",622]]},{"arrivalTime":212241,"deadline":218295,"priority":"low","slices":[["CPU",1642]]},{"arrivalTime":222246,"deadline":224360,"priority":"low","slices":[["CPU",1],["IO",205],["CPU",38]]},{"arrivalTime":232364,"deadline":271469,"priority":"high","slices":[["CPU",2794],["IO",235],["CPU",1],["IO",59],["CPU",2794],["IO",182],["CPU",1]]},{"arrivalTime":242562,"deadline":248411,"priority":"low","slices":[["CPU",246],["IO",511],["CPU",246]]},{"arrivalTime":252747,"deadline":307185,"priority":"high","slices":[["CPU",1],["IO",399],["CPU",1],["IO",386],["CPU",1],["IO",89],["CPU",180],["IO",71],["CPU",180],["IO",454],["CPU",1],["IO",407],["CPU",1],["IO",441],["CPU",180],["IO",76],["CPU",1],["IO",85],["CPU",180],["IO",484],["CPU",1],["IO",474],["CPU",1],["IO",82],["CPU",1],["IO",375],["CPU",1],["IO",84],["CPU",180],["IO",75],["CPU",180],["IO",330],["CPU",180],["IO",411],["CPU",1],["IO",341],["CPU",1],["IO",449],["CPU",1],["IO",398],["CPU",180],["IO",99],["CPU",180],["IO",73],["CPU",1]]},{"arrivalTime":262865,"deadline":263941,"priority":"low","slices":[["CPU",1]]},{"arrivalTime":272858,"deadline":276433,"priority":"high","slices":[["CPU",1136]]},{"arrivalTime":283064,"deadline":287391,"priority":"high","slices":[["CPU",1],["IO",471],["CPU",1]]},{"arrivalTime":293186,"deadline":295108,"priority":"high","slices":[["CPU",540]]},{"arrivalTime":303318,"deadline":347219,"priority":"low","slices":[["CPU",248],["IO",62],["CPU",248],["IO",297],["CPU",248],["IO",57],["CPU",248],["IO",76],["CPU",248],["IO",439],["CPU",248],["IO",456],["CPU",248],["IO",55],["CPU",1],["IO",85],["CPU",248],["IO",69],["CPU",1],["IO",82],["CPU",1],["IO",281],["CPU",248],["IO",67],["CPU",1],["IO",66],["CPU",1],["IO",438],["CPU",1],["IO",82],["CPU",1],["IO",87],["CPU",1],["IO",67],["CPU",1],["IO",452],["CPU",248],["IO",376],["CPU",248],["IO",337],["CPU",248],["IO",336],["CPU",248],["IO",220],["CPU",248]]},{"arrivalTime":313386,"deadline":319535,"priority":"low","slices":[["CPU",130],["IO",516],["CPU",1]]},{"arrivalTime":323511,"deadline":330175,"priority":"low","slices":[["CPU",1712]]},{"arrivalTime":333558,"deadline":340266,"priority":"low","slices":[["CPU",1400]]},{"arrivalTime":343656,"deadline":344574,"priority":"high","slices":[["CPU",1]]},{"arrivalTime":353626,"deadline":604068,"priority":"low","slices":[["CPU",45460],["IO",434],["CPU",1]]},{"arrivalTime":363754,"deadline":367375,"priority":"high","slices":[["CPU",116],["IO",411],["CPU",116]]},{"arrivalTime":373961,"deadline":375820,"priority":"low","slices":[["CPU",1],["IO",135],["CPU",1]]},{"arrivalTime":384023,"deadline":395741,"priority":"low","slices":[["CPU",1],["IO",27],["CPU",1138],["IO",153],["CPU",1138],["IO",131],["CPU",1]]},{"arrivalTime":394236,"deadline":401087,"priority":"low","slices":[["CPU",424],["IO",532],["CPU",1]]},{"arrivalTime":404324,"deadline":412679,"priority":"high","slices":[["CPU",1],["IO",19],["CPU",78],["IO",88],["CPU",1],["IO",15],["CPU",78],["IO",103],["CPU",78],["IO",93],["CPU",78],["IO",67],["CPU",1],["IO",14],["CPU",78],["IO",75],["CPU",78],["IO",103],["CPU",78],["IO",12],["CPU",1],["IO",13],["CPU",78],["IO",17],["CPU",78],["IO",64],["CPU",78],["IO",14],["CPU",78],["IO",66],["CPU",78],["IO",71],["CPU",78],["IO",16],["CPU",1],["IO",90],["CPU",78]]},{"arrivalTime":414447,"deadline":471665,"priority":"high","slices":[["CPU",1],["IO",392],["CPU",488],["IO",382],["CPU",488],["IO",386],["CPU",1],["IO",374],["CPU",1],["IO",387],["CPU",488],["IO",72],["CPU",488],["IO",454],["CPU",488],["IO",495],["CPU",488],["IO",95],["CPU",488],["IO",80],["CPU",488],["IO",341],["CPU",488],["IO",92],["CPU",1],["IO",433],["CPU",1],["IO",374],["CPU",488],["IO",399],["CPU",488],["IO",212],["CPU",488]]},{"arrivalTime":424438,"deadline":431701,"priority":"high","slices":[["CPU",1]]},{"arrivalTime":434546,"deadline":436665,"priority":"high","slices":[["CPU",1]]},{"arrivalTime":444603,"deadline":503016,"priority":"high","slices":[["CPU",264],["IO",109],["CPU",264],["IO",443],["CPU",264],["IO",523],["CPU",264],["IO",116],["CPU",264],["IO",586],["CPU",1],["IO",504],["CPU",1],["IO",395],["CPU",264],["IO",80],["CPU",264],["IO",485],["CPU",1],["IO",487],["CPU",264],["IO",559],["CPU",264],["IO",418],["CPU",1],["IO",613],["CPU",264],["IO",82],["CPU",1],["IO",557],["CPU",264],["IO",90],["CPU",264],["IO",481],["CPU",264],["IO",75],["CPU",264],["IO",85],["CPU",1],["IO",99],["CPU",1],["IO",137],["CPU",264]]},{"arrivalTime":454654,"deadline":460373,"priority":"high","slices":[["CPU",1],["IO",571],["CPU",248]]},{"arrivalTime":464708,"deadline":466610,"priority":"low","slices":[["CPU",480]]},{"arrivalTime":474854,"deadline":476515,"priority":"low","slices":[["CPU",1]]},{"arrivalTime":484991,"deadline":551960,"priority":"low","slices":[["CPU",1],["IO",96],["CPU",3022],["IO",566],["CPU",1],["IO",78],["CPU",3022],["IO",114],["CPU",3022],["IO",29],["CPU",3022]]},{"arrivalTime":495107,"deadline":502626,"priority":"high","slices":[["CPU",1848]]},{"arrivalTime":505075,"deadline":507832,"priority":"high","slices":[["CPU",1],["IO",225],["CPU",1]]},{"arrivalTime":515168,"deadline":630407,"priority":"high","slices":[["CPU",596],["IO",23],["CPU",596],["IO",1185],["CPU",596],["IO",19],["CPU",596],["IO",29],["CPU",1],["IO",23],["CPU",596],["IO",1120],["CPU",1],["IO",28],["CPU",1],["IO",30],["CPU",1],["IO",27],["CPU",1],["IO",849],["CPU",1],["IO",1002],["CPU",1],["IO",20],["CPU",596],["IO",30],["CPU",1],["IO",867],["CPU",596],["IO",26],["CPU",1],["IO",29],["CPU",596],["IO",21],["CPU",596],["IO",20],["CPU",596],["IO",30],["CPU",1],["IO",1307],["CPU",1],["IO",810],["CPU",596],["IO",854],["CPU",1],["IO",30],["CPU",596],["IO",841],["CPU",1],["IO",23],["CPU",1],["IO",1017],["CPU",1],["IO",20],["CPU",1],["IO",1005],["CPU",596],["IO",887],["CPU",596],["IO",27],["CPU",1],["IO",918],["CPU",1],["IO",941],["CPU",1],["IO",27],["CPU",1],["IO",24],["CPU",1],["IO",22],["CPU",1],["IO",21],["CPU",596],["IO",821],["CPU",596]]},{"arrivalTime":525266,"deadline":534108,"priority":"low","slices":[["CPU",700],["IO",21],["CPU",1],["IO",16],["CPU",700],["IO",81],["CPU",1],["IO",52],["CPU",700]]},{"arrivalTime":535378,"deadline":538687,"priority":"high","slices":[["CPU",808]]},{"arrivalTime":545437,"deadline":547633,"priority":"high","slices":[["CPU",1]]},{"arrivalTime":555428,"deadline":564171,"priority":"high","slices":[["CPU",608],["IO",73],["CPU",1],["IO",80],["CPU",608],["IO",13],["CPU",608],["IO",10],["CPU",1]]},{"arrivalTime":565438,"deadline":570740,"priority":"low","slices":[["CPU",1]]},{"arrivalTime":575543,"deadline":583214,"priority":"high","slices":[["CPU",216],["IO",591],["CPU",1]]},{"arrivalTime":585664,"deadline":587614,"priority":"high","slices":[["CPU",574]]},{"arrivalTime":595778,"deadline":603290,"priority":"low","slices":[["CPU",1],["IO",70],["CPU",1],["IO",54],["CPU",1],["IO",62],["CPU",1],["IO",11],["CPU",1],["IO",65],["CPU",26],["IO",12],["CPU",1],["IO",70],["CPU",1],["IO",11],["CPU",26],["IO",10],["CPU",26],["IO",59],["CPU",26],["IO",54],["CPU",26],["IO",48],["CPU",1],["IO",10],["CPU",26],["IO",50],["CPU",26],["IO",13],["CPU",1],["IO",55],["CPU",26],["IO",51],["CPU",1],["IO",70],["CPU",1],["IO",14],["CPU",26],["IO",11],["CPU",1],["IO",48],["CPU",26],["IO",14],["CPU",1],["IO",69],["CPU",26]]},{"arrivalTime":605948,"deadline":606642,"priority":"high","slices":[["CPU",1],["IO",82],["CPU",24]]},{"arrivalTime":616009,"deadline":621455,"priority":"high","slices":[["CPU",1644]]},{"arrivalTime":626080,"deadline":631669,"priority":"high","slices":[["CPU",1554]]},{"arrivalTime":636150,"deadline":642615,"priority":"high","slices":[["CPU",346],["IO",596],["CPU",1]]},{"arrivalTime":646304,"deadline":650276,"priority":"high","slices":[["CPU",1]]},{"arrivalTime":656399,"deadline":663296,"priority":"high","slices":[["CPU",144],["IO",763],["CPU",144]]},{"arrivalTime":666489,"deadline":721307,"priority":"high","slices":[["CPU",11522],["IO",121],["CPU",1]]},{"arrivalTime":676659,"deadline":679642,"priority":"high","slices":[["CPU",1]]},{"arrivalTime":686669,"deadline":709374,"priority":"low","slices":[["CPU",1],["IO",139],["CPU",2218],["IO",130],["CPU",2218]]},{"arrivalTime":696668,"deadline":750745,"priority":"high","slices":[["CPU",168],["IO",108],["CPU",168],["IO",91],["CPU",1],["IO",82],["CPU",1],["IO",98],["CPU",168],["IO",114],["CPU",1],["IO",616],["CPU",1],["IO",403],["CPU",168],["IO",433],["CPU",168],["IO",112],["CPU",168],["IO",404],["CPU",168],["IO",98],["CPU",1],["IO",100],["CPU",1],["IO",103],["CPU",1],["IO",109],["CPU",168],["IO",91],["CPU",1],["IO",524],["CPU",1],["IO",90],["CPU",1],["IO",602],["CPU",1],["IO",585],["CPU",1],["IO",95],["CPU",168],["IO",523],["CPU",168],["IO",109],["CPU",168],["IO",85],["CPU",1],["IO",96],["CPU",168],["IO",117],["CPU",168],["IO",89],["CPU",1],["IO",427],["CPU",1],["IO",431],["CPU",1],["IO",77],["CPU",1],["IO",457],["CPU",168]]},{"arrivalTime":706767,"deadline":712871,"priority":"high","slices":[["CPU",1]]},{"arrivalTime":716843,"deadline":739700,"priority":"high","slices":[["CPU",1372],["IO",31],["CPU",1],["IO",152],["CPU",1],["IO",231],["CPU",1372],["IO",68],["CPU",1]]},{"arrivalTime":726909,"deadline":729714,"priority":"high","slices":[["CPU",142],["IO",206],["CPU",1]]},{"arrivalTime":737019,"deadline":742707,"priority":"high","slices":[["CPU",1],["IO",701],["CPU",1]]},{"arrivalTime":747043,"deadline":756478,"priority":"high","slices":[["CPU",786],["IO",66],["CPU",786],["IO",104],["CPU",786],["IO",4],["CPU",1]]},{"arrivalTime":757046,"deadline":783891,"priority":"low","slices":[["CPU",194],["IO",205],["CPU",1],["IO",49],["CPU",1],["IO",41],["CPU",194],["IO",257],["CPU",194],["IO",54],["CPU",1],["IO",302],["CPU",194],["IO",56],["CPU",194],["IO",56],["CPU",194],["IO",41],["CPU",194],["IO",43],["CPU",194],["IO",319],["CPU",1],["IO",237],["CPU",1],["IO",208],["CPU",194],["IO",58],["CPU",194],["IO",43],["CPU",1],["IO",217],["CPU",1],["IO",326],["CPU",194],["IO",65],["CPU",194],["IO",237],["CPU",1],["IO",322],["CPU",194],["IO",59],["CPU",1],["IO",45],["CPU",194]]},{"arrivalTime":767138,"deadline":774154,"priority":"low","slices":[["CPU",1]]},{"arrivalTime":777223,"deadline":826395,"priority":"low","slices":[["CPU",260],["IO",96],["CPU",260],["IO",103],["CPU",260],["IO",67],["CPU",1],["IO",78],["CPU",260],["IO",69],["CPU",1],["IO",485],["CPU",1],["IO",560],["CPU",260],["IO",82],["CPU",1],["IO",377],["CPU",260],["IO",103],["CPU",260],["IO",495],["CPU",260],["IO",511],["CPU",260],["IO",93],["CPU",260],["IO",496],["CPU",1],["IO",75],["CPU",260],["IO",90],["CPU",1],["IO",411],["CPU",1],["IO",386],["CPU",260],["IO",487],["CPU",260],["IO",74],["CPU",1],["IO",441],["CPU",1],["IO",103],["CPU",260],["IO",105],["CPU",1],["IO",47],["CPU",1]]},{"arrivalTime":787441,"deadline":803136,"priority":"low","slices":[["CPU",1],["IO",126],["CPU",1],["IO",118],["CPU",192],["IO",117],["CPU",1],["IO",23],["CPU",1],["IO",25],["CPU",192],["IO",26],["CPU",192],["IO",35],["CPU",1],["IO",181],["CPU",1],["IO",180],["CPU",1],["IO",26],["CPU",1],["IO",124],["CPU",1],["IO",30],["CPU",192],["IO",27],["CPU",192],["IO",121],["CPU",192],["IO",148],["CPU",1],["IO",41],["CPU",192]]},{"arrivalTime":797607,"deadline":800453,"priority":"high","slices":[["CPU",54],["IO",285],["CPU",1]]},{"arrivalTime":807683,"deadline":815368,"priority":"low","slices":[["CPU",1]]},{"arrivalTime":817863,"deadline":822588,"priority":"low","slices":[["CPU",1048]]},{"arrivalTime":828107,"deadline":834450,"priority":"high","slices":[["CPU",1772]]},{"arrivalTime":838190,"deadline":875149,"priority":"low","slices":[["CPU",1],["IO",61],["CPU",1],["IO",230],["CPU",1],["IO",68],["CPU",1676],["IO",234],["CPU",1676],["IO",43],["CPU",1676]]},{"arrivalTime":848286,"deadline":856182,"priority":"high","slices":[["CPU",40],["IO",19],["CPU",40],["IO",18],["CPU",40],["IO",97],["CPU",40],["IO",12],["CPU",40],["IO",18],["CPU",1],["IO",99],["CPU",1],["IO",66],["CPU",40],["IO",19],["CPU",1],["IO",18],["CPU",1],["IO",16],["CPU",1],["IO",102],["CPU",40],["IO",17],["CPU",40],["IO",65],["CPU",1],["IO",64],["CPU",1],["IO",73],["CPU",1],["IO",83],["CPU",1],["IO",67],["CPU",1],["IO",66],["CPU",1],["IO",18],["CPU",40],["IO",19],["CPU",1],["IO",81],["CPU",40],["IO",89],["CPU",1],["IO",66],["CPU",1]]},{"arrivalTime":858311,"deadline":918782,"priority":"low","slices":[["CPU",2796],["IO",378],["CPU",1],["IO",79],["CPU",1],["IO",108],["CPU",1],["IO",111],["CPU",1],["IO",32],["CPU",1]]},{"arrivalTime":868355,"deadline":910650,"priority":"high","slices":[["CPU",2754],["IO",363],["CPU",2754],["IO",60],["CPU",2754],["IO",42],["CPU",1]]},{"arrivalTime":878368,"deadline":895214,"priority":"low","slices":[["CPU",1],["IO",115],["CPU",1],["IO",18],["CPU",1],["IO",108],["CPU",1],["IO",19],["CPU",1],["IO",87],["CPU",34],["IO",21],["CPU",34],["IO",101],["CPU",1],["IO",104],["CPU",34],["IO",90],["CPU",1],["IO",23],["CPU",34],["IO",28],["CPU",34],["IO",27],["CPU",34],["IO",91],["CPU",1],["IO",19],["CPU",34],["IO",135],["CPU",1],["IO",104],["CPU",1],["IO",18],["CPU",34],["IO",18],["CPU",34],["IO",24],["CPU",1],["IO",143],["CPU",34],["IO",19],["CPU",34],["IO",23],["CPU",34],["IO",93],["CPU",34],["IO",22],["CPU",1],["IO",19],["CPU",34],["IO",22],["CPU",34],["IO",28],["CPU",1],["IO",24],["CPU",1],["IO",23],["CPU",34],["IO",25],["CPU",34],["IO",26],["CPU",1],["IO",17],["CPU",34],["IO",103],["CPU",34]]},{"arrivalTime":888476,"deadline":950961,"priority":"high","slices":[["CPU",2800],["IO",114],["CPU",1],["IO",87],["CPU",2800],["IO",509],["CPU",2800],["IO",107],["CPU",2800],["IO",74],["CPU",2800]]},{"arrivalTime":898625,"deadline":905728,"priority":"low","slices":[["CPU",232],["IO",544],["CPU",232]]},{"arrivalTime":908693,"deadline":922078,"priority":"high","slices":[["CPU",418],["IO",17],["CPU",418],["IO",21],["CPU",418],["IO",18],["CPU",418],["IO",17],["CPU",418],["IO",85],["CPU",418],["IO",16],["CPU",418],["IO",33],["CPU",1]]},{"arrivalTime":918916,"deadline":920857,"priority":"low","slices":[["CPU",1],["IO",191],["CPU",1]]},{"arrivalTime":929105,"deadline":966054,"priority":"low","slices":[["CPU",1],["IO",72],["CPU",116],["IO",57],["CPU",116],["IO",57],["CPU",116],["IO",323],["CPU",116],["IO",279],["CPU",116],["IO",258],["CPU",116],["IO",82],["CPU",116],["IO",364],["CPU",1],["IO",259],["CPU",116],["IO",63],["CPU",1],["IO",81],["CPU",1],["IO",312],["CPU",1],["IO",59],["CPU",1],["IO",260],["CPU",1],["IO",51],["CPU",116],["IO",81],["CPU",116],["IO",352],["CPU",1],["IO",69],["CPU",1],["IO",251],["CPU",1],["IO",406],["CPU",1],["IO",379],["CPU",116],["IO",74],["CPU",1],["IO",73],["CPU",1],["IO",68],["CPU",116],["IO",53],["CPU",1],["IO",62],["CPU",1],["IO",310],["CPU",1],["IO",76],["CPU",116],["IO",80],["CPU",1]]},{"arrivalTime":939206,"deadline":971655,"priority":"low","slices":[["CPU",1],["IO",234],["CPU",1],["IO",58],["CPU",2308],["IO",269],["CPU",2308]]},{"arrivalTime":949287,"deadline":952803,"priority":"low","slices":[["CPU",1]]},{"arrivalTime":959437,"deadline":962623,"priority":"low","slices":[["CPU",84],["IO",281],["CPU",84]]},{"arrivalTime":969445,"deadline":1015200,"priority":"low","slices":[["CPU",1],["IO",76],["CPU",1],["IO",401],["CPU",1],["IO",69],["CPU",2610],["IO",82],["CPU",1]]},{"arrivalTime":979574,"deadline":986342,"priority":"high","slices":[["CPU",1]]},{"arrivalTime":989857,"deadline":997484,"priority":"high","slices":[["CPU",1]]},{"arrivalTime":999953,"deadline":1232425,"priority":"low","slices":[["CPU",1],["IO",42],["CPU",1734],["IO",1891],["CPU",1],["IO",57],["CPU",1],["IO",57],["CPU",1],["IO",2030],["CPU",1734],["IO",1453],["CPU",1],["IO",1669],["CPU",1734],["IO",2290],["CPU",1],["IO",38],["CPU",1],["IO",1988],["CPU",1734],["IO",39],["CPU",1734],["IO",52],["CPU",1],["IO",2346],["CPU",1734],["IO",45],["CPU",1734],["IO",42],["CPU",1],["IO",55],["CPU",1734],["IO",39],["CPU",1734],["IO",2214],["CPU",1734],["IO",1751],["CPU",1],["IO",46],["CPU",1],["IO",51],["CPU",1734],["IO",51],["CPU",1734],["IO",1529],["CPU",1734],["IO",43],["CPU",1],["IO",38],["CPU",1734],["IO",2158],["CPU",1734],["IO",41],["CPU",1734],["IO",742],["CPU",1]]}]
