[{"arrivalTime":0,"deadline":3499,"priority":"low","slices":[["CPU",1],["IO",430],["CPU",146]]},{"arrivalTime":267785,"deadline":271297,"priority":"low","slices":[["CPU",1]]},{"arrivalTime":295071,"deadline":300955,"priority":"high","slices":[["CPU",1],["IO",471],["CPU",1]]},{"arrivalTime":312341,"deadline":694159,"priority":"high","slices":[["CPU",1],["IO",667],["CPU",1]]},{"arrivalTime":325386,"deadline":351653,"priority":"high","slices":[["CPU",208],["IO",206],["CPU",208],["IO",249],["CPU",1],["IO",32],["CPU",1],["IO",238],["CPU",208],["IO",31],["CPU",1],["IO",37],["CPU",1],["IO",35],["CPU",1],["IO",49],["CPU",208],["IO",225],["CPU",1],["IO",45],["CPU",208],["IO",36],["CPU",1],["IO",187],["CPU",1],["IO",222],["CPU",1],["IO",227],["CPU",1],["IO",220],["CPU",208],["IO",39],["CPU",208],["IO",92],["CPU",1]]},{"arrivalTime":335935,"deadline":337018,"priority":"high","slices":[["CPU",1]]},{"arrivalTime":344933,"deadline":353318,"priority":"high","slices":[["CPU",1]]},{"arrivalTime":352894,"deadline":353867,"priority":"high","slices":[["CPU",1],["IO",91],["CPU",1]]},{"arrivalTime":360017,"deadline":364877,"priority":"low","slices":[["CPU",272],["IO",359],["CPU",1]]},{"arrivalTime":366448,"deadline":369707,"priority":"low","slices":[["CPU",1],["IO",314],["CPU",66]]},{"arrivalTime":372426,"deadline":403372,"priority":"low","slices":[["CPU",1],["IO",233],["CPU",1],["IO",40],["CPU",1],["IO",58],["CPU",210],["IO",268],["CPU",1],["IO",256],["CPU",210],["IO",52],["CPU",210],["IO",197],["CPU",1],["IO",260],["CPU",210],["IO",57],["CPU",1],["IO",52],["CPU",210],["IO",45],["CPU",210],["IO",298],["CPU",210],["IO",44],["CPU",1],["IO",48],["CPU",1],["IO",60],["CPU",210],["IO",47],["CPU",1],["IO",286],["CPU",1],["IO",46],["CPU",1],["IO",59],["CPU",210],["IO",299],["CPU",1],["IO",31],["CPU",210]]},{"arrivalTime":377949,"deadline":407194,"priority":"low","slices":[["CPU",1],["IO",36],["CPU",162],["IO",49],["CPU",1],["IO",268],["CPU",1],["IO",240],["CPU",162],["IO",247],["CPU",1],["IO",246],["CPU",1],["IO",48],["CPU",1],["IO",263],["CPU",162],["IO",190],["CPU",1],["IO",32],["CPU",1],["IO",38],["CPU",162],["IO",48],["CPU",162],["IO",167],["CPU",162],["IO",51],["CPU",1],["IO",43],["CPU",1],["IO",49],["CPU",1],["IO",196],["CPU",162],["IO",195],["CPU",1],["IO",35],["CPU",162],["IO",171],["CPU",162]]},{"arrivalTime":383122,"deadline":388174,"priority":"low","slices":[["CPU",1]]},{"arrivalTime":387994,"deadline":395171,"priority":"low","slices":[["CPU",350],["IO",498],["CPU",350]]},{"arrivalTime":392635,"deadline":414296,"priority":"high","slices":[["CPU",1],["IO",44],["CPU",1],["IO",253],["CPU",1850],["IO",169],["CPU",1]]},{"arrivalTime":397024,"deadline":431757,"priority":"high","slices":[["CPU",1],["IO",63],["CPU",396],["IO",295],["CPU",1],["IO",61],["CPU",1],["IO",50],["CPU",396],["IO",344],["CPU",1],["IO",277],["CPU",396],["IO",295],["CPU",396],["IO",244],["CPU",396],["IO",270],["CPU",1],["IO",327],["CPU",1],["IO",60],["CPU",396],["IO",254],["CPU",1],["IO",229],["CPU",1]]},{"arrivalTime":401247,"deadline":407774,"priority":"high","slices":[["CPU",1]]},{"arrivalTime":405295,"deadline":411667,"priority":"high","slices":[["CPU",1994]]},{"arrivalTime":409176,"deadline":412002,"priority":"low","slices":[["CPU",624]]},{"arrivalTime":412934,"deadline":418641,"priority":"high","slices":[["CPU",1148]]},{"arrivalTime":416597,"deadline":460526,"priority":"low","slices":[["CPU",1],["IO",82],["CPU",1],["IO",263],["CPU",1],["IO",328],["CPU",1]]},{"arrivalTime":420155,"deadline":422159,"priority":"low","slices":[["CPU",42],["IO",178],["CPU",42]]},{"arrivalTime":423597,"deadline":466682,"priority":"high","slices":[["CPU",1],["IO",434],["CPU",4698],["IO",297],["CPU",1]]},{"arrivalTime":426929,"deadline":428652,"priority":"high","slices":[["CPU",84],["IO",136],["CPU",1]]},{"arrivalTime":430195,"deadline":436189,"priority":"low","slices":[["CPU",1562]]},{"arrivalTime":433391,"deadline":440344,"priority":"high","slices":[["CPU",1],["IO",498],["CPU",1]]},{"arrivalTime":436506,"deadline":442682,"priority":"low","slices":[["CPU",1],["IO",420],["CPU",1]]},{"arrivalTime":439559,"deadline":618677,"priority":"high","slices":[["CPU",9952],["IO",54],["CPU",9952],["IO",50],["CPU",9952],["IO",50],["CPU",1],["IO",54],["CPU",9952],["IO",40],["CPU",9952],["IO",45],["CPU",1],["IO",50],["CPU",9952],["IO",115],["CPU",9952]]},{"arrivalTime":442573,"deadline":443959,"priority":"low","slices":[["CPU",318]]},{"arrivalTime":445527,"deadline":493240,"priority":"low","slices":[["CPU",314],["IO",63],["CPU",1],["IO",305],["CPU",314],["IO",61],["CPU",314],["IO",370],["CPU",1],["IO",72],["CPU",1],["IO",92],["CPU",314],["IO",68],["CPU",1],["IO",94],["CPU",1],["IO",362],["CPU",314],["IO",83],["CPU",1],["IO",73],["CPU",314],["IO",77],["CPU",314],["IO",80],["CPU",1],["IO",494],["CPU",1],["IO",68],["CPU",1],["IO",457],["CPU",314],["IO",332],["CPU",314],["IO",82],["CPU",314],["IO",474],["CPU",1],["IO",82],["CPU",1],["IO",475],["CPU",1],["IO",91],["CPU",314],["IO",10],["CPU",314]]},{"arrivalTime":448436,"deadline":452122,"priority":"low","slices":[["CPU",1],["IO",326],["CPU",92]]},{"arrivalTime":451319,"deadline":478413,"priority":"low","slices":[["CPU",164],["IO",66],["CPU",164],["IO",63],["CPU",1],["IO",272],["CPU",1],["IO",311],["CPU",1],["IO",303],["CPU",1],["IO",58],["CPU",164],["IO",345],["CPU",1],["IO",233],["CPU",164],["IO",284],["CPU",164],["IO",299],["CPU",1],["IO",252],["CPU",164],["IO",345],["CPU",1],["IO",331],["CPU",164],["IO",326],["CPU",1],["IO",320],["CPU",164],["IO",68],["CPU",164],["IO",264],["CPU",1],["IO",45],["CPU",1],["IO",45],["CPU",164]]},{"arrivalTime":454164,"deadline":460090,"priority":"high","slices":[["CPU",1282]]},{"arrivalTime":456966,"deadline":459532,"priority":"high","slices":[["CPU",826]]},{"arrivalTime":459724,"deadline":488839,"priority":"low","slices":[["CPU",1816],["IO",337],["CPU",1816],["IO",60],["CPU",1816],["IO",71],["CPU",1816],["IO",69],["CPU",1],["IO",31],["CPU",1]]},{"arrivalTime":462456,"deadline":966828,"priority":"high","slices":[["CPU",1],["IO",1078],["CPU",1]]},{"arrivalTime":465146,"deadline":485503,"priority":"high","slices":[["CPU",90],["IO",198],["CPU",1],["IO",43],["CPU",1],["IO",38],["CPU",90],["IO",191],["CPU",90],["IO",173],["CPU",90],["IO",148],["CPU",90],["IO",40],["CPU",1],["IO",39],["CPU",90],["IO",212],["CPU",90],["IO",34],["CPU",1],["IO",194],["CPU",90],["IO",36],["CPU",90],["IO",159],["CPU",90],["IO",26],["CPU",1],["IO",27],["CPU",90],["IO",186],["CPU",90],["IO",174],["CPU",1],["IO",193],["CPU",90],["IO",142],["CPU",1],["IO",36],["CPU",1],["IO",33],["CPU",90],["IO",183],["CPU",90]]},{"arrivalTime":467850,"deadline":469708,"priority":"high","slices":[["CPU",1],["IO",175],["CPU",1]]},{"arrivalTime":470535,"deadline":536434,"priority":"low","slices":[["CPU",1],["IO",348],["CPU",464],["IO",561],["CPU",1],["IO",106],["CPU",464],["IO",97],["CPU",1],["IO",361],["CPU",464],["IO",483],["CPU",1],["IO",498],["CPU",1],["IO",452],["CPU",1],["IO",73],["CPU",464],["IO",560],["CPU",1],["IO",394],["CPU",464],["IO",483],["CPU",464],["IO",112],["CPU",464],["IO",455],["CPU",1],["IO",331],["CPU",1]]},{"arrivalTime":473157,"deadline":475133,"priority":"high","slices":[["CPU",134],["IO",148],["CPU",134]]},{"arrivalTime":475778,"deadline":481496,"priority":"high","slices":[["CPU",274],["IO",564],["CPU",274]]},{"arrivalTime":478379,"deadline":492482,"priority":"high","slices":[["CPU",1],["IO",120],["CPU",1],["IO",23],["CPU",1],["IO",113],["CPU",1],["IO",23],["CPU",652],["IO",20],["CPU",652],["IO",9],["CPU",652]]},{"arrivalTime":480969,"deadline":485281,"priority":"high","slices":[["CPU",1102]]},{"arrivalTime":483542,"deadline":485047,"priority":"low","slices":[["CPU",454]]},{"arrivalTime":486098,"deadline":491083,"priority":"high","slices":[["CPU",1312]]},{"arrivalTime":488644,"deadline":506719,"priority":"low","slices":[["CPU",1],["IO",37],["CPU",1378],["IO",187],["CPU",1378],["IO",187],["CPU",1378],["IO",60],["CPU",1378]]},{"arrivalTime":491217,"deadline":517472,"priority":"high","slices":[["CPU",1],["IO",34],["CPU",1],["IO",41],["CPU",1518],["IO",207],["CPU",1518],["IO",169],["CPU",1]]},{"arrivalTime":493768,"deadline":503319,"priority":"high","slices":[["CPU",42],["IO",13],["CPU",42],["IO",18],["CPU",42],["IO",86],["CPU",1],["IO",66],["CPU",42],["IO",77],["CPU",42],["IO",16],["CPU",42],["IO",17],["CPU",42],["IO",80],["CPU",42],["IO",13],["CPU",42],["IO",93],["CPU",42],["IO",14],["CPU",1],["IO",99],["CPU",42],["IO",84],["CPU",42],["IO",18],["CPU",1],["IO",13],["CPU",42],["IO",63],["CPU",1],["IO",96],["CPU",42],["IO",99],["CPU",1],["IO",19],["CPU",42],["IO",101],["CPU",42],["IO",13],["CPU",1],["IO",63],["CPU",1]]},{"arrivalTime":496298,"deadline":540680,"priority":"low","slices":[["CPU",188],["IO",306],["CPU",188],["IO",304],["CPU",1],["IO",456],["CPU",1],["IO",329],["CPU",188],["IO",417],["CPU",188],["IO",59],["CPU",188],["IO",61],["CPU",188],["IO",70],["CPU",1],["IO",66],["CPU",188],["IO",417],["CPU",188],["IO",58],["CPU",1],["IO",430],["CPU",1],["IO",62],["CPU",188],["IO",93],["CPU",188],["IO",69],["CPU",1],["IO",287],["CPU",188],["IO",404],["CPU",188],["IO",72],["CPU",188],["IO",78],["CPU",188],["IO",71],["CPU",1],["IO",71],["CPU",1],["IO",331],["CPU",188],["IO",391],["CPU",1],["IO",250],["CPU",1]]},{"arrivalTime":498796,"deadline":503603,"priority":"high","slices":[["CPU",374],["IO",426],["CPU",1]]},{"arrivalTime":501334,"deadline":508417,"priority":"low","slices":[["CPU",1],["IO",615],["CPU",1]]},{"arrivalTime":503862,"deadline":529578,"priority":"low","slices":[["CPU",128],["IO",38],["CPU",1],["IO",138],["CPU",128],["IO",43],["CPU",1],["IO",204],["CPU",128],["IO",44],["CPU",1],["IO",183],["CPU",1],["IO",180],["CPU",1],["IO",35],["CPU",128],["IO",180],["CPU",1],["IO",39],["CPU",128],["IO",177],["CPU",128],["IO",220],["CPU",128],["IO",173],["CPU",128],["IO",41],["CPU",1],["IO",32],["CPU",1],["IO",188],["CPU",128],["IO",31],["CPU",1],["IO",29],["CPU",1],["IO",29],["CPU",128],["IO",39],["CPU",1],["IO",28],["CPU",1],["IO",101],["CPU",128]]},{"arrivalTime":506414,"deadline":514015,"priority":"high","slices":[["CPU",1694]]},{"arrivalTime":508973,"deadline":541299,"priority":"high","slices":[["CPU",1],["IO",226],["CPU",1],["IO",56],["CPU",1],["IO",341],["CPU",1],["IO",45],["CPU",1666],["IO",15],["CPU",1666]]},{"arrivalTime":511492,"deadline":516485,"priority":"low","slices":[["CPU",1010]]},{"arrivalTime":514028,"deadline":521631,"priority":"low","slices":[["CPU",1698]]},{"arrivalTime":516591,"deadline":534058,"priority":"low","slices":[["CPU",1],["IO",36],["CPU",922],["IO",37],["CPU",922],["IO",42],["CPU",1],["IO",41],["CPU",1],["IO",41],["CPU",1],["IO",144],["CPU",1]]},{"arrivalTime":519175,"deadline":522057,"priority":"high","slices":[["CPU",1]]},{"arrivalTime":521758,"deadline":571646,"priority":"low","slices":[["CPU",2544],["IO",103],["CPU",2544],["IO",527],["CPU",2544],["IO",93],["CPU",1],["IO",72],["CPU",1],["IO",271],["CPU",2544]]},{"arrivalTime":524351,"deadline":592379,"priority":"low","slices":[["CPU",1],["IO",365],["CPU",304],["IO",97],["CPU",1],["IO",119],["CPU",304],["IO",111],["CPU",304],["IO",99],["CPU",304],["IO",77],["CPU",304],["IO",577],["CPU",304],["IO",75],["CPU",1],["IO",112],["CPU",1],["IO",94],["CPU",1],["IO",98],["CPU",304],["IO",120],["CPU",1],["IO",454],["CPU",304],["IO",589],["CPU",304],["IO",105],["CPU",1],["IO",498],["CPU",304],["IO",390],["CPU",304],["IO",96],["CPU",304],["IO",84],["CPU",1],["IO",88],["CPU",1],["IO",507],["CPU",1],["IO",375],["CPU",304],["IO",119],["CPU",304],["IO",84],["CPU",304],["IO",79],["CPU",304],["IO",184],["CPU",1]]},{"arrivalTime":526967,"deadline":530061,"priority":"low","slices":[["CPU",768]]},{"arrivalTime":529600,"deadline":542960,"priority":"high","slices":[["CPU",1],["IO",16],["CPU",36],["IO",117],["CPU",1],["IO",81],["CPU",1],["IO",15],["CPU",1],["IO",75],["CPU",1],["IO",15],["CPU",36],["IO",91],["CPU",36],["IO",21],["CPU",1],["IO",22],["CPU",1],["IO",78],["CPU",36],["IO",20],["CPU",1],["IO",120],["CPU",1],["IO",18],["CPU",1],["IO",19],["CPU",36],["IO",21],["CPU",1],["IO",23],["CPU",1],["IO",18],["CPU",1],["IO",116],["CPU",36],["IO",21],["CPU",36],["IO",16],["CPU",1],["IO",17],["CPU",1],["IO",118],["CPU",1],["IO",80],["CPU",1],["IO",20],["CPU",1],["IO",107],["CPU",1],["IO",19],["CPU",1],["IO",23],["CPU",36],["IO",22],["CPU",36],["IO",20],["CPU",1],["IO",83],["CPU",1]]},{"arrivalTime":532270,"deadline":555527,"priority":"high","slices":[["CPU",130],["IO",43],["CPU",1],["IO",241],["CPU",1],["IO",216],["CPU",1],["IO",53],["CPU",1],["IO",44],["CPU",1],["IO",36],["CPU",130],["IO",173],["CPU",1],["IO",54],["CPU",1],["IO",208],["CPU",1],["IO",50],["CPU",130],["IO",208],["CPU",1],["IO",54],["CPU",1],["IO",53],["CPU",1],["IO",208],["CPU",130],["IO",40],["CPU",130],["IO",203],["CPU",130],["IO",51],["CPU",130],["IO",39],["CPU",130],["IO",190],["CPU",130],["IO",241],["CPU",130],["IO",50],["CPU",1],["IO",244],["CPU",130],["IO",43],["CPU",130],["IO",37],["CPU",1],["IO",39],["CPU",1],["IO",45],["CPU",1]]},{"arrivalTime":534944,"deadline":543981,"priority":"high","slices":[["CPU",1826]]},{"arrivalTime":537661,"deadline":582534,"priority":"high","slices":[["CPU",2808],["IO",111],["CPU",1],["IO",101],["CPU",1],["IO",524],["CPU",2808],["IO",74],["CPU",1],["IO",219],["CPU",2808]]},{"arrivalTime":540385,"deadline":542045,"priority":"low","slices":[["CPU",1],["IO",166],["CPU",1]]},{"arrivalTime":543137,"deadline":556753,"priority":"low","slices":[["CPU",716],["IO",16],["CPU",1],["IO",115],["CPU",1],["IO",18],["CPU",1],["IO",79],["CPU",1]]},{"arrivalTime":545932,"deadline":550682,"priority":"low","slices":[["CPU",366],["IO",424],["CPU",1]]},{"arrivalTime":548735,"deadline":595826,"priority":"low","slices":[["CPU",1],["IO",375],["CPU",1],["IO",58],["CPU",1],["IO",372],["CPU",1],["IO",304],["CPU",1],["IO",76],["CPU",294],["IO",377],["CPU",1],["IO",334],["CPU",294],["IO",58],["CPU",1],["IO",289],["CPU",294],["IO",86],["CPU",294],["IO",67],["CPU",294],["IO",87],["CPU",1],["IO",270],["CPU",1],["IO",447],["CPU",1],["IO",313],["CPU",1],["IO",71],["CPU",1],["IO",385],["CPU",1],["IO",87],["CPU",294],["IO",57],["CPU",294],["IO",5],["CPU",294]]},{"arrivalTime":551625,"deadline":554301,"priority":"low","slices":[["CPU",1],["IO",255],["CPU",1]]},{"arrivalTime":554559,"deadline":563204,"priority":"low","slices":[["CPU",1902]]},{"arrivalTime":557512,"deadline":562815,"priority":"low","slices":[["CPU",1]]},{"arrivalTime":560523,"deadline":619413,"priority":"high","slices":[["CPU",1846],["IO",107],["CPU",1846],["IO",412],["CPU",1846],["IO",84],["CPU",1846],["IO",71],["CPU",1],["IO",81],["CPU",1],["IO",82],["CPU",1],["IO",91],["CPU",1],["IO",92],["CPU",1]]},{"arrivalTime":563591,"deadline":901394,"priority":"high","slices":[["CPU",45142],["IO",62],["CPU",45142],["IO",563],["CPU",45142]]},{"arrivalTime":566714,"deadline":572472,"priority":"high","slices":[["CPU",1],["IO",575],["CPU",1]]},{"arrivalTime":569908,"deadline":577356,"priority":"low","slices":[["CPU",1],["IO",487],["CPU",1]]},{"arrivalTime":573152,"deadline":585876,"priority":"low","slices":[["CPU",1],["IO",19],["CPU",130],["IO",100],["CPU",130],["IO",25],["CPU",130],["IO",20],["CPU",130],["IO",138],["CPU",130],["IO",23],["CPU",1],["IO",22],["CPU",1],["IO",132],["CPU",1],["IO",119],["CPU",1],["IO",22],["CPU",1],["IO",146],["CPU",1],["IO",18],["CPU",1],["IO",27],["CPU",1],["IO",115],["CPU",1],["IO",26],["CPU",1],["IO",28],["CPU",1],["IO",20],["CPU",1],["IO",21],["CPU",1],["IO",50],["CPU",130]]},{"arrivalTime":576484,"deadline":578209,"priority":"high","slices":[["CPU",566]]},{"arrivalTime":579917,"deadline":584212,"priority":"low","slices":[["CPU",1],["IO",408],["CPU",194]]},{"arrivalTime":583450,"deadline":591441,"priority":"low","slices":[["CPU",754],["IO",72],["CPU",1],["IO",12],["CPU",1],["IO",65],["CPU",754]]},{"arrivalTime":587076,"deadline":592862,"priority":"low","slices":[["CPU",1],["IO",570],["CPU",244]]},{"arrivalTime":590823,"deadline":599488,"priority":"high","slices":[["CPU",1]]},{"arrivalTime":594746,"deadline":652109,"priority":"high","slices":[["CPU",180],["IO",94],["CPU",180],["IO",346],["CPU",180],["IO",87],["CPU",1],["IO",99],["CPU",180],["IO",384],["CPU",180],["IO",320],["CPU",1],["IO",439],["CPU",1],["IO",77],["CPU",1],["IO",83],["CPU",180],["IO",381],["CPU",1],["IO",494],["CPU",1],["IO",497],["CPU",180],["IO",62],["CPU",1],["IO",97],["CPU",1],["IO",68],["CPU",180],["IO",378],["CPU",180],["IO",505],["CPU",180],["IO",322],["CPU",180],["IO",88],["CPU",1],["IO",76],["CPU",1],["IO",91],["CPU",180],["IO",75],["CPU",1],["IO",434],["CPU",1],["IO",392],["CPU",180]]},{"arrivalTime":598816,"deadline":624851,"priority":"high","slices":[["CPU",1674],["IO",36],["CPU",1],["IO",45],["CPU",1],["IO",215],["CPU",1674],["IO",82],["CPU",1674]]},{"arrivalTime":603010,"deadline":611069,"priority":"high","slices":[["CPU",1],["IO",723],["CPU",164]]},{"arrivalTime":607450,"deadline":611779,"priority":"low","slices":[["CPU",1],["IO",421],["CPU",1]]},{"arrivalTime":612086,"deadline":619462,"priority":"high","slices":[["CPU",1],["IO",613],["CPU",226]]},{"arrivalTime":617006,"deadline":622313,"priority":"high","slices":[["CPU",1270]]},{"arrivalTime":622213,"deadline":630119,"priority":"low","slices":[["CPU",986],["IO",69],["CPU",986],["IO",57],["CPU",986]]},{"arrivalTime":627739,"deadline":653598,"priority":"low","slices":[["CPU",894],["IO",46],["CPU",1],["IO",43],["CPU",1],["IO",175],["CPU",1],["IO",42],["CPU",1],["IO",45],["CPU",1],["IO",40],["CPU",894],["IO",89],["CPU",1]]},{"arrivalTime":633678,"deadline":641280,"priority":"low","slices":[["CPU",1],["IO",409],["CPU",1]]},{"arrivalTime":640128,"deadline":645675,"priority":"low","slices":[["CPU",408],["IO",488],["CPU",408]]},{"arrivalTime":647202,"deadline":650774,"priority":"low","slices":[["CPU",1164]]},{"arrivalTime":655164,"deadline":661640,"priority":"low","slices":[["CPU",1],["IO",10],["CPU",274],["IO",14],["CPU",1],["IO",53],["CPU",1],["IO",12],["CPU",1],["IO",11],["CPU",1],["IO",47],["CPU",1],["IO",6],["CPU",274]]},{"arrivalTime":664223,"deadline":665774,"priority":"high","slices":[["CPU",1],["IO",131],["CPU",1]]},{"arrivalTime":674918,"deadline":713437,"priority":"low","slices":[["CPU",1],["IO",289],["CPU",2196],["IO",279],["CPU",2196],["IO",60],["CPU",1],["IO",47],["CPU",1]]},{"arrivalTime":688039,"deadline":688783,"priority":"low","slices":[["CPU",1],["IO",72],["CPU",1]]},{"arrivalTime":705526,"deadline":765893,"priority":"low","slices":[["CPU",1],["IO",382],["CPU",424],["IO",474],["CPU",1],["IO",338],["CPU",1],["IO",463],["CPU",1],["IO",77],["CPU",1],["IO",476],["CPU",424],["IO",451],["CPU",424],["IO",71],["CPU",424],["IO",477],["CPU",424],["IO",105],["CPU",1],["IO",76],["CPU",424],["IO",83],["CPU",1],["IO",339],["CPU",424],["IO",502],["CPU",424],["IO",89],["CPU",424],["IO",99],["CPU",424],["IO",96],["CPU",424],["IO",342],["CPU",1]]},{"arrivalTime":733304,"deadline":740843,"priority":"low","slices":[["CPU",1724]]}]
