[{"arrivalTime":0,"deadline":10662,"priority":"low","slices":[["CPU",50],["IO",128],["CPU",50],["IO",89],["CPU",50],["IO",106],["CPU",1],["IO",23],["CPU",1],["IO",123],["CPU",50],["IO",20],["CPU",50],["IO",109],["CPU",50],["IO",123],["CPU",50],["IO",101],["CPU",1],["IO",124],["CPU",1],["IO",20],["CPU",50],["IO",18],["CPU",50],["IO",108],["CPU",1],["IO",98],["CPU",1],["IO",126],["CPU",50],["IO",91],["CPU",50],["IO",19],["CPU",1],["IO",28],["CPU",1],["IO",18],["CPU",1],["IO",21],["CPU",50],["IO",22],["CPU",1],["IO",94],["CPU",50],["IO",120],["CPU",50]]},{"arrivalTime":10155,"deadline":11348,"priority":"low","slices":[["CPU",38],["IO",158],["CPU",1]]},{"arrivalTime":20246,"deadline":21271,"priority":"low","slices":[["CPU",1]]},{"arrivalTime":30327,"deadline":42724,"priority":"low","slices":[["CPU",1],["IO",123],["CPU",1],["IO",32],["CPU",56],["IO",145],["CPU",1],["IO",144],["CPU",56],["IO",22],["CPU",1],["IO",147],["CPU",56],["IO",27],["CPU",56],["IO",146],["CPU",56],["IO",28],["CPU",56],["IO",111],["CPU",1],["IO",105],["CPU",56],["IO",156],["CPU",56],["IO",100],["CPU",56],["IO",29],["CPU",1],["IO",26],["CPU",56],["IO",30],["CPU",1],["IO",155],["CPU",1],["IO",163],["CPU",56],["IO",22],["CPU",1],["IO",29],["CPU",1],["IO",31],["CPU",1],["IO",109],["CPU",56],["IO",29],["CPU",1],["IO",2],["CPU",56]]},{"arrivalTime":40372,"deadline":41987,"priority":"high","slices":[["CPU",764]]},{"arrivalTime":50428,"deadline":52811,"priority":"low","slices":[["CPU",114],["IO",429],["CPU",114]]},{"arrivalTime":60570,"deadline":63833,"priority":"high","slices":[["CPU",190],["IO",634],["CPU",190]]},{"arrivalTime":70633,"deadline":92488,"priority":"high","slices":[["CPU",1124],["IO",48],["CPU",1],["IO",48],["CPU",1124],["IO",51],["CPU",1],["IO",249],["CPU",1124],["IO",50],["CPU",1124],["IO",63],["CPU",1],["IO",44],["CPU",1],["IO",49],["CPU",1124]]},{"arrivalTime":80841,"deadline":83050,"priority":"high","slices":[["CPU",1]]},{"arrivalTime":91038,"deadline":114078,"priority":"low","slices":[["CPU",176],["IO",356],["CPU",1],["IO",64],["CPU",176],["IO",368],["CPU",176],["IO",308],["CPU",176],["IO",48],["CPU",176],["IO",60],["CPU",1],["IO",365],["CPU",176],["IO",343],["CPU",1],["IO",402],["CPU",1],["IO",80],["CPU",176],["IO",265],["CPU",1],["IO",252],["CPU",176],["IO",52],["CPU",176],["IO",275],["CPU",1],["IO",66],["CPU",1],["IO",62],["CPU",1],["IO",58],["CPU",1],["IO",286],["CPU",176],["IO",334],["CPU",1],["IO",286],["CPU",176],["IO",259],["CPU",1]]},{"arrivalTime":101148,"deadline":102633,"priority":"low","slices":[["CPU",1]]},{"arrivalTime":111315,"deadline":147674,"priority":"high","slices":[["CPU",480],["IO",522],["CPU",1],["IO",541],["CPU",480],["IO",99],["CPU",480],["IO",89],["CPU",1],["IO",534],["CPU",1],["IO",356],["CPU",480],["IO",467],["CPU",1],["IO",343],["CPU",480],["IO",481],["CPU",480],["IO",90],["CPU",480],["IO",91],["CPU",480],["IO",481],["CPU",1],["IO",76],["CPU",1],["IO",97],["CPU",480],["IO",107],["CPU",1],["IO",356],["CPU",1],["IO",95],["CPU",480]]},{"arrivalTime":121429,"deadline":125405,"priority":"high","slices":[["CPU",1]]},{"arrivalTime":131561,"deadline":167830,"priority":"low","slices":[["CPU",426],["IO",92],["CPU",426],["IO",70],["CPU",1],["IO",70],["CPU",1],["IO",92],["CPU",426],["IO",377],["CPU",426],["IO",96],["CPU",426],["IO",67],["CPU",426],["IO",74],["CPU",1],["IO",72],["CPU",1],["IO",441],["CPU",426],["IO",320],["CPU",426],["IO",83],["CPU",1],["IO",400],["CPU",1],["IO",373],["CPU",1],["IO",417],["CPU",426],["IO",446],["CPU",1],["IO",371],["CPU",426],["IO",13],["CPU",1]]},{"arrivalTime":141762,"deadline":142646,"priority":"low","slices":[["CPU",380]]},{"arrivalTime":151810,"deadline":154258,"priority":"low","slices":[["CPU",1262]]},{"arrivalTime":161970,"deadline":163425,"priority":"low","slices":[["CPU",1]]},{"arrivalTime":172134,"deadline":426677,"priority":"low","slices":[["CPU",1],["IO",3150],["CPU",3220],["IO",4297],["CPU",3220],["IO",80],["CPU",1],["IO",3963],["CPU",1],["IO",88],["CPU",1],["IO",88],["CPU",3220],["IO",2806],["CPU",1],["IO",84],["CPU",1],["IO",4493],["CPU",1],["IO",3837],["CPU",3220],["IO",3959],["CPU",3220],["IO",90],["CPU",3220],["IO",69],["CPU",1],["IO",81],["CPU",3220],["IO",3389],["CPU",3220],["IO",3462],["CPU",3220],["IO",100],["CPU",3220],["IO",3911],["CPU",1],["IO",103],["CPU",1],["IO",2724],["CPU",3220],["IO",69],["CPU",1],["IO",3327],["CPU",3220],["IO",3387],["CPU",3220],["IO",109],["CPU",3220],["IO",606],["CPU",3220]]},{"arrivalTime":182235,"deadline":186315,"priority":"low","slices":[["CPU",1],["IO",451],["CPU",1]]},{"arrivalTime":192295,"deadline":193896,"priority":"low","slices":[["CPU",538]]},{"arrivalTime":202287,"deadline":203017,"priority":"high","slices":[["CPU",1],["IO",109],["CPU",1]]},{"arrivalTime":212425,"deadline":215472,"priority":"high","slices":[["CPU",1190]]},{"arrivalTime":222545,"deadline":226540,"priority":"high","slices":[["CPU",1384]]},{"arrivalTime":232629,"deadline":240822,"priority":"high","slices":[["CPU",104],["IO",102],["CPU",1],["IO",84],["CPU",104],["IO",18],["CPU",1],["IO",21],["CPU",104],["IO",18],["CPU",104],["IO",80],["CPU",1],["IO",90],["CPU",1],["IO",24],["CPU",104],["IO",88],["CPU",104],["IO",22],["CPU",1],["IO",19],["CPU",1],["IO",15],["CPU",104],["IO",120],["CPU",104],["IO",106],["CPU",1],["IO",85],["CPU",104],["IO",20],["CPU",104],["IO",16],["CPU",104],["IO",16],["CPU",104],["IO",16],["CPU",104],["IO",37],["CPU",1]]},{"arrivalTime":242678,"deadline":259186,"priority":"high","slices":[["CPU",76],["IO",251],["CPU",1],["IO",161],["CPU",1],["IO",230],["CPU",76],["IO",35],["CPU",76],["IO",49],["CPU",76],["IO",211],["CPU",76],["IO",175],["CPU",1],["IO",35],["CPU",76],["IO",45],["CPU",1],["IO",167],["CPU",1],["IO",33],["CPU",1],["IO",49],["CPU",76],["IO",45],["CPU",76],["IO",52],["CPU",1],["IO",242],["CPU",1],["IO",50],["CPU",1],["IO",185],["CPU",1],["IO",39],["CPU",1],["IO",49],["CPU",1],["IO",171],["CPU",1],["IO",44],["CPU",76],["IO",48],["CPU",76],["IO",39],["CPU",1],["IO",35],["CPU",76],["IO",43],["CPU",1],["IO",228],["CPU",1],["IO",45],["CPU",1],["IO",232],["CPU",1],["IO",50],["CPU",1],["IO",10],["CPU",76]]},{"arrivalTime":252769,"deadline":275979,"priority":"high","slices":[["CPU",1],["IO",87],["CPU",1],["IO",346],["CPU",432],["IO",83],["CPU",432],["IO",475],["CPU",1],["IO",358],["CPU",432],["IO",346],["CPU",1],["IO",464],["CPU",1],["IO",347],["CPU",1],["IO",95],["CPU",432],["IO",84],["CPU",1],["IO",65],["CPU",432],["IO",59],["CPU",432],["IO",90],["CPU",1],["IO",391],["CPU",432],["IO",91],["CPU",1],["IO",74],["CPU",1],["IO",364],["CPU",1]]},{"arrivalTime":262854,"deadline":291455,"priority":"high","slices":[["CPU",1924],["IO",71],["CPU",1924],["IO",62],["CPU",1],["IO",63],["CPU",1924],["IO",277],["CPU",1924],["IO",89],["CPU",1],["IO",19],["CPU",1924]]},{"arrivalTime":272903,"deadline":274228,"priority":"high","slices":[["CPU",66],["IO",186],["CPU",1]]},{"arrivalTime":283036,"deadline":467895,"priority":"high","slices":[["CPU",1],["IO",48],["CPU",1700],["IO",2581],["CPU",1700],["IO",2558],["CPU",1],["IO",1606],["CPU",1],["IO",2470],["CPU",1],["IO",51],["CPU",1],["IO",2080],["CPU",1700],["IO",55],["CPU",1],["IO",59],["CPU",1700],["IO",2238],["CPU",1700],["IO",1613],["CPU",1700],["IO",1574],["CPU",1700],["IO",2035],["CPU",1700],["IO",63],["CPU",1],["IO",61],["CPU",1700],["IO",56],["CPU",1],["IO",46],["CPU",1700],["IO",62],["CPU",1700],["IO",47],["CPU",1700],["IO",40],["CPU",1],["IO",51],["CPU",1],["IO",55],["CPU",1700],["IO",2032],["CPU",1700],["IO",2396],["CPU",1700],["IO",2145],["CPU",1],["IO",44],["CPU",1700],["IO",63],["CPU",1700],["IO",61],["CPU",1700],["IO",786],["CPU",1700]]},{"arrivalTime":293278,"deadline":294766,"priority":"low","slices":[["CPU",580]]},{"arrivalTime":303421,"deadline":309669,"priority":"low","slices":[["CPU",1],["IO",126],["CPU",1],["IO",24],["CPU",1],["IO",16],["CPU",1],["IO",18],["CPU",1],["IO",124],["CPU",72],["IO",81],["CPU",72],["IO",22],["CPU",72],["IO",16],["CPU",72],["IO",107],["CPU",72],["IO",24],["CPU",1],["IO",109],["CPU",1],["IO",104],["CPU",1],["IO",17],["CPU",72],["IO",78],["CPU",72],["IO",88],["CPU",1],["IO",24],["CPU",72],["IO",82],["CPU",72],["IO",18],["CPU",72],["IO",22],["CPU",72],["IO",20],["CPU",1],["IO",24],["CPU",72],["IO",83],["CPU",1]]},{"arrivalTime":313623,"deadline":318923,"priority":"high","slices":[["CPU",1800]]},{"arrivalTime":323623,"deadline":365808,"priority":"low","slices":[["CPU",1],["IO",95],["CPU",1],["IO",365],["CPU",1],["IO",329],["CPU",1],["IO",77],["CPU",2608],["IO",41],["CPU",1]]},{"arrivalTime":333734,"deadline":334419,"priority":"high","slices":[["CPU",1],["IO",110],["CPU",24]]},{"arrivalTime":343792,"deadline":348023,"priority":"low","slices":[["CPU",236],["IO",651],["CPU",236]]},{"arrivalTime":353906,"deadline":356881,"priority":"high","slices":[["CPU",220],["IO",454],["CPU",1]]},{"arrivalTime":364008,"deadline":390394,"priority":"low","slices":[["CPU",1],["IO",490],["CPU",1],["IO",95],["CPU",3666],["IO",455],["CPU",3666]]},{"arrivalTime":374092,"deadline":375693,"priority":"high","slices":[["CPU",1]]},{"arrivalTime":384224,"deadline":391698,"priority":"low","slices":[["CPU",38],["IO",80],["CPU",38],["IO",72],["CPU",38],["IO",18],["CPU",38],["IO",90],["CPU",1],["IO",18],["CPU",38],["IO",79],["CPU",1],["IO",13],["CPU",38],["IO",92],["CPU",38],["IO",79],["CPU",38],["IO",14],["CPU",38],["IO",80],["CPU",1],["IO",16],["CPU",38],["IO",15],["CPU",1],["IO",18],["CPU",38],["IO",84],["CPU",38],["IO",64],["CPU",38],["IO",78],["CPU",38],["IO",66],["CPU",1],["IO",17],["CPU",38],["IO",62],["CPU",1],["IO",76],["CPU",1]]},{"arrivalTime":394284,"deadline":395950,"priority":"high","slices":[["CPU",76],["IO",273],["CPU",1]]},{"arrivalTime":404401,"deadline":406657,"priority":"low","slices":[["CPU",1],["IO",269],["CPU",1]]},{"arrivalTime":414452,"deadline":420068,"priority":"low","slices":[["CPU",1],["IO",579],["CPU",1]]},{"arrivalTime":424638,"deadline":428342,"priority":"high","slices":[["CPU",1]]},{"arrivalTime":434750,"deadline":437048,"priority":"high","slices":[["CPU",1],["IO",314],["CPU",98]]},{"arrivalTime":444813,"deadline":446813,"priority":"low","slices":[["CPU",1],["IO",256],["CPU",1]]},{"arrivalTime":454949,"deadline":457312,"priority":"high","slices":[["CPU",1],["IO",306],["CPU",154]]},{"arrivalTime":464886,"deadline":466604,"priority":"low","slices":[["CPU",616]]},{"arrivalTime":474805,"deadline":490815,"priority":"high","slices":[["CPU",1],["IO",217],["CPU",1],["IO",36],["CPU",1444],["IO",33],["CPU",1444],["IO",160],["CPU",1]]},{"arrivalTime":484812,"deadline":488038,"priority":"low","slices":[["CPU",1272]]},{"arrivalTime":494990,"deadline":501547,"priority":"low","slices":[["CPU",560],["IO",18],["CPU",1],["IO",65],["CPU",560],["IO",11],["CPU",1],["IO",71],["CPU",560]]},{"arrivalTime":505111,"deadline":507359,"priority":"high","slices":[["CPU",1]]},{"arrivalTime":515153,"deadline":516882,"priority":"low","slices":[["CPU",644]]},{"arrivalTime":525225,"deadline":548407,"priority":"low","slices":[["CPU",2890],["IO",234],["CPU",1],["IO",229],["CPU",2890]]},{"arrivalTime":535328,"deadline":557019,"priority":"high","slices":[["CPU",1],["IO",251],["CPU",262],["IO",50],["CPU",1],["IO",57],["CPU",1],["IO",294],["CPU",1],["IO",69],["CPU",262],["IO",63],["CPU",1],["IO",236],["CPU",262],["IO",270],["CPU",262],["IO",337],["CPU",1],["IO",367],["CPU",1],["IO",53],["CPU",1],["IO",290],["CPU",262],["IO",243],["CPU",1],["IO",333],["CPU",262],["IO",297],["CPU",1],["IO",61],["CPU",1],["IO",286],["CPU",262],["IO",177],["CPU",262]]},{"arrivalTime":545402,"deadline":571646,"priority":"low","slices":[["CPU",2184],["IO",83],["CPU",1],["IO",80],["CPU",2184],["IO",55],["CPU",1],["IO",392],["CPU",1],["IO",15],["CPU",1]]},{"arrivalTime":555544,"deadline":557693,"priority":"high","slices":[["CPU",898]]},{"arrivalTime":565542,"deadline":582750,"priority":"high","slices":[["CPU",98],["IO",37],["CPU",98],["IO",206],["CPU",1],["IO",37],["CPU",1],["IO",212],["CPU",98],["IO",232],["CPU",98],["IO",173],["CPU",98],["IO",37],["CPU",1],["IO",228],["CPU",1],["IO",45],["CPU",1],["IO",230],["CPU",98],["IO",32],["CPU",98],["IO",37],["CPU",98],["IO",45],["CPU",98],["IO",191],["CPU",98],["IO",161],["CPU",1],["IO",236],["CPU",98],["IO",42],["CPU",98],["IO",188],["CPU",98],["IO",43],["CPU",1],["IO",36],["CPU",98],["IO",32],["CPU",1],["IO",180],["CPU",98],["IO",56],["CPU",1]]},{"arrivalTime":575519,"deadline":581845,"priority":"low","slices":[["CPU",578],["IO",83],["CPU",578],["IO",23],["CPU",578],["IO",23],["CPU",1],["IO",14],["CPU",1],["IO",39],["CPU",578]]},{"arrivalTime":585574,"deadline":616569,"priority":"high","slices":[["CPU",3254],["IO",76],["CPU",3254],["IO",342],["CPU",1],["IO",106],["CPU",3254],["IO",442],["CPU",1]]},{"arrivalTime":595658,"deadline":602523,"priority":"high","slices":[["CPU",1],["IO",69],["CPU",88],["IO",74],["CPU",1],["IO",17],["CPU",1],["IO",71],["CPU",1],["IO",109],["CPU",1],["IO",15],["CPU",1],["IO",107],["CPU",88],["IO",18],["CPU",88],["IO",18],["CPU",1],["IO",16],["CPU",1],["IO",19],["CPU",1],["IO",100],["CPU",1],["IO",83],["CPU",1],["IO",14],["CPU",88],["IO",15],["CPU",1],["IO",76],["CPU",88],["IO",95],["CPU",1],["IO",31],["CPU",88]]},{"arrivalTime":605790,"deadline":611755,"priority":"high","slices":[["CPU",58],["IO",16],["CPU",1],["IO",14],["CPU",58],["IO",76],["CPU",1],["IO",16],["CPU",1],["IO",75],["CPU",1],["IO",94],["CPU",1],["IO",13],["CPU",58],["IO",17],["CPU",58],["IO",71],["CPU",1],["IO",86],["CPU",1],["IO",94],["CPU",58],["IO",80],["CPU",58],["IO",70],["CPU",1],["IO",17],["CPU",58],["IO",13],["CPU",58],["IO",67],["CPU",58],["IO",63],["CPU",58],["IO",59],["CPU",58],["IO",12],["CPU",1],["IO",8],["CPU",1]]},{"arrivalTime":615867,"deadline":629996,"priority":"low","slices":[["CPU",1094],["IO",32],["CPU",1094],["IO",217],["CPU",1094],["IO",34],["CPU",1094],["IO",36],["CPU",1],["IO",48],["CPU",1],["IO",45],["CPU",1094]]},{"arrivalTime":626056,"deadline":628073,"priority":"high","slices":[["CPU",804]]},{"arrivalTime":636193,"deadline":877215,"priority":"high","slices":[["CPU",1],["IO",543],["CPU",1]]},{"arrivalTime":646362,"deadline":647713,"priority":"low","slices":[["CPU",1],["IO",151],["CPU",1]]},{"arrivalTime":656388,"deadline":659453,"priority":"low","slices":[["CPU",1],["IO",433],["CPU",136]]},{"arrivalTime":666530,"deadline":670388,"priority":"low","slices":[["CPU",1],["IO",562],["CPU",1]]},{"arrivalTime":676670,"deadline":679764,"priority":"low","slices":[["CPU",1]]},{"arrivalTime":686758,"deadline":687471,"priority":"low","slices":[["CPU",1],["IO",125],["CPU",1]]},{"arrivalTime":696960,"deadline":702462,"priority":"high","slices":[["CPU",414],["IO",472],["CPU",1]]},{"arrivalTime":707070,"deadline":707816,"priority":"high","slices":[["CPU",1]]},{"arrivalTime":717277,"deadline":718233,"priority":"high","slices":[["CPU",82],["IO",157],["CPU",1]]},{"arrivalTime":727351,"deadline":744603,"priority":"low","slices":[["CPU",72],["IO",173],["CPU",72],["IO",36],["CPU",1],["IO",48],["CPU",1],["IO",46],["CPU",1],["IO",33],["CPU",1],["IO",36],["CPU",1],["IO",38],["CPU",72],["IO",38],["CPU",1],["IO",170],["CPU",72],["IO",177],["CPU",1],["IO",42],["CPU",1],["IO",231],["CPU",1],["IO",42],["CPU",1],["IO",175],["CPU",72],["IO",148],["CPU",1],["IO",46],["CPU",1],["IO",34],["CPU",72],["IO",36],["CPU",72],["IO",173],["CPU",1],["IO",37],["CPU",1],["IO",30],["CPU",1],["IO",47],["CPU",72],["IO",235],["CPU",1],["IO",37],["CPU",72],["IO",29],["CPU",72],["IO",148],["CPU",1],["IO",210],["CPU",1],["IO",170],["CPU",72],["IO",41],["CPU",1],["IO",62],["CPU",1]]},{"arrivalTime":737546,"deadline":738949,"priority":"high","slices":[["CPU",134],["IO",185],["CPU",1]]},{"arrivalTime":747712,"deadline":749675,"priority":"low","slices":[["CPU",170],["IO",237],["CPU",1]]},{"arrivalTime":757760,"deadline":761030,"priority":"high","slices":[["CPU",1],["IO",637],["CPU",1]]},{"arrivalTime":767816,"deadline":770267,"priority":"high","slices":[["CPU",1076]]},{"arrivalTime":777950,"deadline":778600,"priority":"high","slices":[["CPU",1]]},{"arrivalTime":787967,"deadline":790336,"priority":"high","slices":[["CPU",194],["IO",352],["CPU",194]]},{"arrivalTime":798064,"deadline":798538,"priority":"low","slices":[["CPU",1]]},{"arrivalTime":808156,"deadline":833709,"priority":"high","slices":[["CPU",1],["IO",263],["CPU",1976],["IO",44],["CPU",1976],["IO",59],["CPU",1976],["IO",89],["CPU",1]]},{"arrivalTime":818325,"deadline":821858,"priority":"low","slices":[["CPU",1618]]},{"arrivalTime":828522,"deadline":830997,"priority":"high","slices":[["CPU",1]]},{"arrivalTime":838731,"deadline":841738,"priority":"low","slices":[["CPU",1]]},{"arrivalTime":849002,"deadline":851545,"priority":"low","slices":[["CPU",1]]},{"arrivalTime":859144,"deadline":1059750,"priority":"high","slices":[["CPU",1],["IO",97],["CPU",1762],["IO",77],["CPU",1],["IO",64],["CPU",1762],["IO",62],["CPU",1],["IO",82],["CPU",1762],["IO",2549],["CPU",1],["IO",74],["CPU",1762],["IO",103],["CPU",1],["IO",3937],["CPU",1],["IO",3668],["CPU",1],["IO",86],["CPU",1762],["IO",3839],["CPU",1],["IO",3816],["CPU",1],["IO",98],["CPU",1762],["IO",87],["CPU",1],["IO",76],["CPU",1762],["IO",3821],["CPU",1],["IO",72],["CPU",1],["IO",92],["CPU",1762],["IO",92],["CPU",1],["IO",102],["CPU",1],["IO",3862],["CPU",1],["IO",2891],["CPU",1762],["IO",68],["CPU",1762],["IO",79],["CPU",1],["IO",4141],["CPU",1762],["IO",86],["CPU",1762],["IO",2677],["CPU",1],["IO",3464],["CPU",1],["IO",2672],["CPU",1],["IO",3271],["CPU",1762],["IO",72],["CPU",1],["IO",70],["CPU",1762],["IO",3906],["CPU",1762],["IO",92],["CPU",1],["IO",1112],["CPU",1762]]},{"arrivalTime":869158,"deadline":871345,"priority":"low","slices":[["CPU",1],["IO",234],["CPU",196]]},{"arrivalTime":879255,"deadline":914533,"priority":"low","slices":[["CPU",484],["IO",395],["CPU",1],["IO",443],["CPU",484],["IO",394],["CPU",1],["IO",70],["CPU",1],["IO",428],["CPU",1],["IO",71],["CPU",484],["IO",413],["CPU",1],["IO",285],["CPU",1],["IO",431],["CPU",1],["IO",89],["CPU",1],["IO",59],["CPU",484],["IO",382],["CPU",1],["IO",63],["CPU",1],["IO",92],["CPU",484],["IO",19],["CPU",1]]},{"arrivalTime":889407,"deadline":915285,"priority":"low","slices":[["CPU",1],["IO",354],["CPU",2810],["IO",84],["CPU",1],["IO",340],["CPU",1],["IO",111],["CPU",1]]},{"arrivalTime":899474,"deadline":900673,"priority":"low","slices":[["CPU",1],["IO",186],["CPU",36]]},{"arrivalTime":909572,"deadline":937557,"priority":"low","slices":[["CPU",1],["IO",448],["CPU",1],["IO",10],["CPU",280],["IO",433],["CPU",1],["IO",10],["CPU",1],["IO",7],["CPU",280],["IO",358],["CPU",1],["IO",7],["CPU",1],["IO",9],["CPU",280],["IO",517],["CPU",280],["IO",12],["CPU",280],["IO",512],["CPU",280],["IO",438],["CPU",1],["IO",426],["CPU",1],["IO",12],["CPU",280],["IO",11],["CPU",1],["IO",9],["CPU",1],["IO",530],["CPU",1],["IO",10],["CPU",280],["IO",459],["CPU",1],["IO",11],["CPU",280],["IO",490],["CPU",1],["IO",319],["CPU",1],["IO",377],["CPU",1],["IO",12],["CPU",1],["IO",11],["CPU",1],["IO",456],["CPU",1],["IO",8],["CPU",280],["IO",382],["CPU",280],["IO",157],["CPU",1]]},{"arrivalTime":919676,"deadline":924709,"priority":"high","slices":[["CPU",1]]},{"arrivalTime":929853,"deadline":933511,"priority":"high","slices":[["CPU",1]]},{"arrivalTime":939879,"deadline":941004,"priority":"high","slices":[["CPU",1],["IO",152],["CPU",1]]},{"arrivalTime":949985,"deadline":960767,"priority":"high","slices":[["CPU",118],["IO",112],["CPU",1],["IO",90],["CPU",118],["IO",127],["CPU",1],["IO",26],["CPU",118],["IO",117],["CPU",118],["IO",21],["CPU",118],["IO",25],["CPU",1],["IO",23],["CPU",1],["IO",19],["CPU",1],["IO",25],["CPU",118],["IO",122],["CPU",1],["IO",21],["CPU",1],["IO",135],["CPU",1],["IO",21],["CPU",1],["IO",25],["CPU",118],["IO",117],["CPU",1],["IO",20],["CPU",1],["IO",25],["CPU",118],["IO",67],["CPU",118]]},{"arrivalTime":960177,"deadline":1204861,"priority":"high","slices":[["CPU",1],["IO",4050],["CPU",2374],["IO",109],["CPU",1],["IO",4526],["CPU",1],["IO",78],["CPU",2374],["IO",98],["CPU",2374],["IO",92],["CPU",1],["IO",3633],["CPU",1],["IO",3311],["CPU",2374],["IO",3881],["CPU",1],["IO",99],["CPU",2374],["IO",3670],["CPU",1],["IO",89],["CPU",2374],["IO",4037],["CPU",2374],["IO",113],["CPU",2374],["IO",3938],["CPU",2374],["IO",103],["CPU",1],["IO",88],["CPU",1],["IO",114],["CPU",2374],["IO",103],["CPU",2374],["IO",3995],["CPU",1],["IO",3885],["CPU",1],["IO",4449],["CPU",2374],["IO",69],["CPU",2374],["IO",79],["CPU",1],["IO",3570],["CPU",2374],["IO",111],["CPU",1],["IO",86],["CPU",1],["IO",90],["CPU",1],["IO",4274],["CPU",1],["IO",103],["CPU",2374],["IO",1538],["CPU",1]]},{"arrivalTime":970220,"deadline":1000774,"priority":"low","slices":[["CPU",1],["IO",444],["CPU",172],["IO",411],["CPU",172],["IO",79],["CPU",172],["IO",291],["CPU",172],["IO",401],["CPU",172],["IO",84],["CPU",1],["IO",76],["CPU",1],["IO",326],["CPU",172],["IO",433],["CPU",172],["IO",333],["CPU",172],["IO",64],["CPU",172],["IO",87],["CPU",172],["IO",375],["CPU",172],["IO",469],["CPU",172],["IO",61],["CPU",172],["IO",413],["CPU",1],["IO",86],["CPU",1],["IO",431],["CPU",172],["IO",62],["CPU",172],["IO",58],["CPU",172],["IO",341],["CPU",172],["IO",203],["CPU",172]]},{"arrivalTime":980325,"deadline":981283,"priority":"high","slices":[["CPU",1]]},{"arrivalTime":990435,"deadline":1019028,"priority":"high","slices":[["CPU",1],["IO",325],["CPU",216],["IO",337],["CPU",216],["IO",381],["CPU",216],["IO",350],["CPU",1],["IO",61],["CPU",1],["IO",58],["CPU",1],["IO",393],["CPU",1],["IO",448],["CPU",216],["IO",64],["CPU",1],["IO",381],["CPU",1],["IO",370],["CPU",1],["IO",82],["CPU",216],["IO",91],["CPU",1],["IO",374],["CPU",1],["IO",315],["CPU",1],["IO",86],["CPU",216],["IO",458],["CPU",216],["IO",59],["CPU",1],["IO",412],["CPU",1],["IO",75],["CPU",1],["IO",91],["CPU",1]]}]
